{"python.activeStateToolPath.description":"Caminho para o executável State Tool para tempos de execução do ActiveState (versão 0.36+).","python.autoComplete.extraPaths.description":"Lista de caminhos para bibliotecas e semelhantes que precisam ser importados pelo mecanismo de preenchimento automático. Por exemplo, ao usar o SDK do Google App, os caminhos não estão no caminho do sistema, portanto, precisam ser adicionados a esta lista.","python.command.python.analysis.restartLanguageServer.title":"Reiniciar o Servidor de Linguagem","python.command.python.clearCacheAndReload.title":"Limpar Cache e Recarregar Janela","python.command.python.clearWorkspaceInterpreter.title":"Limpar a Configuração do Interpretador do Espaço de Trabalho","python.command.python.configureTests.title":"Configurar Testes","python.command.python.createEnvironment.title":"Criar Ambiente...","python.command.python.createNewFile.title":"Novo Arquivo do Python","python.command.python.createTerminal.title":"Criar Terminal","python.command.python.debugInTerminal.title":"Depurar Arquivo do Python","python.command.python.enableLinting.title":"Habilitar/Desabilitar Linting","python.command.python.enableSourceMapSupport.title":"Habilitar o Suporte ao SourceMap para Depuração da Extensão","python.command.python.execInDedicatedTerminal.title":"Executar Arquivo Python no Terminal Dedicado","python.command.python.execInTerminal.title":"Executar o Arquivo do Python no Terminal","python.command.python.execInTerminalIcon.title":"Executar Arquivo do Python","python.command.python.execSelectionInDjangoShell.title":"Executar a Seleção/Linha no Shell do Django","python.command.python.execSelectionInTerminal.title":"Executar a Seleção/Linha no Terminal do Python","python.command.python.installJupyter.title":"Instalar a extensão do Jupyter","python.command.python.launchTensorBoard.title":"Iniciar Tensorboard","python.command.python.refreshTensorBoard.title":"Atualizar o TensorBoard","python.command.python.reportIssue.title":"Relatar um Problema...","python.command.python.runLinting.title":"Executar o Linting","python.command.python.setInterpreter.title":"Selecionar Interpretador","python.command.python.setLinter.title":"Selecionar Linter","python.command.python.sortImports.title":"Classificar Importações","python.command.python.startREPL.title":"Iniciar REPL","python.command.python.viewLanguageServerOutput.title":"Mostrar a Saída do Servidor de Linguagem","python.command.python.viewOutput.title":"Mostrar Saída","python.command.testing.rerunFailedTests.title":"Executar Novamente os Testes com Falha","python.condaPath.description":"Caminho para o executável do Conda a ser usado para ativação (versão 4.4+).","python.createEnvironment.contentButton.description":"Mostre ou oculte o botão Criar ambiente no editor para `requirements.txt` ou outros arquivos de dependência.","python.defaultInterpreterPath.description":"Caminho para Python padrão a ser usado quando a extensão é carregada pela primeira vez, não é mais usado quando um interpretador é selecionado para o espaço de trabalho. Veja [aqui](https://aka.ms/AAfekmf) para entender quando isso é usado","python.diagnostics.sourceMapsEnabled.description":"Habilite suporte para source map para rastreamentos de pilha significativos em logs de erros.","python.editor.context.submenu.runPython":"Executar Python","python.editor.context.submenu.runPythonInteractive":"Executar em Janela interativa","python.envFile.description":"Caminho absoluto para um arquivo que contém as definições de variável de ambiente.","python.experiments.All.description":"Lista combinada de todos os experimentos.","python.experiments.enabled.description":"Habilita experimentos de testes A/B na extensão do Python. Se habilitado, você poderá ser incluído em aprimoramentos e/ou recursos propostos.","python.experiments.optInto.description":"Lista de experimentos para participar. Se estiver vazio, o usuário receberá os grupos experimentais padrão. Consulte [aqui](https://github.com/microsoft/vscode-python/wiki/AB-Experiments) para mais detalhes.","python.experiments.optOutFrom.description":"Lista de experimentos para desativar. Se estiver vazio, o usuário receberá os grupos experimentais padrão. Consulte [aqui](https://github.com/microsoft/vscode-python/wiki/AB-Experiments) para obter mais detalhes.","python.experiments.pythonPromptNewToolsExt.description":"Denota o experimento Python Prompt New Tools Extension.","python.experiments.pythonSurveyNotification.description":"Denota o experimento Python Survey Notification.","python.experiments.pythonTerminalEnvVarActivation.description":"Habilite o uso de variáveis de ambiente para ativar terminais em vez de enviar comandos de ativação.","python.experiments.pythonTestAdapter.description":"Denota o experimento Python Test Adapter.","python.formatting.autopep8Args.deprecationMessage":"Essa configuração será preterida em breve. Use a extensão Autopep8. Saiba mais aqui: https://aka.ms/AAlgvkb.","python.formatting.autopep8Args.description":"Argumentos passados. Cada argumento é um item separado na matriz.","python.formatting.autopep8Args.markdownDeprecationMessage":"Essa configuração será preterida em breve. Use a [extensão Autopep8](https://marketplace.visualstudio.com/items?itemName=ms-python.autopep8). <br>Saiba mais [aqui](https://aka.ms/AAlgvkb).","python.formatting.autopep8Path.deprecationMessage":"Essa configuração será preterida em breve. Use a extensão Autopep8. Saiba mais aqui: https://aka.ms/AAlgvkb.","python.formatting.autopep8Path.description":"Caminho para o autopep8. Você pode usar uma versão personalizada do autopep8, modificando esta configuração para incluir o caminho completo.","python.formatting.autopep8Path.markdownDeprecationMessage":"Essa configuração será preterida em breve. Use a [extensão Autopep8](https://marketplace.visualstudio.com/items?itemName=ms-python.autopep8). <br>Saiba mais [aqui](https://aka.ms/AAlgvkb).","python.formatting.blackArgs.deprecationMessage":"Essa configuração será preterida em breve. Use a extensão Black Formatter. Saiba mais aqui: https://aka.ms/AAlgvkb.","python.formatting.blackArgs.description":"Argumentos passados. Cada argumento é um item separado na matriz.","python.formatting.blackArgs.markdownDeprecationMessage":"Essa configuração será preterida em breve. Use a [extensão Black Formatter](https://marketplace.visualstudio.com/items?itemName=ms-python.black-formatter). <br>Saiba mais [aqui](https://aka.ms/AAlgvkb).","python.formatting.blackPath.deprecationMessage":"Essa configuração será preterida em breve. Use a extensão Black Formatter. Saiba mais aqui: https://aka.ms/AAlgvkb.","python.formatting.blackPath.description":"Caminho para o Black. Você pode usar uma versão personalizada do Black, modificando esta configuração para incluir o caminho completo.","python.formatting.blackPath.markdownDeprecationMessage":"Essa configuração será preterida em breve. Use a [extensão Black Formatter](https://marketplace.visualstudio.com/items?itemName=ms-python.black-formatter). <br>Saiba mais [aqui](https://aka.ms/AAlgvkb).","python.formatting.provider.deprecationMessage":"Essa configuração será preterida em breve. Use a extensão Autopep8 e a extensão Black Formatter. Saiba mais aqui: https://aka.ms/AAlgvkb.","python.formatting.provider.description":"Provedor para formatação. As opções possíveis incluem 'autopep8', 'black' e 'yapf'.","python.formatting.provider.markdownDeprecationMessage":"Essa configuração será preterida em breve. Use a [extensão Autopep8](https://marketplace.visualstudio.com/items?itemName=ms-python.autopep8) ou a [extensão Black Formatter](https://marketplace.visualstudio.com/items?itemName=ms-python.black-formattter). <br>Saiba mais [aqui](https://aka.ms/AAlgvkb).","python.formatting.yapfArgs.deprecationMessage":"O suporte ao Yapf será preterido em breve. Saiba mais aqui: https://aka.ms/AAlgvkb.","python.formatting.yapfArgs.description":"Argumentos passados. Cada argumento é um item separado na matriz.","python.formatting.yapfArgs.markdownDeprecationMessage":"O suporte ao Yapf será preterido em breve. Saiba mais [aqui](https://aka.ms/AAlgvkb).","python.formatting.yapfPath.deprecationMessage":"O suporte ao Yapf será preterido em breve. Saiba mais aqui: https://aka.ms/AAlgvkb.","python.formatting.yapfPath.description":"Caminho para o yapf. Você pode usar uma versão personalizada do yapf, modificando esta configuração para incluir o caminho completo.","python.formatting.yapfPath.markdownDeprecationMessage":"O suporte ao Yapf será preterido em breve. <br>Saiba mais [aqui](https://aka.ms/AAlgvkb).","python.globalModuleInstallation.description":"Se os módulos do Python devem ser instalados globalmente quando não estiverem usando um ambiente.","python.interpreter.infoVisibility.always.description":"Sempre exibir informações.","python.interpreter.infoVisibility.description":"Controla quando exibir informações do interpretador selecionado na barra de status.","python.interpreter.infoVisibility.never.description":"Nunca exibir informações.","python.interpreter.infoVisibility.onPythonRelated.description":"Exibir informações somente se arquivos relacionados ao Python forem abertos.","python.languageServer.defaultDescription":"Selecione automaticamente um servidor de linguagem: Pylance, se instalado e disponível, caso contrário, faça fallback para Jedi.","python.languageServer.description":"Define o tipo do servidor de linguagem.","python.languageServer.jediDescription":"Use o Jedi por trás do protocolo LSP (Language Server Protocol) como um servidor de linguagem.","python.languageServer.noneDescription":"Desabilitar recursos do servidor de linguagem.","python.languageServer.pylanceDescription":"Use Pylance como um servidor de linguagem.","python.linting.banditArgs.deprecationMessage":"O suporte ao Bandit será preterido em breve. Saiba mais aqui: https://aka.ms/AAlgvkb.","python.linting.banditArgs.description":"Argumentos passados. Cada argumento é um item separado na matriz.","python.linting.banditArgs.markdownDeprecationMessage":"O suporte ao Bandit será preterido em breve. Saiba mais [aqui](https://aka.ms/AAlgvkb).","python.linting.banditEnabled.deprecationMessage":"O suporte ao Bandit será preterido em breve. Saiba mais aqui: https://aka.ms/AAlgvkb.","python.linting.banditEnabled.description":"Se for para executar o lint em arquivos Python usando bandit.","python.linting.banditEnabled.markdownDeprecationMessage":"O suporte ao Bandit será preterido em breve. Saiba mais [aqui](https://aka.ms/AAlgvkb).","python.linting.banditPath.deprecationMessage":"O suporte ao Bandit será preterido em breve. Saiba mais aqui: https://aka.ms/AAlgvkb.","python.linting.banditPath.description":"Caminho para o bandit. Você pode usar uma versão personalizada do bandit, modificando esta configuração para incluir o caminho completo.","python.linting.banditPath.markdownDeprecationMessage":"O suporte ao Bandit será preterido em breve. Saiba mais [aqui](https://aka.ms/AAlgvkb).","python.linting.cwd.deprecationMessage":"Essa configuração será preterida em breve. Saiba mais aqui: https://aka.ms/AAlgvkb.","python.linting.cwd.description":"Diretório de trabalho opcional para linters.","python.linting.cwd.markdownDeprecationMessage":"Essa configuração será preterida em breve. Saiba mais [aqui](https://aka.ms/AAlgvkb).","python.linting.enabled.deprecationMessage":"Essa configuração será preterida em breve. Saiba mais aqui: https://aka.ms/AAlgvkb.","python.linting.enabled.description":"Se for para executar o lint em arquivos Python.","python.linting.enabled.markdownDeprecationMessage":"Essa configuração será preterida em breve. Saiba mais [aqui](https://aka.ms/AAlgvkb).","python.linting.flake8Args.deprecationMessage":"Essa configuração será preterida em breve. Use a extensão Flake8. Saiba mais aqui: https://aka.ms/AAlgvkb.","python.linting.flake8Args.description":"Argumentos passados. Cada argumento é um item separado na matriz.","python.linting.flake8Args.markdownDeprecationMessage":"Essa configuração será preterida em breve. Use a [extensão Flake8](https://marketplace.visualstudio.com/items?itemName=ms-python.flake8). <br>Saiba mais [aqui](https://aka.ms/AAlgvkb).","python.linting.flake8CategorySeverity.E.deprecationMessage":"Essa configuração será preterida em breve. Use a extensão Flake8. Saiba mais aqui: https://aka.ms/AAlgvkb.","python.linting.flake8CategorySeverity.E.description":"Gravidade do tipo de mensagem 'E' do Flake8.","python.linting.flake8CategorySeverity.E.markdownDeprecationMessage":"Essa configuração será preterida em breve. Use a [extensão Flake8](https://marketplace.visualstudio.com/items?itemName=ms-python.flake8). <br>Saiba mais [aqui](https://aka.ms/AAlgvkb).","python.linting.flake8CategorySeverity.F.deprecationMessage":"Essa configuração será preterida em breve. Use a extensão Flake8. Saiba mais aqui: https://aka.ms/AAlgvkb.","python.linting.flake8CategorySeverity.F.description":"Gravidade do tipo de mensagem 'F' do Flake8.","python.linting.flake8CategorySeverity.F.markdownDeprecationMessage":"Essa configuração será preterida em breve. Use a [extensão Flake8](https://marketplace.visualstudio.com/items?itemName=ms-python.flake8). <br>Saiba mais [aqui](https://aka.ms/AAlgvkb).","python.linting.flake8CategorySeverity.W.deprecationMessage":"Essa configuração será preterida em breve. Use a extensão Flake8. Saiba mais aqui: https://aka.ms/AAlgvkb.","python.linting.flake8CategorySeverity.W.description":"Gravidade do tipo de mensagem 'W' do Flake8.","python.linting.flake8CategorySeverity.W.markdownDeprecationMessage":"Essa configuração será preterida em breve. Use a [extensão Flake8](https://marketplace.visualstudio.com/items?itemName=ms-python.flake8). <br>Saiba mais [aqui](https://aka.ms/AAlgvkb).","python.linting.flake8Enabled.deprecationMessage":"Essa configuração será preterida em breve. Use a extensão Flake8. Saiba mais aqui: https://aka.ms/AAlgvkb.","python.linting.flake8Enabled.description":"Se for para executar o lint em arquivos Python usando flake8.","python.linting.flake8Enabled.markdownDeprecationMessage":"Essa configuração será preterida em breve. Use a [extensão Flake8](https://marketplace.visualstudio.com/items?itemName=ms-python.flake8). <br>Saiba mais [aqui](https://aka.ms/AAlgvkb).","python.linting.flake8Path.deprecationMessage":"Essa configuração será preterida em breve. Use a extensão Flake8. Saiba mais aqui: https://aka.ms/AAlgvkb.","python.linting.flake8Path.description":"Caminho para o flake8. Você pode usar uma versão personalizada do flake8, modificando esta configuração para incluir o caminho completo.","python.linting.flake8Path.markdownDeprecationMessage":"Essa configuração será preterida em breve. Use a [extensão Flake8](https://marketplace.visualstudio.com/items?itemName=ms-python.flake8). <br>Saiba mais [aqui](https://aka.ms/AAlgvkb).","python.linting.ignorePatterns.deprecationMessage":"Essa configuração será preterida em breve. Saiba mais aqui: https://aka.ms/AAlgvkb.","python.linting.ignorePatterns.description":"Padrões usados para excluir arquivos ou pastas de terem o lint executado.","python.linting.ignorePatterns.markdownDeprecationMessage":"Essa configuração será preterida em breve. Saiba mais [aqui](https://aka.ms/AAlgvkb).","python.linting.lintOnSave.deprecationMessage":"Essa configuração será preterida em breve. Saiba mais aqui: https://aka.ms/AAlgvkb.","python.linting.lintOnSave.description":"Se for para executar o lint em arquivos Python ao salvar.","python.linting.lintOnSave.markdownDeprecationMessage":"Essa configuração será preterida em breve. Saiba mais [aqui](https://aka.ms/AAlgvkb).","python.linting.maxNumberOfProblems.deprecationMessage":"Essa configuração será preterida em breve. Saiba mais aqui: https://aka.ms/AAlgvkb.","python.linting.maxNumberOfProblems.description":"Controla o número máximo de problemas produzidos pelo servidor.","python.linting.maxNumberOfProblems.markdownDeprecationMessage":"Essa configuração será preterida em breve. Saiba mais [aqui](https://aka.ms/AAlgvkb).","python.linting.mypyArgs.deprecationMessage":"Essa configuração será preterida em breve. Use a extensão Mypy Type Checker. Saiba mais aqui: https://aka.ms/AAlgvkb.","python.linting.mypyArgs.description":"Argumentos passados. Cada argumento é um item separado na matriz.","python.linting.mypyArgs.markdownDeprecationMessage":"Essa configuração será preterida em breve. Use a [extensão Mypy Type Checker](https://marketplace.visualstudio.com/items?itemName=ms-python.mypy-type-checker). <br>Saiba mais [aqui](https://aka.ms/AAlgvkb).","python.linting.mypyCategorySeverity.error.deprecationMessage":"Essa configuração será preterida em breve. Use a extensão Mypy Type Checker. Saiba mais aqui: https://aka.ms/AAlgvkb.","python.linting.mypyCategorySeverity.error.description":"Gravidade do tipo de mensagem 'Error' do Mypy.","python.linting.mypyCategorySeverity.error.markdownDeprecationMessage":"Essa configuração será preterida em breve. Use a [extensão Mypy Type Checker](https://marketplace.visualstudio.com/items?itemName=ms-python.mypy-type-checker). <br>Saiba mais [aqui](https://aka.ms/AAlgvkb).","python.linting.mypyCategorySeverity.note.deprecationMessage":"Essa configuração será preterida em breve. Use a extensão Mypy Type Checker. Saiba mais aqui: https://aka.ms/AAlgvkb.","python.linting.mypyCategorySeverity.note.description":"Gravidade do tipo de mensagem 'Note' do Mypy.","python.linting.mypyCategorySeverity.note.markdownDeprecationMessage":"Essa configuração será preterida em breve. Use a [extensão Mypy Type Checker](https://marketplace.visualstudio.com/items?itemName=ms-python.mypy-type-checker). <br>Saiba mais [aqui](https://aka.ms/AAlgvkb).","python.linting.mypyEnabled.deprecationMessage":"Essa configuração será preterida em breve. Use a extensão Mypy Type Checker. Saiba mais aqui: https://aka.ms/AAlgvkb.","python.linting.mypyEnabled.description":"Se for para executar o lint em arquivos Python usando mypy.","python.linting.mypyEnabled.markdownDeprecationMessage":"Essa configuração será preterida em breve. Use a [extensão Mypy Type Checker](https://marketplace.visualstudio.com/items?itemName=ms-python.mypy-type-checker). <br>Saiba mais [aqui](https://aka.ms/AAlgvkb).","python.linting.mypyPath.deprecationMessage":"Essa configuração será preterida em breve. Use a extensão Mypy Type Checker. Saiba mais aqui: https://aka.ms/AAlgvkb.","python.linting.mypyPath.description":"Caminho para o mypy. Você pode usar uma versão personalizada do mypy, modificando esta configuração para incluir o caminho completo.","python.linting.mypyPath.markdownDeprecationMessage":"Essa configuração será preterida em breve. Use a [extensão Mypy Type Checker](https://marketplace.visualstudio.com/items?itemName=ms-python.mypy-type-checker). <br>Saiba mais [aqui](https://aka.ms/AAlgvkb).","python.linting.prospectorArgs.deprecationMessage":"O suporte ao Prospector será preterido em breve. Saiba mais aqui: https://aka.ms/AAlgvkb.","python.linting.prospectorArgs.description":"Argumentos passados. Cada argumento é um item separado na matriz.","python.linting.prospectorArgs.markdownDeprecationMessage":"O suporte ao Prospector será preterido em breve. Saiba mais [aqui](https://aka.ms/AAlgvkb).","python.linting.prospectorEnabled.deprecationMessage":"O suporte ao Prospector será preterido em breve. Saiba mais aqui: https://aka.ms/AAlgvkb.","python.linting.prospectorEnabled.description":"Se for para executar o lint em arquivos Python usando prospector.","python.linting.prospectorEnabled.markdownDeprecationMessage":"O suporte ao Prospector será preterido em breve. Saiba mais [aqui](https://aka.ms/AAlgvkb).","python.linting.prospectorPath.deprecationMessage":"O suporte ao Prospector será preterido em breve. Saiba mais aqui: https://aka.ms/AAlgvkb.","python.linting.prospectorPath.description":"Caminho para o Prospector. Você pode usar uma versão personalizada do prospector, modificando esta configuração para incluir o caminho completo.","python.linting.prospectorPath.markdownDeprecationMessage":"O suporte ao Prospector será preterido em breve. Saiba mais [aqui](https://aka.ms/AAlgvkb).","python.linting.pycodestyleArgs.deprecationMessage":"O suporte ao Pycodestyle será preterido em breve. Saiba mais aqui: https://aka.ms/AAlgvkb.","python.linting.pycodestyleArgs.description":"Argumentos passados. Cada argumento é um item separado na matriz.","python.linting.pycodestyleArgs.markdownDeprecationMessage":"O suporte ao Pycodestyle será preterido em breve. Saiba mais [aqui](https://aka.ms/AAlgvkb).","python.linting.pycodestyleCategorySeverity.E.deprecationMessage":"O suporte ao Pycodestyle será preterido em breve. Saiba mais aqui: https://aka.ms/AAlgvkb.","python.linting.pycodestyleCategorySeverity.E.description":"Gravidade do tipo de mensagem 'E' do pycodestyle.","python.linting.pycodestyleCategorySeverity.E.markdownDeprecationMessage":"O suporte ao Pycodestyle será preterido em breve. Saiba mais [aqui](https://aka.ms/AAlgvkb).","python.linting.pycodestyleCategorySeverity.W.deprecationMessage":"O suporte ao Pycodestyle será preterido em breve. Saiba mais aqui: https://aka.ms/AAlgvkb.","python.linting.pycodestyleCategorySeverity.W.description":"Gravidade do tipo de mensagem 'W' do pycodestyle.","python.linting.pycodestyleCategorySeverity.W.markdownDeprecationMessage":"O suporte ao Pycodestyle será preterido em breve. Saiba mais [aqui](https://aka.ms/AAlgvkb).","python.linting.pycodestyleEnabled.deprecationMessage":"O suporte ao Pycodestyle será preterido em breve. Saiba mais aqui: https://aka.ms/AAlgvkb.","python.linting.pycodestyleEnabled.description":"Se for para executar o lint em arquivos Python usando pycodestyle.","python.linting.pycodestyleEnabled.markdownDeprecationMessage":"O suporte ao Pycodestyle será preterido em breve. Saiba mais [aqui](https://aka.ms/AAlgvkb).","python.linting.pycodestylePath.deprecationMessage":"O suporte ao Pycodestyle será preterido em breve. Saiba mais aqui: https://aka.ms/AAlgvkb.","python.linting.pycodestylePath.description":"Caminho para o pycodestyle. Você pode usar uma versão personalizada do pycodestyle, modificando esta configuração para incluir o caminho completo.","python.linting.pycodestylePath.markdownDeprecationMessage":"O suporte ao Pycodestyle será preterido em breve. Saiba mais [aqui](https://aka.ms/AAlgvkb).","python.linting.pydocstyleArgs.deprecationMessage":"O suporte ao Pydocstyle será preterido em breve. Saiba mais aqui: https://aka.ms/AAlgvkb.","python.linting.pydocstyleArgs.description":"Argumentos passados. Cada argumento é um item separado na matriz.","python.linting.pydocstyleArgs.markdownDeprecationMessage":"O suporte ao Pydocstyle será preterido em breve. Saiba mais [aqui](https://aka.ms/AAlgvkb).","python.linting.pydocstyleEnabled.deprecationMessage":"O suporte ao Pydocstyle será preterido em breve. Saiba mais aqui: https://aka.ms/AAlgvkb.","python.linting.pydocstyleEnabled.description":"Se for para executar o lint em arquivos Python usando pydocstyle.","python.linting.pydocstyleEnabled.markdownDeprecationMessage":"O suporte ao Pydocstyle será preterido em breve. Saiba mais [aqui](https://aka.ms/AAlgvkb).","python.linting.pydocstylePath.deprecationMessage":"O suporte ao Pydocstyle será preterido em breve. Saiba mais aqui: https://aka.ms/AAlgvkb.","python.linting.pydocstylePath.description":"Caminho para o pydocstyle. Você pode usar uma versão personalizada do pydocstyle, modificando esta configuração para incluir o caminho completo.","python.linting.pydocstylePath.markdownDeprecationMessage":"O suporte ao Pydocstyle será preterido em breve. Saiba mais [aqui](https://aka.ms/AAlgvkb).","python.linting.pylamaArgs.deprecationMessage":"O suporte ao Pylama será preterido em breve. Saiba mais aqui: https://aka.ms/AAlgvkb.","python.linting.pylamaArgs.description":"Argumentos passados. Cada argumento é um item separado na matriz.","python.linting.pylamaArgs.markdownDeprecationMessage":"O suporte ao Pylama será preterido em breve. Saiba mais [aqui](https://aka.ms/AAlgvkb).","python.linting.pylamaEnabled.deprecationMessage":"O suporte ao Pylama será preterido em breve. Saiba mais aqui: https://aka.ms/AAlgvkb.","python.linting.pylamaEnabled.description":"Se for para executar o lint em arquivos Python usando pylama.","python.linting.pylamaEnabled.markdownDeprecationMessage":"O suporte ao Pylama será preterido em breve. Saiba mais [aqui](https://aka.ms/AAlgvkb).","python.linting.pylamaPath.deprecationMessage":"O suporte ao Pylama será preterido em breve. Saiba mais aqui: https://aka.ms/AAlgvkb.","python.linting.pylamaPath.description":"Caminho para o pylama. Você pode usar uma versão personalizada do pylama, modificando esta configuração para incluir o caminho completo.","python.linting.pylamaPath.markdownDeprecationMessage":"O suporte ao Pylama será preterido em breve. Saiba mais [aqui](https://aka.ms/AAlgvkb).","python.linting.pylintArgs.deprecationMessage":"Essa configuração será preterida em breve. Certifique-se de usar a extensão Pylint. Saiba mais aqui: https://aka.ms/AAlgvkb.","python.linting.pylintArgs.description":"Argumentos passados. Cada argumento é um item separado na matriz.","python.linting.pylintArgs.markdownDeprecationMessage":"Essa configuração será preterida em breve. Certifique-se de usar a [extensão Pylint](https://marketplace.visualstudio.com/items?itemName=ms-python.pylint). <br>Learn more [here](https://aka.ms/AAlgvkb).","python.linting.pylintCategorySeverity.convention.deprecationMessage":"Essa configuração será preterida em breve. Certifique-se de usar a extensão Pylint. Saiba mais aqui: https://aka.ms/AAlgvkb.","python.linting.pylintCategorySeverity.convention.description":"Gravidade do tipo de mensagem 'Convention/C' do Pylint.","python.linting.pylintCategorySeverity.convention.markdownDeprecationMessage":"Essa configuração será preterida em breve. Certifique-se de usar a [extensão Pylint](https://marketplace.visualstudio.com/items?itemName=ms-python.pylint). <br>Learn more [here](https://aka.ms/AAlgvkb).","python.linting.pylintCategorySeverity.error.deprecationMessage":"Essa configuração será preterida em breve. Certifique-se de usar a extensão Pylint. Saiba mais aqui: https://aka.ms/AAlgvkb.","python.linting.pylintCategorySeverity.error.description":"Gravidade do tipo de mensagem 'Error/E' do Pylint.","python.linting.pylintCategorySeverity.error.markdownDeprecationMessage":"Essa configuração será preterida em breve. Certifique-se de usar a [extensão Pylint](https://marketplace.visualstudio.com/items?itemName=ms-python.pylint). <br>Learn more [here](https://aka.ms/AAlgvkb).","python.linting.pylintCategorySeverity.fatal.deprecationMessage":"Essa configuração será preterida em breve. Certifique-se de usar a extensão Pylint. Saiba mais aqui: https://aka.ms/AAlgvkb.","python.linting.pylintCategorySeverity.fatal.description":"Gravidade do tipo de mensagem 'Error/F' do Pylint.","python.linting.pylintCategorySeverity.fatal.markdownDeprecationMessage":"Essa configuração será preterida em breve. Certifique-se de usar a [extensão Pylint](https://marketplace.visualstudio.com/items?itemName=ms-python.pylint). <br>Learn more [here](https://aka.ms/AAlgvkb).","python.linting.pylintCategorySeverity.refactor.deprecationMessage":"Essa configuração será preterida em breve. Certifique-se de usar a extensão Pylint. Saiba mais aqui: https://aka.ms/AAlgvkb.","python.linting.pylintCategorySeverity.refactor.description":"Gravidade do tipo de mensagem 'Refactor/R' do Pylint.","python.linting.pylintCategorySeverity.refactor.markdownDeprecationMessage":"Essa configuração será preterida em breve. Use a [extensão Pylint](https://marketplace.visualstudio.com/items?itemName=ms-python.pylint). <br>Saiba mais [aqui](https://aka.ms/AAlgvkb).","python.linting.pylintCategorySeverity.warning.deprecationMessage":"Essa configuração será preterida em breve. Certifique-se de usar a extensão Pylint. Saiba mais aqui: https://aka.ms/AAlgvkb.","python.linting.pylintCategorySeverity.warning.description":"Gravidade do tipo de mensagem 'Warning/W' do Pylint.","python.linting.pylintCategorySeverity.warning.markdownDeprecationMessage":"Essa configuração será preterida em breve. Certifique-se de usar a [extensão Pylint](https://marketplace.visualstudio.com/items?itemName=ms-python.pylint). <br>Learn more [here](https://aka.ms/AAlgvkb).","python.linting.pylintEnabled.deprecationMessage":"Essa configuração será preterida em breve. Certifique-se de usar a extensão Pylint. Saiba mais aqui: https://aka.ms/AAlgvkb.","python.linting.pylintEnabled.description":"Se for para executar o lint em arquivos Python usando pylint.","python.linting.pylintEnabled.markdownDeprecationMessage":"Essa configuração será preterida em breve. Use a [extensão Pylint](https://marketplace.visualstudio.com/items?itemName=ms-python.pylint). <br>Saiba mais [aqui](https://aka.ms/AAlgvkb).","python.linting.pylintPath.deprecationMessage":"Essa configuração será preterida em breve. Certifique-se de usar a extensão Pylint. Saiba mais aqui: https://aka.ms/AAlgvkb.","python.linting.pylintPath.description":"Caminho para o Pylint. Você pode usar uma versão personalizada do pylint, modificando esta configuração para incluir o caminho completo.","python.linting.pylintPath.markdownDeprecationMessage":"Essa configuração será preterida em breve. Use a [extensão Pylint](https://marketplace.visualstudio.com/items?itemName=ms-python.pylint). <br>Saiba mais [aqui](https://aka.ms/AAlgvkb).","python.logging.level.deprecation":"Esta configuração está obsoleta. Use o comando `Desenvolvedor: Definir nível de registro...` para definir o nível de registro.","python.logging.level.description":"O nível de log no qual a extensão faz logon, o padrão é 'error'","python.menu.createNewFile.title":"Arquivo Python","python.missingPackage.severity.description":"Definir a severidade dos pacotes ausentes em requirements.txt ou pyproject.toml","python.pipenvPath.description":"Caminho para o executável pipenv a ser usado para ativação.","python.poetryPath.description":"Caminho para o executável poetry.","python.sortImports.args.deprecationMessage":"Esta configuração será removida em breve. Em vez disso, use 'isort.args'.","python.sortImports.args.description":"Argumentos passados. Cada argumento é um item separado na matriz.","python.sortImports.path.deprecationMessage":"Esta configuração será removida em breve. Em vez disso, use 'isort.path'.","python.sortImports.path.description":"Caminho para o script isort, padrão usando a versão interna","python.tensorBoard.logDirectory.description":"Defina esta configuração para o diretório de log do TensorBoard preferencial para ignorar o prompt de diretório de log ao iniciar o TensorBoard.","python.terminal.activateEnvInCurrentTerminal.description":"Ativar o Ambiente Python no Terminal atual ao carregar a Extensão.","python.terminal.activateEnvironment.description":"Ative o ambiente Python em todos os terminais criados.","python.terminal.executeInFileDir.description":"Ao executar um arquivo no terminal, se deve ser executado no diretório do arquivo, em vez da pasta aberta atual.","python.terminal.focusAfterLaunch.description":"Ao iniciar um terminal python, se deve focar o cursor no terminal.","python.terminal.launchArgs.description":"Argumentos de inicialização do Python a serem usados ao executar um arquivo no terminal.","python.testing.autoTestDiscoverOnSaveEnabled.description":"Habilite a descoberta de teste de execução automática ao salvar um arquivo de teste.","python.testing.cwd.description":"Diretório de trabalho opcional para testes.","python.testing.debugPort.description":"Número da porta usado para depuração de testes.","python.testing.promptToConfigure.description":"Solicitar a configuração de uma estrutura de teste se os diretórios de testes potenciais estiverem descobertos.","python.testing.pytestArgs.description":"Argumentos passados. Cada argumento é um item separado na matriz.","python.testing.pytestEnabled.description":"Habilitar teste usando pytest.","python.testing.pytestPath.description":"Caminho para o pytest (pytest). Você pode usar uma versão personalizada do pytest, modificando esta configuração para incluir o caminho completo.","python.testing.unittestArgs.description":"Argumentos passados. Cada argumento é um item separado na matriz.","python.testing.unittestEnabled.description":"Habilitar o teste usando unittest.","python.venvFolders.description":"Pastas em seu diretório base para procurar ambientes virtuais (dá suporte a pyenv, direnv e virtualenvwrapper por padrão).","python.venvPath.description":"Caminho para a pasta com uma lista de Ambientes Virtuais (por exemplo, ~/.pyenv, ~/Envs, ~/.virtualenvs).","walkthrough.pythonDataScienceWelcome.description":"Suas primeiras etapas para começar um projeto de Ciência de Dados com o Python!","walkthrough.pythonDataScienceWelcome.title":"Introdução ao Python para Ciência de Dados","walkthrough.pythonWelcome.description":"Suas primeiras etapas para configurar um projeto Python com todas as ferramentas e recursos avançados que a extensão do Python tem a oferecer!","walkthrough.pythonWelcome.title":"Introdução ao Desenvolvimento do Python","walkthrough.step.python.createEnvironment.altText":"Criando um ambiente do Python a partir da Paleta de Comandos","walkthrough.step.python.createEnvironment.description":"Crie um ambiente para seu projeto Python.\r\n[Criar Ambiente](command:python.createEnvironment)\r\n**Dica**: execute o comando ''Python: Criar Ambiente'' na [Paleta de Comandos](command:workbench.action.showCommands).\r\n 🔍 Confira nosso [docs](https://aka.ms/pythonenvs) para saber mais.","walkthrough.step.python.createEnvironment.description2":"Criar um ambiente para seu projeto Python ou usar [Selecionar Interpretador do Python](command:python.setInterpreter) para selecionar um existente.\r\n[Criar ambiente](command:python.createEnvironment)\r\n**Dica**: execute o comando ''Python: Criar Ambiente'' na [Paleta de comandos](command:workbench.action.showCommands).","walkthrough.step.python.createEnvironment.title":"Criar um ambiente do Python ","walkthrough.step.python.createEnvironment.title2":"Criar ou selecionar um ambiente do Python","walkthrough.step.python.createNewNotebook.altText":"Criando um novo Jupyter Notebook","walkthrough.step.python.createNewNotebook.description":"Clique com o botão direito do mouse no explorador de arquivos e crie um novo arquivo com uma extensão .ipynb. Ou abra a [Paleta de Comandos](command:workbench.action.showCommands) e execute o comando \r\n``Create: New Jupyter Notebook``.\r\n[Criar novo Jupyter Notebook](command:toSide:ipynb.newUntitledIpynb)\r\n Se você tiver um projeto existente, você também pode [abrir uma pasta](command:toSide:workbench.action.files.openFolder) e/ou clone um projeto do GitHub: [clone um repositório Git](command:toSide:git.clone).","walkthrough.step.python.createNewNotebook.title":"Criar ou abrir um Jupyter Notebook","walkthrough.step.python.createPythonFile.altText":"Abra um arquivo Python ou uma pasta com um projeto do Python.","walkthrough.step.python.createPythonFile.description":"[Abrir](command:toSide:workbench.action.files.openFile) ou [criar](command:toSide:workbench.action.files.newUntitledFile?%7B%22languageId%22%3A%22python%22%7D) um arquivo Python. Certifique-se de salvá-lo como \".py\".\r\n[Criar arquivo Python](command:toSide:workbench.action.files.newUntitledFile?%7B%22languageId%22%3A%22python%22%7D)","walkthrough.step.python.createPythonFile.title":"Criar um arquivo Python","walkthrough.step.python.createPythonFolder.description":"[Abrir](command:workbench.action.files.openFolder) ou criar uma pasta de projeto.\r\n[Abrir Pasta de projeto](command:workbench.action.files.openFolder)","walkthrough.step.python.createPythonFolder.title":"Abrir uma pasta de projeto do Python","walkthrough.step.python.dataScienceLearnMore.altText":"Imagem representando nossa página de documentação e recursos da lista de endereçamento.","walkthrough.step.python.dataScienceLearnMore.description":"📒 Dê uma olhada na [extensão do Jupyter] (command:workbench.extensions.search?\" Recursos ms-toolsai.jupyter\"), procurando por \"Jupyter\" na [Paleta de Comandos](command:workbench.action.showCommands). \r\n🏃🏻 Descubra mais recursos em nossos [Tutoriais](https://aka.ms/AAdjzpd).  \r\n[Saiba mais](https://aka.ms/AAdar6q)","walkthrough.step.python.dataScienceLearnMore.title":"Saiba mais!","walkthrough.step.python.installJupyterExt.altText":"Criando um novo Jupyter Notebook","walkthrough.step.python.installJupyterExt.description":"Se você ainda não tiver instalado, instale a [extensão do Jupyter](command:workbench.extensions.search?\" ms-toolsai.jupyter\") para aproveitar ao máximo as experiências dos notebooks no VS Code!\r\n \r\n[Pesquisar extensão do Jupyter](command:workbench.extensions.search?\" ms-toolsai.jupyter\")","walkthrough.step.python.installJupyterExt.title":"Instalar extensão do Jupyter","walkthrough.step.python.installPythonLinux.description":"A Extensão do Python requer que o Python seja instalado. Instale o Python 3 por meio do terminal.\r\n[Instalar o Python por meio do terminal](command:python.installPythonOnLinux)\r\n","walkthrough.step.python.installPythonLinux.title":"Instalar Python","walkthrough.step.python.installPythonMac.description":"A Extensão do Python requer que o Python seja instalado. Instale o Python 3 por meio do terminal.\r\n[Instalar o Python por meio do terminal](command:python.installPythonOnMac)\r\n","walkthrough.step.python.installPythonMac.title":"Instalar Python","walkthrough.step.python.installPythonWin8.description":"A Extensão do Python requer que o Python seja instalado. Instalar [de python.org](https://www.python.org/downloads).\r\n\r\n[Instalar Python](https://www.python.org/downloads)\r\n","walkthrough.step.python.installPythonWin8.title":"Instalar Python","walkthrough.step.python.learnMoreWithDS.altText":"Imagem representando nossa página de documentação e recursos da lista de endereçamento.","walkthrough.step.python.learnMoreWithDS.description":"🎨 Explore todos os recursos que a extensão do Python tem a oferecer procurando por \"Python\" na [Paleta de Comandos](command:workbench.action.showCommands). \r\n 📈 Saiba mais sobre como começar a usar a [ciência de dados](command:workbench.action.openThroughthrough?%7B%22category%22%3A%22ms-python.python%23pythonDataScienceWelcome%22%2C%22step%22%3A%22ms-python.python%23python.createNewNotebook%22%7D) no Python. \r\n ✨ Dê uma olhada em nossas [Notas sobre a versão](https://aka.ms/AA8dxtb) para saber mais sobre os recursos mais recentes. \r\n \r\n[Saiba Mais](https://aka.ms/AA8dqti)","walkthrough.step.python.learnMoreWithDS.description2":"🎨 Explore todos os recursos que a extensão Python tem a oferecer procurando por \"Python\" na [Paleta de Comandos](command:workbench.action.showCommands). \r\n📈 Saiba mais sobre como começar com [ciência de dados](command:workbench.action.openWalkthrough?%7B%22category%22%3A%22ms-python.python%23pythonDataScienceWelcome%22%2C%22step%22%3A%22ms-python.python%23python.createNewNotebook%22%7D) no Python. \r\n ✨ Dê uma olhada em nossas [Notas sobre a versão](https://aka.ms/AA8dxtb) para saber mais sobre os recursos mais recentes. \r\n \r\n[Acompanhe o tutorial do Python](https://aka.ms/AA8dqti)","walkthrough.step.python.learnMoreWithDS.title":"Explorar mais recursos:","walkthrough.step.python.openInteractiveWindow.altText":"Abrindo a janela interativa do Python","walkthrough.step.python.openInteractiveWindow.description":"A Janela Interativa do Python é um shell do Python no qual você pode executar e exibir os resultados do código Python. Você pode criar células em um arquivo Python digitando ``#%%``.\r\n \r\nPara abrir a janela interativa a qualquer momento, abra a [Paleta de Comandos](command:workbench.action.showCommands) e execute o comando \r\n``Jupyter: Criar Janela Interativa``.\r\n[Abrir Janela Interativa](command:jupyter.createnewinteractive)","walkthrough.step.python.openInteractiveWindow.title":"Abrir a Janela Interativa do Python","walkthrough.step.python.runAndDebug.altText":"Como executar e depurar em VS Code com F5 ou o botão reproduzir no canto superior direito.","walkthrough.step.python.runAndDebug.description":"Abra o arquivo Python e clique no botão reproduzir na parte superior direita do editor ou pressione F5 quando estiver no arquivo e selecione \"Arquivo Python\" para executar com o depurador. \r\n  \r\n[Saiba mais](https://code.visualstudio.com/docs/python/python-tutorial#_run-hello-world)","walkthrough.step.python.runAndDebug.title":"Executar e depurar o arquivo Python","walkthrough.step.python.selectInterpreter.altText":"Selecionando um interpretador do Python na barra de status","walkthrough.step.python.selectInterpreter.description":"Escolha qual interpretador/ambiente do Python você deseja usar para seu projeto Python.\r\n[Selecionar Interpretador Python](command:python.setInterpreter)\r\n**Dica**: execute o comando ''Python: Selecionar Interpretador'' na [Paleta de Comandos](command:workbench.action.showCommands).","walkthrough.step.python.selectInterpreter.title":"Selecionar um Interpretador do Python"}
