{"python.activeStateToolPath.description":"Pæth tø thë §tætë Tøøl ëxëçµtæþlë før Æçtïvë§tætë rµñtïmës (vërsïøñ 0.36+).","python.autoComplete.extraPaths.description":"£ïst øf pæths tø lïþrærïës æñð thë lïkë thæt ñëëð tø þë ïmpørtëð þÿ æµtø çømplëtë ëñgïñë. Ë.g. whëñ µsïñg Gøøglë Æpp §ÐK, thë pæths ærë ñøt ïñ sÿstëm pæth, hëñçë ñëëð tø þë æððëð ïñtø thïs lïst.","python.command.python.analysis.restartLanguageServer.title":"Rëstært £æñgµægë §ërvër","python.command.python.clearCacheAndReload.title":"Çlëær Çæçhë æñð Rëløæð Wïñðøw","python.command.python.clearWorkspaceInterpreter.title":"Çlëær Wørkspæçë Ïñtërprëtër §ëttïñg","python.command.python.configureTests.title":"Çøñfïgµrë Tësts","python.command.python.createEnvironment.title":"Çrëætë Ëñvïrøñmëñt...","python.command.python.createNewFile.title":"Ñëw Pÿthøñ Fïlë","python.command.python.createTerminal.title":"Çrëætë Tërmïñæl","python.command.python.debugInTerminal.title":"Ðëþµg Pÿthøñ Fïlë","python.command.python.enableLinting.title":"Ëñæþlë/Ðïsæþlë £ïñtïñg","python.command.python.enableSourceMapSupport.title":"Ëñæþlë §øµrçë Mæp §µppørt Før Ëxtëñsïøñ Ðëþµggïñg","python.command.python.execInDedicatedTerminal.title":"Rµñ Pÿthøñ Fïlë ïñ Ðëðïçætëð Tërmïñæl","python.command.python.execInTerminal.title":"Rµñ Pÿthøñ Fïlë ïñ Tërmïñæl","python.command.python.execInTerminalIcon.title":"Rµñ Pÿthøñ Fïlë","python.command.python.execSelectionInDjangoShell.title":"Rµñ §ëlëçtïøñ/£ïñë ïñ Ðjæñgø §hëll","python.command.python.execSelectionInTerminal.title":"Rµñ §ëlëçtïøñ/£ïñë ïñ Pÿthøñ Tërmïñæl","python.command.python.installJupyter.title":"Ïñstæll thë Jµpÿtër ëxtëñsïøñ","python.command.python.launchTensorBoard.title":"£æµñçh Tëñsørßøærð","python.command.python.refreshTensorBoard.title":"Rëfrësh Tëñsørßøærð","python.command.python.reportIssue.title":"Rëpørt Ïssµë...","python.command.python.runLinting.title":"Rµñ £ïñtïñg","python.command.python.setInterpreter.title":"§ëlëçt Ïñtërprëtër","python.command.python.setLinter.title":"§ëlëçt £ïñtër","python.command.python.sortImports.title":"§ørt Ïmpørts","python.command.python.startREPL.title":"§tært RËP£","python.command.python.viewLanguageServerOutput.title":"§høw £æñgµægë §ërvër Øµtpµt","python.command.python.viewOutput.title":"§høw Øµtpµt","python.command.testing.rerunFailedTests.title":"Rërµñ Fæïlëð Tësts","python.condaPath.description":"Pæth tø thë çøñðæ ëxëçµtæþlë tø µsë før æçtïvætïøñ (vërsïøñ 4.4+).","python.createEnvironment.contentButton.description":"§høw ør hïðë Çrëætë Ëñvïrøñmëñt þµttøñ ïñ thë ëðïtør før `rëqµïrëmëñts.txt` ør øthër ðëpëñðëñçÿ fïlës.","python.defaultInterpreterPath.description":"Pæth tø ðëfæµlt Pÿthøñ tø µsë whëñ ëxtëñsïøñ løæðs µp før thë fïrst tïmë, ñø løñgër µsëð øñçë æñ ïñtërprëtër ïs sëlëçtëð før thë wørkspæçë. §ëë [hërë](https://ækæ.ms/ÆÆfëkmf) tø µñðërstæñð whëñ thïs ïs µsëð","python.diagnostics.sourceMapsEnabled.description":"Ëñæþlë søµrçë mæp sµppørt før mëæñïñgfµl stæçk træçës ïñ ërrør løgs.","python.editor.context.submenu.runPython":"Rµñ Pÿthøñ","python.editor.context.submenu.runPythonInteractive":"Rµñ ïñ Ïñtëræçtïvë wïñðøw","python.envFile.description":"Æþsølµtë pæth tø æ fïlë çøñtæïñïñg ëñvïrøñmëñt værïæþlë ðëfïñïtïøñs.","python.experiments.All.description":"Çømþïñëð lïst øf æll ëxpërïmëñts.","python.experiments.enabled.description":"Ëñæþlës Æ/ß tësts ëxpërïmëñts ïñ thë Pÿthøñ ëxtëñsïøñ. Ïf ëñæþlëð, ÿøµ mæÿ gët ïñçlµðëð ïñ prøpøsëð ëñhæñçëmëñts æñð/ør fëætµrës.","python.experiments.optInto.description":"£ïst øf ëxpërïmëñt tø øpt ïñtø. Ïf ëmptÿ, µsër ïs æssïgñëð thë ðëfæµlt ëxpërïmëñt grøµps. §ëë [hërë](https://gïthµþ.çøm/mïçrøsøft/vsçøðë-pÿthøñ/wïkï/Æß-Ëxpërïmëñts) før mørë ðëtæïls.","python.experiments.optOutFrom.description":"£ïst øf ëxpërïmëñt tø øpt øµt øf. Ïf ëmptÿ, µsër ïs æssïgñëð thë ðëfæµlt ëxpërïmëñt grøµps. §ëë [hërë](https://gïthµþ.çøm/mïçrøsøft/vsçøðë-pÿthøñ/wïkï/Æß-Ëxpërïmëñts) før mørë ðëtæïls.","python.experiments.pythonPromptNewToolsExt.description":"Ðëñøtës thë Pÿthøñ Prømpt Ñëw Tøøls Ëxtëñsïøñ ëxpërïmëñt.","python.experiments.pythonSurveyNotification.description":"Ðëñøtës thë Pÿthøñ §µrvëÿ Ñøtïfïçætïøñ ëxpërïmëñt.","python.experiments.pythonTerminalEnvVarActivation.description":"Ëñæþlës µsë øf ëñvïrøñmëñt værïæþlës tø æçtïvætë tërmïñæls ïñstëæð øf sëñðïñg æçtïvætïøñ çømmæñðs.","python.experiments.pythonTestAdapter.description":"Ðëñøtës thë Pÿthøñ Tëst Æðæptër ëxpërïmëñt.","python.formatting.autopep8Args.deprecationMessage":"Thïs sëttïñg wïll søøñ þë ðëprëçætëð. Plëæsë µsë thë Æµtøpëp8 ëxtëñsïøñ. £ëærñ mørë hërë: https://ækæ.ms/ÆÆlgvkþ.","python.formatting.autopep8Args.description":"Ærgµmëñts pæssëð ïñ. Ëæçh ærgµmëñt ïs æ sëpærætë ïtëm ïñ thë ærræÿ.","python.formatting.autopep8Args.markdownDeprecationMessage":"Thïs sëttïñg wïll søøñ þë ðëprëçætëð. Plëæsë µsë thë [Æµtøpëp8 ëxtëñsïøñ](https://mærkëtplæçë.vïsµælstµðïø.çøm/ïtëms?ïtëmÑæmë=ms-pÿthøñ.æµtøpëp8). <þr>£ëærñ mørë [hërë](https://ækæ.ms/ÆÆlgvkþ).","python.formatting.autopep8Path.deprecationMessage":"Thïs sëttïñg wïll søøñ þë ðëprëçætëð. Plëæsë µsë thë Æµtøpëp8 ëxtëñsïøñ. £ëærñ mørë hërë: https://ækæ.ms/ÆÆlgvkþ.","python.formatting.autopep8Path.description":"Pæth tø æµtøpëp8, ÿøµ çæñ µsë æ çµstøm vërsïøñ øf æµtøpëp8 þÿ møðïfÿïñg thïs sëttïñg tø ïñçlµðë thë fµll pæth.","python.formatting.autopep8Path.markdownDeprecationMessage":"Thïs sëttïñg wïll søøñ þë ðëprëçætëð. Plëæsë µsë thë [Æµtøpëp8 ëxtëñsïøñ](https://mærkëtplæçë.vïsµælstµðïø.çøm/ïtëms?ïtëmÑæmë=ms-pÿthøñ.æµtøpëp8). <þr>£ëærñ mørë [hërë](https://ækæ.ms/ÆÆlgvkþ).","python.formatting.blackArgs.deprecationMessage":"Thïs sëttïñg wïll søøñ þë ðëprëçætëð. Plëæsë µsë thë ßlæçk Førmættër ëxtëñsïøñ. £ëærñ mørë hërë: https://ækæ.ms/ÆÆlgvkþ.","python.formatting.blackArgs.description":"Ærgµmëñts pæssëð ïñ. Ëæçh ærgµmëñt ïs æ sëpærætë ïtëm ïñ thë ærræÿ.","python.formatting.blackArgs.markdownDeprecationMessage":"Thïs sëttïñg wïll søøñ þë ðëprëçætëð. Plëæsë µsë thë [ßlæçk Førmættër ëxtëñsïøñ](https://mærkëtplæçë.vïsµælstµðïø.çøm/ïtëms?ïtëmÑæmë=ms-pÿthøñ.þlæçk-førmættër). <þr>£ëærñ mørë [hërë](https://ækæ.ms/ÆÆlgvkþ).","python.formatting.blackPath.deprecationMessage":"Thïs sëttïñg wïll søøñ þë ðëprëçætëð. Plëæsë µsë thë ßlæçk Førmættër ëxtëñsïøñ. £ëærñ mørë hërë: https://ækæ.ms/ÆÆlgvkþ.","python.formatting.blackPath.description":"Pæth tø ßlæçk, ÿøµ çæñ µsë æ çµstøm vërsïøñ øf ßlæçk þÿ møðïfÿïñg thïs sëttïñg tø ïñçlµðë thë fµll pæth.","python.formatting.blackPath.markdownDeprecationMessage":"Thïs sëttïñg wïll søøñ þë ðëprëçætëð. Plëæsë µsë thë [ßlæçk Førmættër ëxtëñsïøñ](https://mærkëtplæçë.vïsµælstµðïø.çøm/ïtëms?ïtëmÑæmë=ms-pÿthøñ.þlæçk-førmættër). <þr>£ëærñ mørë [hërë](https://ækæ.ms/ÆÆlgvkþ).","python.formatting.provider.deprecationMessage":"Thïs sëttïñg wïll søøñ þë ðëprëçætëð. Plëæsë µsë thë Æµtøpëp8 ëxtëñsïøñ ør thë ßlæçk Førmættër ëxtëñsïøñ. £ëærñ mørë hërë: https://ækæ.ms/ÆÆlgvkþ.","python.formatting.provider.description":"Prøvïðër før førmættïñg. Pøssïþlë øptïøñs ïñçlµðë 'æµtøpëp8', 'þlæçk', æñð 'ÿæpf'.","python.formatting.provider.markdownDeprecationMessage":"Thïs sëttïñg wïll søøñ þë ðëprëçætëð. Plëæsë µsë thë [Æµtøpëp8 ëxtëñsïøñ](https://mærkëtplæçë.vïsµælstµðïø.çøm/ïtëms?ïtëmÑæmë=ms-pÿthøñ.æµtøpëp8) ør thë [ßlæçk Førmættër ëxtëñsïøñ](https://mærkëtplæçë.vïsµælstµðïø.çøm/ïtëms?ïtëmÑæmë=ms-pÿthøñ.þlæçk-førmættër). <þr>£ëærñ mørë [hërë](https://ækæ.ms/ÆÆlgvkþ).","python.formatting.yapfArgs.deprecationMessage":"Ýæpf sµppørt wïll søøñ þë ðëprëçætëð. £ëærñ mørë hërë: https://ækæ.ms/ÆÆlgvkþ.","python.formatting.yapfArgs.description":"Ærgµmëñts pæssëð ïñ. Ëæçh ærgµmëñt ïs æ sëpærætë ïtëm ïñ thë ærræÿ.","python.formatting.yapfArgs.markdownDeprecationMessage":"Ýæpf sµppørt wïll søøñ þë ðëprëçætëð. £ëærñ mørë [hërë](https://ækæ.ms/ÆÆlgvkþ).","python.formatting.yapfPath.deprecationMessage":"Ýæpf sµppørt wïll søøñ þë ðëprëçætëð. £ëærñ mørë hërë: https://ækæ.ms/ÆÆlgvkþ.","python.formatting.yapfPath.description":"Pæth tø ÿæpf, ÿøµ çæñ µsë æ çµstøm vërsïøñ øf ÿæpf þÿ møðïfÿïñg thïs sëttïñg tø ïñçlµðë thë fµll pæth.","python.formatting.yapfPath.markdownDeprecationMessage":"Ýæpf sµppørt wïll søøñ þë ðëprëçætëð. <þr>£ëærñ mørë [hërë](https://ækæ.ms/ÆÆlgvkþ).","python.globalModuleInstallation.description":"Whëthër tø ïñstæll Pÿthøñ møðµlës gløþællÿ whëñ ñøt µsïñg æñ ëñvïrøñmëñt.","python.interpreter.infoVisibility.always.description":"Ælwæÿs ðïsplæÿ ïñførmætïøñ.","python.interpreter.infoVisibility.description":"Çøñtrøls whëñ tø ðïsplæÿ ïñførmætïøñ øf sëlëçtëð ïñtërprëtër ïñ thë stætµs þær.","python.interpreter.infoVisibility.never.description":"Ñëvër ðïsplæÿ ïñførmætïøñ.","python.interpreter.infoVisibility.onPythonRelated.description":"Øñlÿ ðïsplæÿ ïñførmætïøñ ïf Pÿthøñ-rëlætëð fïlës ærë øpëñëð.","python.languageServer.defaultDescription":"Æµtømætïçællÿ sëlëçt æ læñgµægë sërvër: Pÿlæñçë ïf ïñstællëð æñð ævæïlæþlë, øthërwïsë fællþæçk tø Jëðï.","python.languageServer.description":"Ðëfïñës tÿpë øf thë læñgµægë sërvër.","python.languageServer.jediDescription":"Üsë Jëðï þëhïñð thë £æñgµægë §ërvër Prøtøçøl (£§P) æs æ læñgµægë sërvër.","python.languageServer.noneDescription":"Ðïsæþlë læñgµægë sërvër çæpæþïlïtïës.","python.languageServer.pylanceDescription":"Üsë Pÿlæñçë æs æ læñgµægë sërvër.","python.linting.banditArgs.deprecationMessage":"ßæñðït sµppørt wïll søøñ þë ðëprëçætëð. £ëærñ mørë hërë: https://ækæ.ms/ÆÆlgvkþ.","python.linting.banditArgs.description":"Ærgµmëñts pæssëð ïñ. Ëæçh ærgµmëñt ïs æ sëpærætë ïtëm ïñ thë ærræÿ.","python.linting.banditArgs.markdownDeprecationMessage":"ßæñðït sµppørt wïll søøñ þë ðëprëçætëð. £ëærñ mørë [hërë](https://ækæ.ms/ÆÆlgvkþ).","python.linting.banditEnabled.deprecationMessage":"ßæñðït sµppørt wïll søøñ þë ðëprëçætëð. £ëærñ mørë hërë: https://ækæ.ms/ÆÆlgvkþ.","python.linting.banditEnabled.description":"Whëthër tø lïñt Pÿthøñ fïlës µsïñg þæñðït.","python.linting.banditEnabled.markdownDeprecationMessage":"ßæñðït sµppørt wïll søøñ þë ðëprëçætëð. £ëærñ mørë [hërë](https://ækæ.ms/ÆÆlgvkþ).","python.linting.banditPath.deprecationMessage":"ßæñðït sµppørt wïll søøñ þë ðëprëçætëð. £ëærñ mørë hërë: https://ækæ.ms/ÆÆlgvkþ.","python.linting.banditPath.description":"Pæth tø þæñðït, ÿøµ çæñ µsë æ çµstøm vërsïøñ øf þæñðït þÿ møðïfÿïñg thïs sëttïñg tø ïñçlµðë thë fµll pæth.","python.linting.banditPath.markdownDeprecationMessage":"ßæñðït sµppørt wïll søøñ þë ðëprëçætëð. £ëærñ mørë [hërë](https://ækæ.ms/ÆÆlgvkþ).","python.linting.cwd.deprecationMessage":"Thïs sëttïñg wïll søøñ þë ðëprëçætëð. £ëærñ mørë hërë: https://ækæ.ms/ÆÆlgvkþ.","python.linting.cwd.description":"Øptïøñæl wørkïñg ðïrëçtørÿ før lïñtërs.","python.linting.cwd.markdownDeprecationMessage":"Thïs sëttïñg wïll søøñ þë ðëprëçætëð. £ëærñ mørë [hërë](https://ækæ.ms/ÆÆlgvkþ).","python.linting.enabled.deprecationMessage":"Thïs sëttïñg wïll søøñ þë ðëprëçætëð. £ëærñ mørë hërë: https://ækæ.ms/ÆÆlgvkþ.","python.linting.enabled.description":"Whëthër tø lïñt Pÿthøñ fïlës.","python.linting.enabled.markdownDeprecationMessage":"Thïs sëttïñg wïll søøñ þë ðëprëçætëð. £ëærñ mørë [hërë](https://ækæ.ms/ÆÆlgvkþ).","python.linting.flake8Args.deprecationMessage":"Thïs sëttïñg wïll søøñ þë ðëprëçætëð. Plëæsë µsë thë Flækë8 ëxtëñsïøñ. £ëærñ mørë hërë: https://ækæ.ms/ÆÆlgvkþ.","python.linting.flake8Args.description":"Ærgµmëñts pæssëð ïñ. Ëæçh ærgµmëñt ïs æ sëpærætë ïtëm ïñ thë ærræÿ.","python.linting.flake8Args.markdownDeprecationMessage":"Thïs sëttïñg wïll søøñ þë ðëprëçætëð. Plëæsë µsë thë [Flækë8 ëxtëñsïøñ](https://mærkëtplæçë.vïsµælstµðïø.çøm/ïtëms?ïtëmÑæmë=ms-pÿthøñ.flækë8). <þr>£ëærñ mørë [hërë](https://ækæ.ms/ÆÆlgvkþ).","python.linting.flake8CategorySeverity.E.deprecationMessage":"Thïs sëttïñg wïll søøñ þë ðëprëçætëð. Plëæsë µsë thë Flækë8 ëxtëñsïøñ. £ëærñ mørë hërë: https://ækæ.ms/ÆÆlgvkþ.","python.linting.flake8CategorySeverity.E.description":"§ëvërïtÿ øf Flækë8 mëssægë tÿpë 'Ë'.","python.linting.flake8CategorySeverity.E.markdownDeprecationMessage":"Thïs sëttïñg wïll søøñ þë ðëprëçætëð. Plëæsë µsë thë [Flækë8 ëxtëñsïøñ](https://mærkëtplæçë.vïsµælstµðïø.çøm/ïtëms?ïtëmÑæmë=ms-pÿthøñ.flækë8). <þr>£ëærñ mørë [hërë](https://ækæ.ms/ÆÆlgvkþ).","python.linting.flake8CategorySeverity.F.deprecationMessage":"Thïs sëttïñg wïll søøñ þë ðëprëçætëð. Plëæsë µsë thë Flækë8 ëxtëñsïøñ. £ëærñ mørë hërë: https://ækæ.ms/ÆÆlgvkþ.","python.linting.flake8CategorySeverity.F.description":"§ëvërïtÿ øf Flækë8 mëssægë tÿpë 'F'.","python.linting.flake8CategorySeverity.F.markdownDeprecationMessage":"Thïs sëttïñg wïll søøñ þë ðëprëçætëð. Plëæsë µsë thë [Flækë8 ëxtëñsïøñ](https://mærkëtplæçë.vïsµælstµðïø.çøm/ïtëms?ïtëmÑæmë=ms-pÿthøñ.flækë8). <þr>£ëærñ mørë [hërë](https://ækæ.ms/ÆÆlgvkþ).","python.linting.flake8CategorySeverity.W.deprecationMessage":"Thïs sëttïñg wïll søøñ þë ðëprëçætëð. Plëæsë µsë thë Flækë8 ëxtëñsïøñ. £ëærñ mørë hërë: https://ækæ.ms/ÆÆlgvkþ.","python.linting.flake8CategorySeverity.W.description":"§ëvërïtÿ øf Flækë8 mëssægë tÿpë 'W'.","python.linting.flake8CategorySeverity.W.markdownDeprecationMessage":"Thïs sëttïñg wïll søøñ þë ðëprëçætëð. Plëæsë µsë thë [Flækë8 ëxtëñsïøñ](https://mærkëtplæçë.vïsµælstµðïø.çøm/ïtëms?ïtëmÑæmë=ms-pÿthøñ.flækë8). <þr>£ëærñ mørë [hërë](https://ækæ.ms/ÆÆlgvkþ).","python.linting.flake8Enabled.deprecationMessage":"Thïs sëttïñg wïll søøñ þë ðëprëçætëð. Plëæsë µsë thë Flækë8 ëxtëñsïøñ. £ëærñ mørë hërë: https://ækæ.ms/ÆÆlgvkþ.","python.linting.flake8Enabled.description":"Whëthër tø lïñt Pÿthøñ fïlës µsïñg flækë8.","python.linting.flake8Enabled.markdownDeprecationMessage":"Thïs sëttïñg wïll søøñ þë ðëprëçætëð. Plëæsë µsë thë [Flækë8 ëxtëñsïøñ](https://mærkëtplæçë.vïsµælstµðïø.çøm/ïtëms?ïtëmÑæmë=ms-pÿthøñ.flækë8). <þr>£ëærñ mørë [hërë](https://ækæ.ms/ÆÆlgvkþ).","python.linting.flake8Path.deprecationMessage":"Thïs sëttïñg wïll søøñ þë ðëprëçætëð. Plëæsë µsë thë Flækë8 ëxtëñsïøñ. £ëærñ mørë hërë: https://ækæ.ms/ÆÆlgvkþ.","python.linting.flake8Path.description":"Pæth tø flækë8, ÿøµ çæñ µsë æ çµstøm vërsïøñ øf flækë8 þÿ møðïfÿïñg thïs sëttïñg tø ïñçlµðë thë fµll pæth.","python.linting.flake8Path.markdownDeprecationMessage":"Thïs sëttïñg wïll søøñ þë ðëprëçætëð. Plëæsë µsë thë [Flækë8 ëxtëñsïøñ](https://mærkëtplæçë.vïsµælstµðïø.çøm/ïtëms?ïtëmÑæmë=ms-pÿthøñ.flækë8). <þr>£ëærñ mørë [hërë](https://ækæ.ms/ÆÆlgvkþ).","python.linting.ignorePatterns.deprecationMessage":"Thïs sëttïñg wïll søøñ þë ðëprëçætëð. £ëærñ mørë hërë: https://ækæ.ms/ÆÆlgvkþ.","python.linting.ignorePatterns.description":"Pættërñs µsëð tø ëxçlµðë fïlës ør følðërs frøm þëïñg lïñtëð.","python.linting.ignorePatterns.markdownDeprecationMessage":"Thïs sëttïñg wïll søøñ þë ðëprëçætëð. £ëærñ mørë [hërë](https://ækæ.ms/ÆÆlgvkþ).","python.linting.lintOnSave.deprecationMessage":"Thïs sëttïñg wïll søøñ þë ðëprëçætëð. £ëærñ mørë hërë: https://ækæ.ms/ÆÆlgvkþ.","python.linting.lintOnSave.description":"Whëthër tø lïñt Pÿthøñ fïlës whëñ sævëð.","python.linting.lintOnSave.markdownDeprecationMessage":"Thïs sëttïñg wïll søøñ þë ðëprëçætëð. £ëærñ mørë [hërë](https://ækæ.ms/ÆÆlgvkþ).","python.linting.maxNumberOfProblems.deprecationMessage":"Thïs sëttïñg wïll søøñ þë ðëprëçætëð. £ëærñ mørë hërë: https://ækæ.ms/ÆÆlgvkþ.","python.linting.maxNumberOfProblems.description":"Çøñtrøls thë mæxïmµm ñµmþër øf prøþlëms prøðµçëð þÿ thë sërvër.","python.linting.maxNumberOfProblems.markdownDeprecationMessage":"Thïs sëttïñg wïll søøñ þë ðëprëçætëð. £ëærñ mørë [hërë](https://ækæ.ms/ÆÆlgvkþ).","python.linting.mypyArgs.deprecationMessage":"Thïs sëttïñg wïll søøñ þë ðëprëçætëð. Plëæsë µsë thë Mÿpÿ Tÿpë Çhëçkër ëxtëñsïøñ. £ëærñ mørë hërë: https://ækæ.ms/ÆÆlgvkþ.","python.linting.mypyArgs.description":"Ærgµmëñts pæssëð ïñ. Ëæçh ærgµmëñt ïs æ sëpærætë ïtëm ïñ thë ærræÿ.","python.linting.mypyArgs.markdownDeprecationMessage":"Thïs sëttïñg wïll søøñ þë ðëprëçætëð. Plëæsë µsë thë [Mÿpÿ Tÿpë Çhëçkër ëxtëñsïøñ](https://mærkëtplæçë.vïsµælstµðïø.çøm/ïtëms?ïtëmÑæmë=ms-pÿthøñ.mÿpÿ-tÿpë-çhëçkër). <þr>£ëærñ mørë [hërë](https://ækæ.ms/ÆÆlgvkþ).","python.linting.mypyCategorySeverity.error.deprecationMessage":"Thïs sëttïñg wïll søøñ þë ðëprëçætëð. Plëæsë µsë thë Mÿpÿ Tÿpë Çhëçkër ëxtëñsïøñ. £ëærñ mørë hërë: https://ækæ.ms/ÆÆlgvkþ.","python.linting.mypyCategorySeverity.error.description":"§ëvërïtÿ øf Mÿpÿ mëssægë tÿpë 'Ërrør'.","python.linting.mypyCategorySeverity.error.markdownDeprecationMessage":"Thïs sëttïñg wïll søøñ þë ðëprëçætëð. Plëæsë µsë thë [Mÿpÿ Tÿpë Çhëçkër ëxtëñsïøñ](https://mærkëtplæçë.vïsµælstµðïø.çøm/ïtëms?ïtëmÑæmë=ms-pÿthøñ.mÿpÿ-tÿpë-çhëçkër). <þr>£ëærñ mørë [hërë](https://ækæ.ms/ÆÆlgvkþ).","python.linting.mypyCategorySeverity.note.deprecationMessage":"Thïs sëttïñg wïll søøñ þë ðëprëçætëð. Plëæsë µsë thë Mÿpÿ Tÿpë Çhëçkër ëxtëñsïøñ. £ëærñ mørë hërë: https://ækæ.ms/ÆÆlgvkþ.","python.linting.mypyCategorySeverity.note.description":"§ëvërïtÿ øf Mÿpÿ mëssægë tÿpë 'Ñøtë'.","python.linting.mypyCategorySeverity.note.markdownDeprecationMessage":"Thïs sëttïñg wïll søøñ þë ðëprëçætëð. Plëæsë µsë thë [Mÿpÿ Tÿpë Çhëçkër ëxtëñsïøñ](https://mærkëtplæçë.vïsµælstµðïø.çøm/ïtëms?ïtëmÑæmë=ms-pÿthøñ.mÿpÿ-tÿpë-çhëçkër). <þr>£ëærñ mørë [hërë](https://ækæ.ms/ÆÆlgvkþ).","python.linting.mypyEnabled.deprecationMessage":"Thïs sëttïñg wïll søøñ þë ðëprëçætëð. Plëæsë µsë thë Mÿpÿ Tÿpë Çhëçkër ëxtëñsïøñ. £ëærñ mørë hërë: https://ækæ.ms/ÆÆlgvkþ.","python.linting.mypyEnabled.description":"Whëthër tø lïñt Pÿthøñ fïlës µsïñg mÿpÿ.","python.linting.mypyEnabled.markdownDeprecationMessage":"Thïs sëttïñg wïll søøñ þë ðëprëçætëð. Plëæsë µsë thë [Mÿpÿ Tÿpë Çhëçkër ëxtëñsïøñ](https://mærkëtplæçë.vïsµælstµðïø.çøm/ïtëms?ïtëmÑæmë=ms-pÿthøñ.mÿpÿ-tÿpë-çhëçkër). <þr>£ëærñ mørë [hërë](https://ækæ.ms/ÆÆlgvkþ).","python.linting.mypyPath.deprecationMessage":"Thïs sëttïñg wïll søøñ þë ðëprëçætëð. Plëæsë µsë thë Mÿpÿ Tÿpë Çhëçkër ëxtëñsïøñ. £ëærñ mørë hërë: https://ækæ.ms/ÆÆlgvkþ.","python.linting.mypyPath.description":"Pæth tø mÿpÿ, ÿøµ çæñ µsë æ çµstøm vërsïøñ øf mÿpÿ þÿ møðïfÿïñg thïs sëttïñg tø ïñçlµðë thë fµll pæth.","python.linting.mypyPath.markdownDeprecationMessage":"Thïs sëttïñg wïll søøñ þë ðëprëçætëð. Plëæsë µsë thë [Mÿpÿ Tÿpë Çhëçkër ëxtëñsïøñ](https://mærkëtplæçë.vïsµælstµðïø.çøm/ïtëms?ïtëmÑæmë=ms-pÿthøñ.mÿpÿ-tÿpë-çhëçkër). <þr>£ëærñ mørë [hërë](https://ækæ.ms/ÆÆlgvkþ).","python.linting.prospectorArgs.deprecationMessage":"Prøspëçtør sµppørt wïll søøñ þë ðëprëçætëð. £ëærñ mørë hërë: https://ækæ.ms/ÆÆlgvkþ.","python.linting.prospectorArgs.description":"Ærgµmëñts pæssëð ïñ. Ëæçh ærgµmëñt ïs æ sëpærætë ïtëm ïñ thë ærræÿ.","python.linting.prospectorArgs.markdownDeprecationMessage":"Prøspëçtør sµppørt wïll søøñ þë ðëprëçætëð. £ëærñ mørë [hërë](https://ækæ.ms/ÆÆlgvkþ).","python.linting.prospectorEnabled.deprecationMessage":"Prøspëçtør sµppørt wïll søøñ þë ðëprëçætëð. £ëærñ mørë hërë: https://ækæ.ms/ÆÆlgvkþ.","python.linting.prospectorEnabled.description":"Whëthër tø lïñt Pÿthøñ fïlës µsïñg prøspëçtør.","python.linting.prospectorEnabled.markdownDeprecationMessage":"Prøspëçtør sµppørt wïll søøñ þë ðëprëçætëð. £ëærñ mørë [hërë](https://ækæ.ms/ÆÆlgvkþ).","python.linting.prospectorPath.deprecationMessage":"Prøspëçtør sµppørt wïll søøñ þë ðëprëçætëð. £ëærñ mørë hërë: https://ækæ.ms/ÆÆlgvkþ.","python.linting.prospectorPath.description":"Pæth tø Prøspëçtør, ÿøµ çæñ µsë æ çµstøm vërsïøñ øf prøspëçtør þÿ møðïfÿïñg thïs sëttïñg tø ïñçlµðë thë fµll pæth.","python.linting.prospectorPath.markdownDeprecationMessage":"Prøspëçtør sµppørt wïll søøñ þë ðëprëçætëð. £ëærñ mørë [hërë](https://ækæ.ms/ÆÆlgvkþ).","python.linting.pycodestyleArgs.deprecationMessage":"Pÿçøðëstÿlë sµppørt wïll søøñ þë ðëprëçætëð. £ëærñ mørë hërë: https://ækæ.ms/ÆÆlgvkþ.","python.linting.pycodestyleArgs.description":"Ærgµmëñts pæssëð ïñ. Ëæçh ærgµmëñt ïs æ sëpærætë ïtëm ïñ thë ærræÿ.","python.linting.pycodestyleArgs.markdownDeprecationMessage":"Pÿçøðëstÿlë sµppørt wïll søøñ þë ðëprëçætëð. £ëærñ mørë [hërë](https://ækæ.ms/ÆÆlgvkþ).","python.linting.pycodestyleCategorySeverity.E.deprecationMessage":"Pÿçøðëstÿlë sµppørt wïll søøñ þë ðëprëçætëð. £ëærñ mørë hërë: https://ækæ.ms/ÆÆlgvkþ.","python.linting.pycodestyleCategorySeverity.E.description":"§ëvërïtÿ øf pÿçøðëstÿlë mëssægë tÿpë 'Ë'.","python.linting.pycodestyleCategorySeverity.E.markdownDeprecationMessage":"Pÿçøðëstÿlë sµppørt wïll søøñ þë ðëprëçætëð. £ëærñ mørë [hërë](https://ækæ.ms/ÆÆlgvkþ).","python.linting.pycodestyleCategorySeverity.W.deprecationMessage":"Pÿçøðëstÿlë sµppørt wïll søøñ þë ðëprëçætëð. £ëærñ mørë hërë: https://ækæ.ms/ÆÆlgvkþ.","python.linting.pycodestyleCategorySeverity.W.description":"§ëvërïtÿ øf pÿçøðëstÿlë mëssægë tÿpë 'W'.","python.linting.pycodestyleCategorySeverity.W.markdownDeprecationMessage":"Pÿçøðëstÿlë sµppørt wïll søøñ þë ðëprëçætëð. £ëærñ mørë [hërë](https://ækæ.ms/ÆÆlgvkþ).","python.linting.pycodestyleEnabled.deprecationMessage":"Pÿçøðëstÿlë sµppørt wïll søøñ þë ðëprëçætëð. £ëærñ mørë hërë: https://ækæ.ms/ÆÆlgvkþ.","python.linting.pycodestyleEnabled.description":"Whëthër tø lïñt Pÿthøñ fïlës µsïñg pÿçøðëstÿlë.","python.linting.pycodestyleEnabled.markdownDeprecationMessage":"Pÿçøðëstÿlë sµppørt wïll søøñ þë ðëprëçætëð. £ëærñ mørë [hërë](https://ækæ.ms/ÆÆlgvkþ).","python.linting.pycodestylePath.deprecationMessage":"Pÿçøðëstÿlë sµppørt wïll søøñ þë ðëprëçætëð. £ëærñ mørë hërë: https://ækæ.ms/ÆÆlgvkþ.","python.linting.pycodestylePath.description":"Pæth tø pÿçøðëstÿlë, ÿøµ çæñ µsë æ çµstøm vërsïøñ øf pÿçøðëstÿlë þÿ møðïfÿïñg thïs sëttïñg tø ïñçlµðë thë fµll pæth.","python.linting.pycodestylePath.markdownDeprecationMessage":"Pÿçøðëstÿlë sµppørt wïll søøñ þë ðëprëçætëð. £ëærñ mørë [hërë](https://ækæ.ms/ÆÆlgvkþ).","python.linting.pydocstyleArgs.deprecationMessage":"Pÿðøçstÿlë sµppørt wïll søøñ þë ðëprëçætëð. £ëærñ mørë hërë: https://ækæ.ms/ÆÆlgvkþ.","python.linting.pydocstyleArgs.description":"Ærgµmëñts pæssëð ïñ. Ëæçh ærgµmëñt ïs æ sëpærætë ïtëm ïñ thë ærræÿ.","python.linting.pydocstyleArgs.markdownDeprecationMessage":"Pÿðøçstÿlë sµppørt wïll søøñ þë ðëprëçætëð. £ëærñ mørë [hërë](https://ækæ.ms/ÆÆlgvkþ).","python.linting.pydocstyleEnabled.deprecationMessage":"Pÿðøçstÿlë sµppørt wïll søøñ þë ðëprëçætëð. £ëærñ mørë hërë: https://ækæ.ms/ÆÆlgvkþ.","python.linting.pydocstyleEnabled.description":"Whëthër tø lïñt Pÿthøñ fïlës µsïñg pÿðøçstÿlë.","python.linting.pydocstyleEnabled.markdownDeprecationMessage":"Pÿðøçstÿlë sµppørt wïll søøñ þë ðëprëçætëð. £ëærñ mørë [hërë](https://ækæ.ms/ÆÆlgvkþ).","python.linting.pydocstylePath.deprecationMessage":"Pÿðøçstÿlë sµppørt wïll søøñ þë ðëprëçætëð. £ëærñ mørë hërë: https://ækæ.ms/ÆÆlgvkþ.","python.linting.pydocstylePath.description":"Pæth tø pÿðøçstÿlë, ÿøµ çæñ µsë æ çµstøm vërsïøñ øf pÿðøçstÿlë þÿ møðïfÿïñg thïs sëttïñg tø ïñçlµðë thë fµll pæth.","python.linting.pydocstylePath.markdownDeprecationMessage":"Pÿðøçstÿlë sµppørt wïll søøñ þë ðëprëçætëð. £ëærñ mørë [hërë](https://ækæ.ms/ÆÆlgvkþ).","python.linting.pylamaArgs.deprecationMessage":"Pÿlæmæ sµppørt wïll søøñ þë ðëprëçætëð. £ëærñ mørë hërë: https://ækæ.ms/ÆÆlgvkþ.","python.linting.pylamaArgs.description":"Ærgµmëñts pæssëð ïñ. Ëæçh ærgµmëñt ïs æ sëpærætë ïtëm ïñ thë ærræÿ.","python.linting.pylamaArgs.markdownDeprecationMessage":"Pÿlæmæ sµppørt wïll søøñ þë ðëprëçætëð. £ëærñ mørë [hërë](https://ækæ.ms/ÆÆlgvkþ).","python.linting.pylamaEnabled.deprecationMessage":"Pÿlæmæ sµppørt wïll søøñ þë ðëprëçætëð. £ëærñ mørë hërë: https://ækæ.ms/ÆÆlgvkþ.","python.linting.pylamaEnabled.description":"Whëthër tø lïñt Pÿthøñ fïlës µsïñg pÿlæmæ.","python.linting.pylamaEnabled.markdownDeprecationMessage":"Pÿlæmæ sµppørt wïll søøñ þë ðëprëçætëð. £ëærñ mørë [hërë](https://ækæ.ms/ÆÆlgvkþ).","python.linting.pylamaPath.deprecationMessage":"Pÿlæmæ sµppørt wïll søøñ þë ðëprëçætëð. £ëærñ mørë hërë: https://ækæ.ms/ÆÆlgvkþ.","python.linting.pylamaPath.description":"Pæth tø pÿlæmæ, ÿøµ çæñ µsë æ çµstøm vërsïøñ øf pÿlæmæ þÿ møðïfÿïñg thïs sëttïñg tø ïñçlµðë thë fµll pæth.","python.linting.pylamaPath.markdownDeprecationMessage":"Pÿlæmæ sµppørt wïll søøñ þë ðëprëçætëð. £ëærñ mørë [hërë](https://ækæ.ms/ÆÆlgvkþ).","python.linting.pylintArgs.deprecationMessage":"Thïs sëttïñg wïll søøñ þë ðëprëçætëð. Plëæsë µsë thë Pÿlïñt ëxtëñsïøñ. £ëærñ mørë hërë: https://ækæ.ms/ÆÆlgvkþ.","python.linting.pylintArgs.description":"Ærgµmëñts pæssëð ïñ. Ëæçh ærgµmëñt ïs æ sëpærætë ïtëm ïñ thë ærræÿ.","python.linting.pylintArgs.markdownDeprecationMessage":"Thïs sëttïñg wïll søøñ þë ðëprëçætëð. Plëæsë µsë thë [Pÿlïñt ëxtëñsïøñ](https://mærkëtplæçë.vïsµælstµðïø.çøm/ïtëms?ïtëmÑæmë=ms-pÿthøñ.pÿlïñt). <þr>£ëærñ mørë [hërë](https://ækæ.ms/ÆÆlgvkþ).","python.linting.pylintCategorySeverity.convention.deprecationMessage":"Thïs sëttïñg wïll søøñ þë ðëprëçætëð. Plëæsë µsë thë Pÿlïñt ëxtëñsïøñ. £ëærñ mørë hërë: https://ækæ.ms/ÆÆlgvkþ.","python.linting.pylintCategorySeverity.convention.description":"§ëvërïtÿ øf Pÿlïñt mëssægë tÿpë 'Çøñvëñtïøñ/Ç'.","python.linting.pylintCategorySeverity.convention.markdownDeprecationMessage":"Thïs sëttïñg wïll søøñ þë ðëprëçætëð. Plëæsë µsë thë [Pÿlïñt ëxtëñsïøñ](https://mærkëtplæçë.vïsµælstµðïø.çøm/ïtëms?ïtëmÑæmë=ms-pÿthøñ.pÿlïñt). <þr>£ëærñ mørë [hërë](https://ækæ.ms/ÆÆlgvkþ).","python.linting.pylintCategorySeverity.error.deprecationMessage":"Thïs sëttïñg wïll søøñ þë ðëprëçætëð. Plëæsë µsë thë Pÿlïñt ëxtëñsïøñ. £ëærñ mørë hërë: https://ækæ.ms/ÆÆlgvkþ.","python.linting.pylintCategorySeverity.error.description":"§ëvërïtÿ øf Pÿlïñt mëssægë tÿpë 'Ërrør/Ë'.","python.linting.pylintCategorySeverity.error.markdownDeprecationMessage":"Thïs sëttïñg wïll søøñ þë ðëprëçætëð. Plëæsë µsë thë [Pÿlïñt ëxtëñsïøñ](https://mærkëtplæçë.vïsµælstµðïø.çøm/ïtëms?ïtëmÑæmë=ms-pÿthøñ.pÿlïñt). <þr>£ëærñ mørë [hërë](https://ækæ.ms/ÆÆlgvkþ).","python.linting.pylintCategorySeverity.fatal.deprecationMessage":"Thïs sëttïñg wïll søøñ þë ðëprëçætëð. Plëæsë µsë thë Pÿlïñt ëxtëñsïøñ. £ëærñ mørë hërë: https://ækæ.ms/ÆÆlgvkþ.","python.linting.pylintCategorySeverity.fatal.description":"§ëvërïtÿ øf Pÿlïñt mëssægë tÿpë 'Ërrør/F'.","python.linting.pylintCategorySeverity.fatal.markdownDeprecationMessage":"Thïs sëttïñg wïll søøñ þë ðëprëçætëð. Plëæsë µsë thë [Pÿlïñt ëxtëñsïøñ](https://mærkëtplæçë.vïsµælstµðïø.çøm/ïtëms?ïtëmÑæmë=ms-pÿthøñ.pÿlïñt). <þr>£ëærñ mørë [hërë](https://ækæ.ms/ÆÆlgvkþ).","python.linting.pylintCategorySeverity.refactor.deprecationMessage":"Thïs sëttïñg wïll søøñ þë ðëprëçætëð. Plëæsë µsë thë Pÿlïñt ëxtëñsïøñ. £ëærñ mørë hërë: https://ækæ.ms/ÆÆlgvkþ.","python.linting.pylintCategorySeverity.refactor.description":"§ëvërïtÿ øf Pÿlïñt mëssægë tÿpë 'Rëfæçtør/R'.","python.linting.pylintCategorySeverity.refactor.markdownDeprecationMessage":"Thïs sëttïñg wïll søøñ þë ðëprëçætëð. Plëæsë µsë thë [Pÿlïñt ëxtëñsïøñ](https://mærkëtplæçë.vïsµælstµðïø.çøm/ïtëms?ïtëmÑæmë=ms-pÿthøñ.pÿlïñt). <þr>£ëærñ mørë [hërë](https://ækæ.ms/ÆÆlgvkþ).","python.linting.pylintCategorySeverity.warning.deprecationMessage":"Thïs sëttïñg wïll søøñ þë ðëprëçætëð. Plëæsë µsë thë Pÿlïñt ëxtëñsïøñ. £ëærñ mørë hërë: https://ækæ.ms/ÆÆlgvkþ.","python.linting.pylintCategorySeverity.warning.description":"§ëvërïtÿ øf Pÿlïñt mëssægë tÿpë 'Wærñïñg/W'.","python.linting.pylintCategorySeverity.warning.markdownDeprecationMessage":"Thïs sëttïñg wïll søøñ þë ðëprëçætëð. Plëæsë µsë thë [Pÿlïñt ëxtëñsïøñ](https://mærkëtplæçë.vïsµælstµðïø.çøm/ïtëms?ïtëmÑæmë=ms-pÿthøñ.pÿlïñt). <þr>£ëærñ mørë [hërë](https://ækæ.ms/ÆÆlgvkþ).","python.linting.pylintEnabled.deprecationMessage":"Thïs sëttïñg wïll søøñ þë ðëprëçætëð. Plëæsë µsë thë Pÿlïñt ëxtëñsïøñ. £ëærñ mørë hërë: https://ækæ.ms/ÆÆlgvkþ.","python.linting.pylintEnabled.description":"Whëthër tø lïñt Pÿthøñ fïlës µsïñg pÿlïñt.","python.linting.pylintEnabled.markdownDeprecationMessage":"Thïs sëttïñg wïll søøñ þë ðëprëçætëð. Plëæsë µsë thë [Pÿlïñt ëxtëñsïøñ](https://mærkëtplæçë.vïsµælstµðïø.çøm/ïtëms?ïtëmÑæmë=ms-pÿthøñ.pÿlïñt). <þr>£ëærñ mørë [hërë](https://ækæ.ms/ÆÆlgvkþ).","python.linting.pylintPath.deprecationMessage":"Thïs sëttïñg wïll søøñ þë ðëprëçætëð. Plëæsë µsë thë Pÿlïñt ëxtëñsïøñ. £ëærñ mørë hërë: https://ækæ.ms/ÆÆlgvkþ.","python.linting.pylintPath.description":"Pæth tø Pÿlïñt, ÿøµ çæñ µsë æ çµstøm vërsïøñ øf pÿlïñt þÿ møðïfÿïñg thïs sëttïñg tø ïñçlµðë thë fµll pæth.","python.linting.pylintPath.markdownDeprecationMessage":"Thïs sëttïñg wïll søøñ þë ðëprëçætëð. Plëæsë µsë thë [Pÿlïñt ëxtëñsïøñ](https://mærkëtplæçë.vïsµælstµðïø.çøm/ïtëms?ïtëmÑæmë=ms-pÿthøñ.pÿlïñt). <þr>£ëærñ mørë [hërë](https://ækæ.ms/ÆÆlgvkþ).","python.logging.level.deprecation":"Thïs sëttïñg ïs ðëprëçætëð. Plëæsë µsë çømmæñð `Ðëvëløpër: §ët £øg £ëvël...` tø sët løggïñg lëvël.","python.logging.level.description":"Thë løggïñg lëvël thë ëxtëñsïøñ løgs æt, ðëfæµlts tø 'ërrør'","python.menu.createNewFile.title":"Pÿthøñ Fïlë","python.missingPackage.severity.description":"§ët sëvërïtÿ øf mïssïñg pæçkægës ïñ rëqµïrëmëñts.txt ør pÿprøjëçt.tøml","python.pipenvPath.description":"Pæth tø thë pïpëñv ëxëçµtæþlë tø µsë før æçtïvætïøñ.","python.poetryPath.description":"Pæth tø thë pøëtrÿ ëxëçµtæþlë.","python.sortImports.args.deprecationMessage":"Thïs sëttïñg wïll þë rëmøvëð søøñ. Üsë 'ïsørt.ærgs' ïñstëæð.","python.sortImports.args.description":"Ærgµmëñts pæssëð ïñ. Ëæçh ærgµmëñt ïs æ sëpærætë ïtëm ïñ thë ærræÿ.","python.sortImports.path.deprecationMessage":"Thïs sëttïñg wïll þë rëmøvëð søøñ. Üsë 'ïsørt.pæth' ïñstëæð.","python.sortImports.path.description":"Pæth tø ïsørt sçrïpt, ðëfæµlt µsïñg ïññër vërsïøñ","python.tensorBoard.logDirectory.description":"§ët thïs sëttïñg tø ÿøµr prëfërrëð Tëñsørßøærð løg ðïrëçtørÿ tø skïp løg ðïrëçtørÿ prømpt whëñ stærtïñg Tëñsørßøærð.","python.terminal.activateEnvInCurrentTerminal.description":"Æçtïvætë Pÿthøñ Ëñvïrøñmëñt ïñ thë çµrrëñt Tërmïñæl øñ løæð øf thë Ëxtëñsïøñ.","python.terminal.activateEnvironment.description":"Æçtïvætë Pÿthøñ Ëñvïrøñmëñt ïñ æll Tërmïñæls çrëætëð.","python.terminal.executeInFileDir.description":"Whëñ ëxëçµtïñg æ fïlë ïñ thë tërmïñæl, whëthër tø µsë ëxëçµtë ïñ thë fïlë's ðïrëçtørÿ, ïñstëæð øf thë çµrrëñt øpëñ følðër.","python.terminal.focusAfterLaunch.description":"Whëñ læµñçhïñg æ pÿthøñ tërmïñæl, whëthër tø føçµs thë çµrsør øñ thë tërmïñæl.","python.terminal.launchArgs.description":"Pÿthøñ læµñçh ærgµmëñts tø µsë whëñ ëxëçµtïñg æ fïlë ïñ thë tërmïñæl.","python.testing.autoTestDiscoverOnSaveEnabled.description":"Ëñæþlë æµtø rµñ tëst ðïsçøvërÿ whëñ sævïñg æ tëst fïlë.","python.testing.cwd.description":"Øptïøñæl wørkïñg ðïrëçtørÿ før tësts.","python.testing.debugPort.description":"Pørt ñµmþër µsëð før ðëþµggïñg øf tësts.","python.testing.promptToConfigure.description":"Prømpt tø çøñfïgµrë æ tëst fræmëwørk ïf pøtëñtïæl tësts ðïrëçtørïës ærë ðïsçøvërëð.","python.testing.pytestArgs.description":"Ærgµmëñts pæssëð ïñ. Ëæçh ærgµmëñt ïs æ sëpærætë ïtëm ïñ thë ærræÿ.","python.testing.pytestEnabled.description":"Ëñæþlë tëstïñg µsïñg pÿtëst.","python.testing.pytestPath.description":"Pæth tø pÿtëst (pÿtëst), ÿøµ çæñ µsë æ çµstøm vërsïøñ øf pÿtëst þÿ møðïfÿïñg thïs sëttïñg tø ïñçlµðë thë fµll pæth.","python.testing.unittestArgs.description":"Ærgµmëñts pæssëð ïñ. Ëæçh ærgµmëñt ïs æ sëpærætë ïtëm ïñ thë ærræÿ.","python.testing.unittestEnabled.description":"Ëñæþlë tëstïñg µsïñg µñïttëst.","python.venvFolders.description":"Følðërs ïñ ÿøµr hømë ðïrëçtørÿ tø løøk ïñtø før vïrtµæl ëñvïrøñmëñts (sµppørts pÿëñv, ðïrëñv æñð vïrtµælëñvwræppër þÿ ðëfæµlt).","python.venvPath.description":"Pæth tø følðër wïth æ lïst øf Vïrtµæl Ëñvïrøñmëñts (ë.g. ~/.pÿëñv, ~/Ëñvs, ~/.vïrtµælëñvs).","walkthrough.pythonDataScienceWelcome.description":"Ýøµr fïrst stëps tø gëttïñg stærtëð wïth æ Ðætæ §çïëñçë prøjëçt wïth Pÿthøñ!","walkthrough.pythonDataScienceWelcome.title":"Gët §tærtëð wïth Pÿthøñ før Ðætæ §çïëñçë","walkthrough.pythonWelcome.description":"Ýøµr fïrst stëps tø sët µp æ Pÿthøñ prøjëçt wïth æll thë pøwërfµl tøøls æñð fëætµrës thæt thë Pÿthøñ ëxtëñsïøñ hæs tø øffër!","walkthrough.pythonWelcome.title":"Gët §tærtëð wïth Pÿthøñ Ðëvëløpmëñt","walkthrough.step.python.createEnvironment.altText":"Çrëætïñg æ Pÿthøñ ëñvïrøñmëñt frøm thë Çømmæñð Pælëttë","walkthrough.step.python.createEnvironment.description":"Çrëætë æñ ëñvïrøñmëñt før ÿøµr Pÿthøñ prøjëçt.\r\n[Çrëætë Ëñvïrøñmëñt](çømmæñð:pÿthøñ.çrëætëËñvïrøñmëñt)\r\n**Tïp**: Rµñ thë ``Pÿthøñ: Çrëætë Ëñvïrøñmëñt`` çømmæñð ïñ thë [Çømmæñð Pælëttë](çømmæñð:wørkþëñçh.æçtïøñ.shøwÇømmæñðs).\r\n 🔍 Çhëçk øµt øµr [ðøçs](https://ækæ.ms/pÿthøñëñvs) tø lëærñ mørë.","walkthrough.step.python.createEnvironment.description2":"Çrëætë æñ ëñvïrøñmëñt før ÿøµr Pÿthøñ prøjëçt ør µsë [§ëlëçt Pÿthøñ Ïñtërprëtër](çømmæñð:pÿthøñ.sëtÏñtërprëtër) tø sëlëçt æñ ëxïstïñg øñë.\r\n[Çrëætë Ëñvïrøñmëñt](çømmæñð:pÿthøñ.çrëætëËñvïrøñmëñt)\r\n**Tïp**: Rµñ thë ``Pÿthøñ: Çrëætë Ëñvïrøñmëñt`` çømmæñð ïñ thë [Çømmæñð Pælëttë](çømmæñð:wørkþëñçh.æçtïøñ.shøwÇømmæñðs).","walkthrough.step.python.createEnvironment.title":"Çrëætë æ Pÿthøñ Ëñvïrøñmëñt ","walkthrough.step.python.createEnvironment.title2":"Çrëætë ør sëlëçt æ Pÿthøñ Ëñvïrøñmëñt ","walkthrough.step.python.createNewNotebook.altText":"Çrëætïñg æ ñëw Jµpÿtër ñøtëþøøk","walkthrough.step.python.createNewNotebook.description":"Rïght çlïçk ïñ thë fïlë ëxplørër æñð çrëætë æ ñëw fïlë wïth æñ .ïpÿñþ ëxtëñsïøñ. Ør, øpëñ thë [Çømmæñð Pælëttë](çømmæñð:wørkþëñçh.æçtïøñ.shøwÇømmæñðs) æñð rµñ thë çømmæñð \r\n``Jµpÿtër: Çrëætë Ñëw ßlæñk Ñøtëþøøk``.\r\n[Çrëætë ñëw Jµpÿtër Ñøtëþøøk](çømmæñð:tø§ïðë:jµpÿtër.çrëætëñëwñøtëþøøk)\r\n Ïf ÿøµ hævë æñ ëxïstïñg prøjëçt, ÿøµ çæñ ælsø [øpëñ æ følðër](çømmæñð:wørkþëñçh.æçtïøñ.fïlës.øpëñFølðër) æñð/ør çløñë æ prøjëçt frøm GïtHµþ: [çløñë æ Gït rëpøsïtørÿ](çømmæñð:gït.çløñë).","walkthrough.step.python.createNewNotebook.title":"Çrëætë ør øpëñ æ Jµpÿtër Ñøtëþøøk","walkthrough.step.python.createPythonFile.altText":"Øpëñ æ Pÿthøñ fïlë ør æ følðër wïth æ Pÿthøñ prøjëçt.","walkthrough.step.python.createPythonFile.description":"[Øpëñ](çømmæñð:tø§ïðë:wørkþëñçh.æçtïøñ.fïlës.øpëñFïlë) ør [çrëætë](çømmæñð:tø§ïðë:wørkþëñçh.æçtïøñ.fïlës.ñëwÜñtïtlëðFïlë?%7ß%22læñgµægëÏð%22%3Æ%22pÿthøñ%22%7Ð) æ Pÿthøñ fïlë - mækë sµrë tø sævë ït æs \".pÿ\".\r\n[Çrëætë Pÿthøñ Fïlë](çømmæñð:tø§ïðë:wørkþëñçh.æçtïøñ.fïlës.ñëwÜñtïtlëðFïlë?%7ß%22læñgµægëÏð%22%3Æ%22pÿthøñ%22%7Ð)","walkthrough.step.python.createPythonFile.title":"Çrëætë æ Pÿthøñ fïlë","walkthrough.step.python.createPythonFolder.description":"[Øpëñ](çømmæñð:wørkþëñçh.æçtïøñ.fïlës.øpëñFølðër) ør çrëætë æ prøjëçt følðër.\r\n[Øpëñ Prøjëçt Følðër](çømmæñð:wørkþëñçh.æçtïøñ.fïlës.øpëñFølðër)","walkthrough.step.python.createPythonFolder.title":"Øpëñ æ Pÿthøñ prøjëçt følðër","walkthrough.step.python.dataScienceLearnMore.altText":"Ïmægë rëprësëñtïñg øµr ðøçµmëñtætïøñ pægë æñð mæïlïñg lïst rësøµrçës.","walkthrough.step.python.dataScienceLearnMore.description":"📒 Tækë æ løøk ïñtø thë [Jµpÿtër ëxtëñsïøñ](çømmæñð:wørkþëñçh.ëxtëñsïøñs.sëærçh?\"ms-tøølsæï.jµpÿtër\") fëætµrës, þÿ løøkïñg før \"Jµpÿtër\" ïñ thë [Çømmæñð Pælëttë](çømmæñð:wørkþëñçh.æçtïøñ.shøwÇømmæñðs). \r\n 🏃🏻 Fïñð øµt mørë fëætµrës ïñ øµr [Tµtørïæls](https://ækæ.ms/ÆÆðjzpð).  \r\n[£ëærñ mørë](https://ækæ.ms/ÆÆðær6q)","walkthrough.step.python.dataScienceLearnMore.title":"Fïñð øµt mørë!","walkthrough.step.python.installJupyterExt.altText":"Çrëætïñg æ ñëw Jµpÿtër ñøtëþøøk","walkthrough.step.python.installJupyterExt.description":"Ïf ÿøµ hævëñ't ælrëæðÿ, ïñstæll thë [Jµpÿtër ëxtëñsïøñ](çømmæñð:wørkþëñçh.ëxtëñsïøñs.sëærçh?\"ms-tøølsæï.jµpÿtër\") tø tækë fµll æðvæñtægë øf ñøtëþøøks ëxpërïëñçës ïñ V§ Çøðë!\r\n \r\n[§ëærçh Jµpÿtër ëxtëñsïøñ](çømmæñð:wørkþëñçh.ëxtëñsïøñs.sëærçh?\"ms-tøølsæï.jµpÿtër\")","walkthrough.step.python.installJupyterExt.title":"Ïñstæll Jµpÿtër ëxtëñsïøñ","walkthrough.step.python.installPythonLinux.description":"Thë Pÿthøñ Ëxtëñsïøñ rëqµïrës Pÿthøñ tø þë ïñstællëð. Ïñstæll Pÿthøñ 3 thrøµgh thë tërmïñæl.\r\n[Ïñstæll Pÿthøñ vïæ tërmïñæl](çømmæñð:pÿthøñ.ïñstællPÿthøñØñ£ïñµx)\r\n","walkthrough.step.python.installPythonLinux.title":"Ïñstæll Pÿthøñ","walkthrough.step.python.installPythonMac.description":"Thë Pÿthøñ Ëxtëñsïøñ rëqµïrës Pÿthøñ tø þë ïñstællëð. Ïñstæll Pÿthøñ 3 thrøµgh thë tërmïñæl.\r\n[Ïñstæll Pÿthøñ vïæ ßrëw](çømmæñð:pÿthøñ.ïñstællPÿthøñØñMæç)\r\n","walkthrough.step.python.installPythonMac.title":"Ïñstæll Pÿthøñ","walkthrough.step.python.installPythonWin8.description":"Thë Pÿthøñ Ëxtëñsïøñ rëqµïrës Pÿthøñ tø þë ïñstællëð. Ïñstæll Pÿthøñ [frøm pÿthøñ.ørg](https://www.pÿthøñ.ørg/ðøwñløæðs).\r\n\r\n[Ïñstæll Pÿthøñ](https://www.pÿthøñ.ørg/ðøwñløæðs)\r\n","walkthrough.step.python.installPythonWin8.title":"Ïñstæll Pÿthøñ","walkthrough.step.python.learnMoreWithDS.altText":"Ïmægë rëprësëñtïñg øµr ðøçµmëñtætïøñ pægë æñð mæïlïñg lïst rësøµrçës.","walkthrough.step.python.learnMoreWithDS.description":"🎨 Ëxplørë æll thë fëætµrës thë Pÿthøñ ëxtëñsïøñ hæs tø øffër þÿ løøkïñg før \"Pÿthøñ\" ïñ thë [Çømmæñð Pælëttë](çømmæñð:wørkþëñçh.æçtïøñ.shøwÇømmæñðs). \r\n 📈 £ëærñ mørë æþøµt gëttïñg stærtëð wïth [ðætæ sçïëñçë](çømmæñð:wørkþëñçh.æçtïøñ.øpëñWælkthrøµgh?%7ß%22çætëgørÿ%22%3Æ%22ms-pÿthøñ.pÿthøñ%23pÿthøñÐætæ§çïëñçëWëlçømë%22%2Ç%22stëp%22%3Æ%22ms-pÿthøñ.pÿthøñ%23pÿthøñ.çrëætëÑëwÑøtëþøøk%22%7Ð) ïñ Pÿthøñ. \r\n ✨ Tækë æ løøk æt øµr [Rëlëæsë Ñøtës](https://ækæ.ms/ÆÆ8ðxtþ) tø lëærñ mørë æþøµt thë lætëst fëætµrës. \r\n \r\n[£ëærñ Mørë](https://ækæ.ms/ÆÆ8ðqtï)","walkthrough.step.python.learnMoreWithDS.description2":"🎨 Ëxplørë æll thë fëætµrës thë Pÿthøñ ëxtëñsïøñ hæs tø øffër þÿ løøkïñg før \"Pÿthøñ\" ïñ thë [Çømmæñð Pælëttë](çømmæñð:wørkþëñçh.æçtïøñ.shøwÇømmæñðs). \r\n 📈 £ëærñ mørë æþøµt gëttïñg stærtëð wïth [ðætæ sçïëñçë](çømmæñð:wørkþëñçh.æçtïøñ.øpëñWælkthrøµgh?%7ß%22çætëgørÿ%22%3Æ%22ms-pÿthøñ.pÿthøñ%23pÿthøñÐætæ§çïëñçëWëlçømë%22%2Ç%22stëp%22%3Æ%22ms-pÿthøñ.pÿthøñ%23pÿthøñ.çrëætëÑëwÑøtëþøøk%22%7Ð) ïñ Pÿthøñ. \r\n ✨ Tækë æ løøk æt øµr [Rëlëæsë Ñøtës](https://ækæ.ms/ÆÆ8ðxtþ) tø lëærñ mørë æþøµt thë lætëst fëætµrës. \r\n \r\n[Følløw æløñg wïth thë Pÿthøñ Tµtørïæl](https://ækæ.ms/ÆÆ8ðqtï)","walkthrough.step.python.learnMoreWithDS.title":"Ëxplørë mørë rësøµrçës","walkthrough.step.python.openInteractiveWindow.altText":"Øpëñïñg Pÿthøñ ïñtëræçtïvë wïñðøw","walkthrough.step.python.openInteractiveWindow.description":"Thë Pÿthøñ Ïñtëræçtïvë Wïñðøw ïs æ Pÿthøñ shëll whërë ÿøµ çæñ ëxëçµtë æñð vïëw thë rësµlts øf ÿøµr Pÿthøñ çøðë. Ýøµ çæñ çrëætë çëlls øñ æ Pÿthøñ fïlë þÿ tÿpïñg ``#%%``.\r\n \r\nTø øpëñ thë ïñtëræçtïvë wïñðøw æñÿtïmë, øpëñ thë [Çømmæñð Pælëttë](çømmæñð:wørkþëñçh.æçtïøñ.shøwÇømmæñðs) æñð rµñ thë çømmæñð \r\n``Jµpÿtër: Çrëætë Ïñtëræçtïvë Wïñðøw``.\r\n[Øpëñ Ïñtëræçtïvë Wïñðøw](çømmæñð:jµpÿtër.çrëætëñëwïñtëræçtïvë)","walkthrough.step.python.openInteractiveWindow.title":"Øpëñ thë Pÿthøñ Ïñtëræçtïvë Wïñðøw","walkthrough.step.python.runAndDebug.altText":"Høw tø rµñ æñð ðëþµg ïñ V§ Çøðë wïth F5 ør thë plæÿ þµttøñ øñ thë tøp rïght.","walkthrough.step.python.runAndDebug.description":"Øpëñ ÿøµr Pÿthøñ fïlë  æñð çlïçk øñ thë plæÿ þµttøñ øñ thë tøp rïght øf thë ëðïtør, ør prëss F5 whëñ øñ thë fïlë æñð sëlëçt \"Pÿthøñ Fïlë\" tø rµñ wïth thë ðëþµggër. \r\n  \r\n[£ëærñ mørë](https://çøðë.vïsµælstµðïø.çøm/ðøçs/pÿthøñ/pÿthøñ-tµtørïæl#_rµñ-hëllø-wørlð)","walkthrough.step.python.runAndDebug.title":"Rµñ æñð ðëþµg ÿøµr Pÿthøñ fïlë","walkthrough.step.python.selectInterpreter.altText":"§ëlëçtïñg æ Pÿthøñ ïñtërprëtër frøm thë stætµs þær","walkthrough.step.python.selectInterpreter.description":"Çhøøsë whïçh Pÿthøñ ïñtërprëtër/ëñvïrøñmëñt ÿøµ wæñt tø µsë før ÿøµr Pÿthøñ prøjëçt.\r\n[§ëlëçt Pÿthøñ Ïñtërprëtër](çømmæñð:pÿthøñ.sëtÏñtërprëtër)\r\n**Tïp**: Rµñ thë ``Pÿthøñ: §ëlëçt Ïñtërprëtër`` çømmæñð ïñ thë [Çømmæñð Pælëttë](çømmæñð:wørkþëñçh.æçtïøñ.shøwÇømmæñðs).","walkthrough.step.python.selectInterpreter.title":"§ëlëçt æ Pÿthøñ Ïñtërprëtër"}
