{"python.activeStateToolPath.description":"Путь к исполняемому файлу State Tool для сред выполнения ActiveState (версия 0.36+).","python.autoComplete.extraPaths.description":"Список путей к библиотекам и подобным ресурсам, которые необходимо импортировать с помощью подсистемы автозаполнения. Например, при использовании пакета SDK Google App пути не указаны в системном пути, поэтому их необходимо добавить в этот список.","python.command.python.analysis.restartLanguageServer.title":"Перезапустить языковой сервер","python.command.python.clearCacheAndReload.title":"Очистить кэш и перезагрузить окно","python.command.python.clearWorkspaceInterpreter.title":"Очистить параметр интерпретатора рабочей области","python.command.python.configureTests.title":"Настройка тестов","python.command.python.createEnvironment.title":"Создать среду...","python.command.python.createNewFile.title":"Новый файл Python","python.command.python.createTerminal.title":"Создать терминал","python.command.python.debugInTerminal.title":"Отладка файла Python","python.command.python.enableLinting.title":"Включить или отключить анализ кода","python.command.python.enableSourceMapSupport.title":"Включить поддержку сопоставителя с исходным кодом для отладки расширений","python.command.python.execInDedicatedTerminal.title":"Запустить файл Python на выделенном терминале","python.command.python.execInTerminal.title":"Запустить файл Python в терминале","python.command.python.execInTerminalIcon.title":"Запуск файла Python","python.command.python.execSelectionInDjangoShell.title":"Запустить выделение или строку в оболочке Django","python.command.python.execSelectionInTerminal.title":"Запустить выделение или строку в терминале Python","python.command.python.installJupyter.title":"Установка расширения Jupyter","python.command.python.launchTensorBoard.title":"Запустить Tensorboard","python.command.python.refreshTensorBoard.title":"Обновить TensorBoard","python.command.python.reportIssue.title":"Сообщить о проблеме...","python.command.python.runLinting.title":"Запустить анализ кода","python.command.python.setInterpreter.title":"Выбор интерпретатора","python.command.python.setLinter.title":"Выбор анализатора кода","python.command.python.sortImports.title":"Сортировать импорты","python.command.python.startREPL.title":"Запустить REPL","python.command.python.viewLanguageServerOutput.title":"Показать выходные данные языкового сервера","python.command.python.viewOutput.title":"Показать выходные данные","python.command.testing.rerunFailedTests.title":"Повторить запуск неудачных тестов","python.condaPath.description":"Путь к исполняемому файлу Conda, используемому для активации (версия 4.4 и более поздние).","python.createEnvironment.contentButton.description":"Отображает или скрывает кнопку \"Создать среду\" в редакторе для файла \"requirements.txt\" и для других файлов зависимостей.","python.defaultInterpreterPath.description":"Путь к каталогу Python по умолчанию, используемый при первой загрузке расширения, больше не используется после выбора интерпретатора для рабочей области. Сведения о том, когда он используется, см. [здесь](https://aka.ms/AAfekmf).","python.diagnostics.sourceMapsEnabled.description":"Включение поддержки сопоставления исходного кода для значимых трассировок стека в журналах ошибок.","python.editor.context.submenu.runPython":"Запустить Python","python.editor.context.submenu.runPythonInteractive":"Запустить в интерактивном окне","python.envFile.description":"Абсолютный путь к файлу, содержащему определения переменных среды.","python.experiments.All.description":"Объединенный список всех экспериментов.","python.experiments.enabled.description":"Включает эксперименты A/B-тестов в расширения Python. Если этот параметр включен, вас могут включить в предлагаемые улучшения и (или) функции.","python.experiments.optInto.description":"Список экспериментов, в которых следует участвовать. Если он пуст, пользователю назначаются группы экспериментов по умолчанию. Дополнительные сведения см. [здесь](https://github.com/microsoft/vscode-python/wiki/AB-Experiments).","python.experiments.optOutFrom.description":"Список экспериментов, от которых следует отказаться. Если он пуст, пользователю назначаются группы экспериментов по умолчанию. Дополнительные сведения см. [здесь](https://github.com/microsoft/vscode-python/wiki/AB-Experiments).","python.experiments.pythonPromptNewToolsExt.description":"Обозначает эксперимент Python Prompt New Tools Extension.","python.experiments.pythonSurveyNotification.description":"Обозначает эксперимент с уведомлением опроса Python.","python.experiments.pythonTerminalEnvVarActivation.description":"Включает использование переменных сред для активации терминалов вместо отправки команд активации.","python.experiments.pythonTestAdapter.description":"Обозначает эксперимент адаптера теста Python.","python.formatting.autopep8Args.deprecationMessage":"Этот параметр скоро станет устаревшим. Пожалуйста, используйте расширение Autopep8. Узнайте больше здесь: https://aka.ms/AAlgvkb.","python.formatting.autopep8Args.description":"Аргументы переданы. Каждый аргумент является отдельным элементом в массиве.","python.formatting.autopep8Args.markdownDeprecationMessage":"Этот параметр скоро станет устаревшим. Пожалуйста, используйте [расширение Autopep8](https://marketplace.visualstudio.com/items?itemName=ms-python.autopep8). <br>Подробнее [здесь](https://aka.ms/AAlgvkb).","python.formatting.autopep8Path.deprecationMessage":"Этот параметр скоро станет устаревшим. Пожалуйста, используйте расширение Autopep8. Узнайте больше здесь: https://aka.ms/AAlgvkb.","python.formatting.autopep8Path.description":"Путь к autopep8. Можно использовать настраиваемую версию autopep8, изменяя этот параметр, чтобы включить полный путь.","python.formatting.autopep8Path.markdownDeprecationMessage":"Этот параметр скоро станет устаревшим. Пожалуйста, используйте [расширение Autopep8](https://marketplace.visualstudio.com/items?itemName=ms-python.autopep8). <br>Подробнее [здесь](https://aka.ms/AAlgvkb).","python.formatting.blackArgs.deprecationMessage":"Этот параметр скоро станет устаревшим. Пожалуйста, используйте расширение Black Formatter. Узнайте больше здесь: https://aka.ms/AAlgvkb.","python.formatting.blackArgs.description":"Аргументы переданы. Каждый аргумент является отдельным элементом в массиве.","python.formatting.blackArgs.markdownDeprecationMessage":"Этот параметр скоро станет устаревшим. Пожалуйста, используйте [расширение Black Formatter](https://marketplace.visualstudio.com/items?itemName=ms-python.black-formatter). <br>Подробнее [здесь](https://aka.ms/AAlgvkb).","python.formatting.blackPath.deprecationMessage":"Этот параметр скоро станет устаревшим. Пожалуйста, используйте расширение Black Formatter. Узнайте больше здесь: https://aka.ms/AAlgvkb.","python.formatting.blackPath.description":"Путь к Black, Можно использовать настраиваемую версию Black, изменяя этот параметр, чтобы включить полный путь.","python.formatting.blackPath.markdownDeprecationMessage":"Этот параметр скоро станет устаревшим. Пожалуйста, используйте [расширение Black Formatter](https://marketplace.visualstudio.com/items?itemName=ms-python.black-formatter). <br>Подробнее [здесь](https://aka.ms/AAlgvkb).","python.formatting.provider.deprecationMessage":"Этот параметр скоро станет устаревшим. Используйте расширение Autopep8 или расширение Black Formatter. Узнайте больше здесь: https://aka.ms/AAlgvkb.","python.formatting.provider.description":"Поставщик для форматирования. Возможные варианты: autopep8, black и yapf.","python.formatting.provider.markdownDeprecationMessage":"Этот параметр скоро станет устаревшим. Пожалуйста, используйте [расширение Autopep8](https://marketplace.visualstudio.com/items?itemName=ms-python.autopep8) или [расширение Black Formatter](https://marketplace.visualstudio.com/items?itemName= ms-python.black-formatter). <br>Подробнее [здесь](https://aka.ms/AAlgvkb).","python.formatting.yapfArgs.deprecationMessage":"Поддержка Yapf скоро будет прекращена. Узнайте больше здесь: https://aka.ms/AAlgvkb.","python.formatting.yapfArgs.description":"Аргументы переданы. Каждый аргумент является отдельным элементом в массиве.","python.formatting.yapfArgs.markdownDeprecationMessage":"Поддержка Yapf скоро будет прекращена. Узнайте больше [здесь](https://aka.ms/AAlgvkb).","python.formatting.yapfPath.deprecationMessage":"Поддержка Yapf скоро будет прекращена. Узнайте больше здесь: https://aka.ms/AAlgvkb.","python.formatting.yapfPath.description":"Путь к yapf, Можно использовать настраиваемую версию yapf, изменяя этот параметр, чтобы включить полный путь.","python.formatting.yapfPath.markdownDeprecationMessage":"Поддержка Yapf скоро будет прекращена. <br>Подробнее [здесь](https://aka.ms/AAlgvkb).","python.globalModuleInstallation.description":"Следует ли устанавливать модули Python глобально, если среда не используется.","python.interpreter.infoVisibility.always.description":"Всегда отображать сведения.","python.interpreter.infoVisibility.description":"Управляет отображением сведений о выбранном интерпретаторе в строке состояния.","python.interpreter.infoVisibility.never.description":"Никогда не отображать сведения.","python.interpreter.infoVisibility.onPythonRelated.description":"Отображать сведения, только если открыты файлы, связанные с Python.","python.languageServer.defaultDescription":"Автоматический выбор языкового сервера: Pylance, если он установлен и доступен, в противном случае откат к Jedi.","python.languageServer.description":"Определяет тип языкового сервера.","python.languageServer.jediDescription":"Использование Jedi c протоколом LSP в качестве языкового сервера.","python.languageServer.noneDescription":"Отключение возможностей языкового сервера.","python.languageServer.pylanceDescription":"Использование Pylance в качестве языкового сервера.","python.linting.banditArgs.deprecationMessage":"Поддержка Bandit скоро будет прекращена. Узнайте больше здесь: https://aka.ms/AAlgvkb.","python.linting.banditArgs.description":"Аргументы переданы. Каждый аргумент является отдельным элементом в массиве.","python.linting.banditArgs.markdownDeprecationMessage":"Поддержка бандитов скоро будет прекращена. Узнайте больше [здесь](https://aka.ms/AAlgvkb).","python.linting.banditEnabled.deprecationMessage":"Поддержка Bandit скоро будет прекращена. Узнайте больше здесь: https://aka.ms/AAlgvkb.","python.linting.banditEnabled.description":"Следует ли анализировать код файлов Python с помощью bandit.","python.linting.banditEnabled.markdownDeprecationMessage":"Поддержка бандитов скоро будет прекращена. Узнайте больше [здесь](https://aka.ms/AAlgvkb).","python.linting.banditPath.deprecationMessage":"Поддержка Bandit скоро будет прекращена. Узнайте больше здесь: https://aka.ms/AAlgvkb.","python.linting.banditPath.description":"Путь к bandit, Можно использовать настраиваемую версию bandit, изменяя этот параметр, чтобы включить полный путь.","python.linting.banditPath.markdownDeprecationMessage":"Поддержка бандитов скоро будет прекращена. Узнайте больше [здесь](https://aka.ms/AAlgvkb).","python.linting.cwd.deprecationMessage":"Этот параметр скоро станет устаревшим. Узнайте больше здесь: https://aka.ms/AAlgvkb.","python.linting.cwd.description":"Необязательный рабочий каталог для анализаторов кода.","python.linting.cwd.markdownDeprecationMessage":"Этот параметр скоро станет устаревшим. Узнайте больше [здесь](https://aka.ms/AAlgvkb).","python.linting.enabled.deprecationMessage":"Этот параметр скоро станет устаревшим. Узнайте больше здесь: https://aka.ms/AAlgvkb.","python.linting.enabled.description":"Следует ли анализировать код файлов Python.","python.linting.enabled.markdownDeprecationMessage":"Этот параметр скоро станет устаревшим. Узнайте больше [здесь](https://aka.ms/AAlgvkb).","python.linting.flake8Args.deprecationMessage":"Этот параметр скоро станет устаревшим. Пожалуйста, используйте расширение Flake8. Узнайте больше здесь: https://aka.ms/AAlgvkb.","python.linting.flake8Args.description":"Аргументы переданы. Каждый аргумент является отдельным элементом в массиве.","python.linting.flake8Args.markdownDeprecationMessage":"Этот параметр скоро станет устаревшим. Пожалуйста, используйте [расширение Flake8](https://marketplace.visualstudio.com/items?itemName=ms-python.flake8). <br>Подробнее [здесь](https://aka.ms/AAlgvkb).","python.linting.flake8CategorySeverity.E.deprecationMessage":"Этот параметр скоро станет устаревшим. Пожалуйста, используйте расширение Flake8. Узнайте больше здесь: https://aka.ms/AAlgvkb.","python.linting.flake8CategorySeverity.E.description":"Серьезность сообщения Flake8 типа \"E\".","python.linting.flake8CategorySeverity.E.markdownDeprecationMessage":"Этот параметр скоро станет устаревшим. Пожалуйста, используйте [расширение Flake8](https://marketplace.visualstudio.com/items?itemName=ms-python.flake8). <br>Подробнее [здесь](https://aka.ms/AAlgvkb).","python.linting.flake8CategorySeverity.F.deprecationMessage":"Этот параметр скоро станет устаревшим. Пожалуйста, используйте расширение Flake8. Узнайте больше здесь: https://aka.ms/AAlgvkb.","python.linting.flake8CategorySeverity.F.description":"Серьезность сообщения Flake8 типа \"F\".","python.linting.flake8CategorySeverity.F.markdownDeprecationMessage":"Этот параметр скоро станет устаревшим. Пожалуйста, используйте [расширение Flake8](https://marketplace.visualstudio.com/items?itemName=ms-python.flake8). <br>Подробнее [здесь](https://aka.ms/AAlgvkb).","python.linting.flake8CategorySeverity.W.deprecationMessage":"Этот параметр скоро станет устаревшим. Пожалуйста, используйте расширение Flake8. Узнайте больше здесь: https://aka.ms/AAlgvkb.","python.linting.flake8CategorySeverity.W.description":"Серьезность сообщения Flake8 типа \"W\".","python.linting.flake8CategorySeverity.W.markdownDeprecationMessage":"Этот параметр скоро станет устаревшим. Пожалуйста, используйте [расширение Flake8](https://marketplace.visualstudio.com/items?itemName=ms-python.flake8). <br>Подробнее [здесь](https://aka.ms/AAlgvkb).","python.linting.flake8Enabled.deprecationMessage":"Этот параметр скоро станет устаревшим. Пожалуйста, используйте расширение Flake8. Узнайте больше здесь: https://aka.ms/AAlgvkb.","python.linting.flake8Enabled.description":"Следует ли анализировать код файлов Python с помощью Flake8.","python.linting.flake8Enabled.markdownDeprecationMessage":"Этот параметр скоро станет устаревшим. Пожалуйста, используйте [расширение Flake8](https://marketplace.visualstudio.com/items?itemName=ms-python.flake8). <br>Подробнее [здесь](https://aka.ms/AAlgvkb).","python.linting.flake8Path.deprecationMessage":"Этот параметр скоро станет устаревшим. Пожалуйста, используйте расширение Flake8. Узнайте больше здесь: https://aka.ms/AAlgvkb.","python.linting.flake8Path.description":"Путь к Flake8. Можно использовать настраиваемую версию Flake8, изменяя этот параметр, чтобы включить полный путь.","python.linting.flake8Path.markdownDeprecationMessage":"Этот параметр скоро станет устаревшим. Пожалуйста, используйте [расширение Flake8](https://marketplace.visualstudio.com/items?itemName=ms-python.flake8). <br>Подробнее [здесь](https://aka.ms/AAlgvkb).","python.linting.ignorePatterns.deprecationMessage":"Этот параметр скоро станет устаревшим. Узнайте больше здесь: https://aka.ms/AAlgvkb.","python.linting.ignorePatterns.description":"Шаблоны, используемые для исключения файлов или папок из анализа кода.","python.linting.ignorePatterns.markdownDeprecationMessage":"Этот параметр скоро станет устаревшим. Узнайте больше [здесь](https://aka.ms/AAlgvkb).","python.linting.lintOnSave.deprecationMessage":"Этот параметр скоро станет устаревшим. Узнайте больше здесь: https://aka.ms/AAlgvkb.","python.linting.lintOnSave.description":"Следует ли анализировать код файлов Python при сохранении.","python.linting.lintOnSave.markdownDeprecationMessage":"Этот параметр скоро станет устаревшим. Узнайте больше [здесь](https://aka.ms/AAlgvkb).","python.linting.maxNumberOfProblems.deprecationMessage":"Этот параметр скоро станет устаревшим. Узнайте больше здесь: https://aka.ms/AAlgvkb.","python.linting.maxNumberOfProblems.description":"Управляет максимальным числом проблем, вызванных сервером.","python.linting.maxNumberOfProblems.markdownDeprecationMessage":"Этот параметр скоро станет устаревшим. Узнайте больше [здесь](https://aka.ms/AAlgvkb).","python.linting.mypyArgs.deprecationMessage":"Этот параметр скоро станет устаревшим. Пожалуйста, используйте расширение Mypy Type Checker. Узнайте больше здесь: https://aka.ms/AAlgvkb.","python.linting.mypyArgs.description":"Аргументы переданы. Каждый аргумент является отдельным элементом в массиве.","python.linting.mypyArgs.markdownDeprecationMessage":"Этот параметр скоро станет устаревшим. Пожалуйста, используйте [расширение Mypy Type Checker](https://marketplace.visualstudio.com/items?itemName=ms-python.mypy-type-checker). <br>Подробнее [здесь](https://aka.ms/AAlgvkb).","python.linting.mypyCategorySeverity.error.deprecationMessage":"Этот параметр скоро станет устаревшим. Пожалуйста, используйте расширение Mypy Type Checker. Узнайте больше здесь: https://aka.ms/AAlgvkb.","python.linting.mypyCategorySeverity.error.description":"Серьезность сообщения Mypy типа \"Error\".","python.linting.mypyCategorySeverity.error.markdownDeprecationMessage":"Этот параметр скоро станет устаревшим. Пожалуйста, используйте [расширение Mypy Type Checker](https://marketplace.visualstudio.com/items?itemName=ms-python.mypy-type-checker). <br>Подробнее [здесь](https://aka.ms/AAlgvkb).","python.linting.mypyCategorySeverity.note.deprecationMessage":"Этот параметр скоро станет устаревшим. Пожалуйста, используйте расширение Mypy Type Checker. Узнайте больше здесь: https://aka.ms/AAlgvkb.","python.linting.mypyCategorySeverity.note.description":"Серьезность сообщения Mypy типа \"Note\".","python.linting.mypyCategorySeverity.note.markdownDeprecationMessage":"Этот параметр скоро станет устаревшим. Пожалуйста, используйте [расширение Mypy Type Checker](https://marketplace.visualstudio.com/items?itemName=ms-python.mypy-type-checker). <br>Подробнее [здесь](https://aka.ms/AAlgvkb).","python.linting.mypyEnabled.deprecationMessage":"Этот параметр скоро станет устаревшим. Пожалуйста, используйте расширение Mypy Type Checker. Узнайте больше здесь: https://aka.ms/AAlgvkb.","python.linting.mypyEnabled.description":"Следует ли анализировать код файлов Python с помощью Mypy.","python.linting.mypyEnabled.markdownDeprecationMessage":"Этот параметр скоро станет устаревшим. Пожалуйста, используйте [расширение Mypy Type Checker](https://marketplace.visualstudio.com/items?itemName=ms-python.mypy-type-checker). <br>Подробнее [здесь](https://aka.ms/AAlgvkb).","python.linting.mypyPath.deprecationMessage":"Этот параметр скоро станет устаревшим. Пожалуйста, используйте расширение Mypy Type Checker. Узнайте больше здесь: https://aka.ms/AAlgvkb.","python.linting.mypyPath.description":"Путь к Mypy, Можно использовать настраиваемую версию Mypy, изменяя этот параметр, чтобы включить полный путь.","python.linting.mypyPath.markdownDeprecationMessage":"Этот параметр скоро станет устаревшим. Пожалуйста, используйте [расширение Mypy Type Checker](https://marketplace.visualstudio.com/items?itemName=ms-python.mypy-type-checker). <br>Подробнее [здесь](https://aka.ms/AAlgvkb).","python.linting.prospectorArgs.deprecationMessage":"Поддержка Prospector скоро будет прекращена. Узнайте больше здесь: https://aka.ms/AAlgvkb.","python.linting.prospectorArgs.description":"Аргументы переданы. Каждый аргумент является отдельным элементом в массиве.","python.linting.prospectorArgs.markdownDeprecationMessage":"Поддержка Prospector скоро будет прекращена. Узнайте больше [здесь](https://aka.ms/AAlgvkb).","python.linting.prospectorEnabled.deprecationMessage":"Поддержка Prospector скоро будет прекращена. Узнайте больше здесь: https://aka.ms/AAlgvkb.","python.linting.prospectorEnabled.description":"Следует ли анализировать код файлов Python с помощью prospector.","python.linting.prospectorEnabled.markdownDeprecationMessage":"Поддержка Prospector скоро будет прекращена. Узнайте больше [здесь](https://aka.ms/AAlgvkb).","python.linting.prospectorPath.deprecationMessage":"Поддержка Prospector скоро будет прекращена. Узнайте больше здесь: https://aka.ms/AAlgvkb.","python.linting.prospectorPath.description":"Путь к prospector. Можно использовать настраиваемую версию prospector, изменяя этот параметр, чтобы включить полный путь.","python.linting.prospectorPath.markdownDeprecationMessage":"Поддержка Prospector скоро будет прекращена. Узнайте больше [здесь](https://aka.ms/AAlgvkb).","python.linting.pycodestyleArgs.deprecationMessage":"Поддержка Pycodestyle скоро будет прекращена. Узнайте больше здесь: https://aka.ms/AAlgvkb.","python.linting.pycodestyleArgs.description":"Аргументы переданы. Каждый аргумент является отдельным элементом в массиве.","python.linting.pycodestyleArgs.markdownDeprecationMessage":"Поддержка Pycodestyle скоро будет прекращена. Узнайте больше [здесь](https://aka.ms/AAlgvkb).","python.linting.pycodestyleCategorySeverity.E.deprecationMessage":"Поддержка Pycodestyle скоро будет прекращена. Узнайте больше здесь: https://aka.ms/AAlgvkb.","python.linting.pycodestyleCategorySeverity.E.description":"Серьезность сообщения pycodestyle типа \"E\".","python.linting.pycodestyleCategorySeverity.E.markdownDeprecationMessage":"Поддержка Pycodestyle скоро будет прекращена. Узнайте больше [здесь](https://aka.ms/AAlgvkb).","python.linting.pycodestyleCategorySeverity.W.deprecationMessage":"Поддержка Pycodestyle скоро будет прекращена. Узнайте больше здесь: https://aka.ms/AAlgvkb.","python.linting.pycodestyleCategorySeverity.W.description":"Серьезность сообщения pycodestyle типа \"W\".","python.linting.pycodestyleCategorySeverity.W.markdownDeprecationMessage":"Поддержка Pycodestyle скоро будет прекращена. Узнайте больше [здесь](https://aka.ms/AAlgvkb).","python.linting.pycodestyleEnabled.deprecationMessage":"Поддержка Pycodestyle скоро будет прекращена. Узнайте больше здесь: https://aka.ms/AAlgvkb.","python.linting.pycodestyleEnabled.description":"Следует ли анализировать код файлов Python с помощью pycodestyle.","python.linting.pycodestyleEnabled.markdownDeprecationMessage":"Поддержка Pycodestyle скоро будет прекращена. Узнайте больше [здесь](https://aka.ms/AAlgvkb).","python.linting.pycodestylePath.deprecationMessage":"Поддержка Pycodestyle скоро будет прекращена. Узнайте больше здесь: https://aka.ms/AAlgvkb.","python.linting.pycodestylePath.description":"Путь к pycodestyle, Можно использовать настраиваемую версию pycodestyle, изменяя этот параметр, чтобы включить полный путь.","python.linting.pycodestylePath.markdownDeprecationMessage":"Поддержка Pycodestyle скоро будет прекращена. Узнайте больше [здесь](https://aka.ms/AAlgvkb).","python.linting.pydocstyleArgs.deprecationMessage":"Поддержка Pydocstyle скоро будет прекращена. Узнайте больше здесь: https://aka.ms/AAlgvkb.","python.linting.pydocstyleArgs.description":"Аргументы переданы. Каждый аргумент является отдельным элементом в массиве.","python.linting.pydocstyleArgs.markdownDeprecationMessage":"Поддержка Pydocstyle скоро будет прекращена. Узнайте больше [здесь](https://aka.ms/AAlgvkb).","python.linting.pydocstyleEnabled.deprecationMessage":"Поддержка Pydocstyle скоро будет прекращена. Узнайте больше здесь: https://aka.ms/AAlgvkb.","python.linting.pydocstyleEnabled.description":"Следует ли анализировать код файлов Python с помощью pydocstyle.","python.linting.pydocstyleEnabled.markdownDeprecationMessage":"Поддержка Pydocstyle скоро станет нерекомендуемой. Подробнее [здесь](https://aka.ms/AAlgvkb).","python.linting.pydocstylePath.deprecationMessage":"Поддержка Pydocstyle скоро будет прекращена. Узнайте больше здесь: https://aka.ms/AAlgvkb.","python.linting.pydocstylePath.description":"Путь к pydocstyle. Можно использовать настраиваемую версию pydocstyle, изменяя этот параметр, чтобы включить полный путь.","python.linting.pydocstylePath.markdownDeprecationMessage":"Поддержка Pydocstyle скоро будет прекращена. Узнайте больше [здесь](https://aka.ms/AAlgvkb).","python.linting.pylamaArgs.deprecationMessage":"Поддержка Pylama скоро будет прекращена. Узнайте больше здесь: https://aka.ms/AAlgvkb.","python.linting.pylamaArgs.description":"Аргументы переданы. Каждый аргумент является отдельным элементом в массиве.","python.linting.pylamaArgs.markdownDeprecationMessage":"Поддержка Pylama скоро станет нерекомендуемой. Подробнее [здесь](https://aka.ms/AAlgvkb).","python.linting.pylamaEnabled.deprecationMessage":"Поддержка Pylama скоро будет прекращена. Узнайте больше здесь: https://aka.ms/AAlgvkb.","python.linting.pylamaEnabled.description":"Следует ли анализировать код файлов Python с помощью pylama.","python.linting.pylamaEnabled.markdownDeprecationMessage":"Поддержка Pylama скоро станет нерекомендуемой. Подробнее [здесь](https://aka.ms/AAlgvkb).","python.linting.pylamaPath.deprecationMessage":"Поддержка Pylama скоро станет нерекомендуемой. Подробнее здесь: https://aka.ms/AAlgvkb.","python.linting.pylamaPath.description":"Путь к pylama, Можно использовать настраиваемую версию pylama, изменяя этот параметр, чтобы включить полный путь.","python.linting.pylamaPath.markdownDeprecationMessage":"Поддержка Pylama скоро станет нерекомендуемой. Подробнее [здесь](https://aka.ms/AAlgvkb).","python.linting.pylintArgs.deprecationMessage":"Этот параметр скоро станет нерекомендуемым. Используйте расширение Pylint. Подробнее здесь: https://aka.ms/AAlgvkb.","python.linting.pylintArgs.description":"Аргументы переданы. Каждый аргумент является отдельным элементом в массиве.","python.linting.pylintArgs.markdownDeprecationMessage":"Этот параметр скоро станет нерекомендуемым. Используйте [расширение Pylint](https://marketplace.visualstudio.com/items?itemName=ms-python.pylint). <br>Подробнее [здесь](https://aka.ms/AAlgvkb).","python.linting.pylintCategorySeverity.convention.deprecationMessage":"Этот параметр скоро станет устаревшим. Пожалуйста, используйте расширение Pylint. Узнайте больше здесь: https://aka.ms/AAlgvkb.","python.linting.pylintCategorySeverity.convention.description":"Серьезность сообщения Pylint типа \"Convention/C\".","python.linting.pylintCategorySeverity.convention.markdownDeprecationMessage":"Этот параметр скоро станет нерекомендуемым. Используйте [расширение Pylint](https://marketplace.visualstudio.com/items?itemName=ms-python.pylint). <br>Подробнее [здесь](https://aka.ms/AAlgvkb).","python.linting.pylintCategorySeverity.error.deprecationMessage":"Этот параметр скоро станет нерекомендуемым. Используйте расширение Pylint. Подробнее здесь: https://aka.ms/AAlgvkb.","python.linting.pylintCategorySeverity.error.description":"Серьезность сообщения Pylint типа \"Error/E\".","python.linting.pylintCategorySeverity.error.markdownDeprecationMessage":"Этот параметр скоро станет нерекомендуемым. Используйте [расширение Pylint](https://marketplace.visualstudio.com/items?itemName=ms-python.pylint). <br>Подробнее [здесь](https://aka.ms/AAlgvkb).","python.linting.pylintCategorySeverity.fatal.deprecationMessage":"Этот параметр скоро станет устаревшим. Пожалуйста, используйте расширение Pylint. Узнайте больше здесь: https://aka.ms/AAlgvkb.","python.linting.pylintCategorySeverity.fatal.description":"Серьезность сообщения Pylint \"Error/F\".","python.linting.pylintCategorySeverity.fatal.markdownDeprecationMessage":"Этот параметр скоро станет нерекомендуемым. Используйте [расширение Pylint](https://marketplace.visualstudio.com/items?itemName=ms-python.pylint). <br>Подробнее [здесь](https://aka.ms/AAlgvkb).","python.linting.pylintCategorySeverity.refactor.deprecationMessage":"Этот параметр скоро станет устаревшим. Пожалуйста, используйте расширение Pylint. Узнайте больше здесь: https://aka.ms/AAlgvkb.","python.linting.pylintCategorySeverity.refactor.description":"Серьезность сообщения Pylint типа \"Refactor/R\".","python.linting.pylintCategorySeverity.refactor.markdownDeprecationMessage":"Этот параметр скоро станет устаревшим. Пожалуйста, используйте [расширение Pylint](https://marketplace.visualstudio.com/items?itemName=ms-python.pylint). <br>Подробнее [здесь](https://aka.ms/AAlgvkb).","python.linting.pylintCategorySeverity.warning.deprecationMessage":"Этот параметр скоро станет нерекомендуемым. Используйте расширение Pylint. Подробнее здесь: https://aka.ms/AAlgvkb.","python.linting.pylintCategorySeverity.warning.description":"Серьезность сообщения Pylint типа \"Warning/W\".","python.linting.pylintCategorySeverity.warning.markdownDeprecationMessage":"Этот параметр скоро станет нерекомендуемым. Используйте [расширение Pylint](https://marketplace.visualstudio.com/items?itemName=ms-python.pylint). <br>Подробнее [здесь](https://aka.ms/AAlgvkb).","python.linting.pylintEnabled.deprecationMessage":"Этот параметр скоро станет устаревшим. Пожалуйста, используйте расширение Pylint. Узнайте больше здесь: https://aka.ms/AAlgvkb.","python.linting.pylintEnabled.description":"Следует ли анализировать код файлов Python с помощью Pylint.","python.linting.pylintEnabled.markdownDeprecationMessage":"Этот параметр скоро станет устаревшим. Пожалуйста, используйте [расширение Pylint](https://marketplace.visualstudio.com/items?itemName=ms-python.pylint). <br>Подробнее [здесь](https://aka.ms/AAlgvkb).","python.linting.pylintPath.deprecationMessage":"Этот параметр скоро станет нерекомендуемым. Используйте расширение Pylint. Подробнее здесь: https://aka.ms/AAlgvkb.","python.linting.pylintPath.description":"Путь к Pylint, Можно использовать настраиваемую версию Pylint, изменяя этот параметр, чтобы включить полный путь.","python.linting.pylintPath.markdownDeprecationMessage":"Этот параметр скоро станет устаревшим. Пожалуйста, используйте [расширение Pylint](https://marketplace.visualstudio.com/items?itemName=ms-python.pylint). <br>Подробнее [здесь](https://aka.ms/AAlgvkb).","python.logging.level.deprecation":"Этот параметр устарел. Используйте команду \"Developer: Set Log Level...\" для задания уровня ведения журнала.","python.logging.level.description":"Уровень ведения журнала для журналов расширения, значение по умолчанию — \"error\"","python.menu.createNewFile.title":"Файл Python","python.missingPackage.severity.description":"Настройка уровня серьезности отсутствующих пакетов в requirements.txt или pyproject.toml","python.pipenvPath.description":"Путь к исполняемому файлу pipenv, используемому для активации.","python.poetryPath.description":"Путь к исполняемому файлу poetry.","python.sortImports.args.deprecationMessage":"Этот параметр скоро будет удален. Вместо этого используйте \"isort.args\".","python.sortImports.args.description":"Аргументы переданы. Каждый аргумент является отдельным элементом в массиве.","python.sortImports.path.deprecationMessage":"Этот параметр скоро будет удален. Вместо этого используйте \"isort.path\".","python.sortImports.path.description":"Путь к скрипту isort, по умолчанию с использованием внутренней версии","python.tensorBoard.logDirectory.description":"Задайте в качестве этого параметра предпочитаемый каталог журнала TensorBoard для пропуск запроса каталога журнала при запуске TensorBoard.","python.terminal.activateEnvInCurrentTerminal.description":"Активация среды Python в текущем терминале при загрузке расширения.","python.terminal.activateEnvironment.description":"Активация среды Python во всех созданных терминалах.","python.terminal.executeInFileDir.description":"При выполнении файла в терминале следует ли делать это в каталоге файла, а не в текущей открытой папке.","python.terminal.focusAfterLaunch.description":"Следует ли переключить фокус курсора на терминал при запуске терминала Python.","python.terminal.launchArgs.description":"Аргументы запуска Python, которые будут использоваться при выполнении файла в терминале.","python.testing.autoTestDiscoverOnSaveEnabled.description":"Включите обнаружение автоматических тестов при сохранении файла теста.","python.testing.cwd.description":"Необязательный рабочий каталог для тестов.","python.testing.debugPort.description":"Номер порта, используемый для отладки тестов.","python.testing.promptToConfigure.description":"Запрос на настройку платформы тестирования при обнаружении потенциальных каталогов тестов.","python.testing.pytestArgs.description":"Аргументы переданы. Каждый аргумент является отдельным элементом в массиве.","python.testing.pytestEnabled.description":"Включить тестирование с помощью pytest.","python.testing.pytestPath.description":"Путь к pytest (pytest). Можно использовать настраиваемую версию pytest, изменяя этот параметр, чтобы включить полный путь.","python.testing.unittestArgs.description":"Аргументы переданы. Каждый аргумент является отдельным элементом в массиве.","python.testing.unittestEnabled.description":"Включить тестирование с помощью unittest.","python.venvFolders.description":"Папки в домашнем каталоге для поиска виртуальных сред (по умолчанию поддерживают pyenv, direnv и virtualenvwrapper).","python.venvPath.description":"Путь к папке со списком виртуальных сред (например, ~/.pyenv, ~/Envs, ~/.virtualenvs).","walkthrough.pythonDataScienceWelcome.description":"Ваши первые шаги по началу работы с проектом по обработке и анализу данных Python!","walkthrough.pythonDataScienceWelcome.title":"Начало работы с Python для обработки и анализа данных","walkthrough.pythonWelcome.description":"Ваши первые шаги по настройке проекта Python с использованием всех мощных инструментов и функций, которые может предложить расширение Python!","walkthrough.pythonWelcome.title":"Начало работы с разработкой на Python","walkthrough.step.python.createEnvironment.altText":"Создание среды Python из палитры команд","walkthrough.step.python.createEnvironment.description":"Создайте среду для проекта Python.\r\n[Создать среду](command:python.createEnvironment)\r\n**Совет**: выполните команду \"Python: Create Environment\" в [палитре команд](command:workbench.action.showCommands).\r\n 🔍 Ознакомьтесь с нашей [документацией](https://aka.ms/pythonenvs) для получения дополнительных сведений.","walkthrough.step.python.createEnvironment.description2":"Создайте среду для проекта Python или используйте [выбор интерпретатора Python](command:python.setInterpreter) для выбора существующей среды.\r\n[Создать среду](command:python.createEnvironment)\r\n**Совет**. Выполните команду \"Python: Create Environment\" в [палитре команд](command:workbench.action.showCommands).","walkthrough.step.python.createEnvironment.title":"Создание среды Python ","walkthrough.step.python.createEnvironment.title2":"Создайте или выберите среду Python ","walkthrough.step.python.createNewNotebook.altText":"Создание новой записной книжки Jupyter","walkthrough.step.python.createNewNotebook.description":"Щелкните правой кнопкой мыши в проводнике и создайте новый файл с расширением IPYNB. Или откройте [палитру команд](command:workbench.action.showCommands) и выполните команду \r\n\"Jupyter: Create New Blank Notebook\".\r\n[Создать новую записную книжку Jupyter Notebook](command:toSide:jupyter.createnewnotebook)\r\n Если у вас уже есть проект, вы также можете [открыть папку](command:workbench.action.files.openFolder) и (или) клонировать проект из GitHub: [клонировать репозиторий Git](command:toSide:git.clone).","walkthrough.step.python.createNewNotebook.title":"Создайте или откройте Jupyter Notebook.","walkthrough.step.python.createPythonFile.altText":"Открытие файла или папки Python с помощью проекта Python.","walkthrough.step.python.createPythonFile.description":"[Откройте](command:toSide:workbench.action.files.openFile) или [создайте](command:toSide:workbench.action.files.newUntitledFile?%7B%22languageId%22%3A%22python%22%7D) файл Python — обязательно сохраните его с расширением PY.\r\n[Создать файл Python](command:toSide:workbench.action.files.newUntitledFile?%7B%22languageId%22%3A%22python%22%7D)","walkthrough.step.python.createPythonFile.title":"Создание файла Python","walkthrough.step.python.createPythonFolder.description":"[Откройте](command:workbench.action.files.openFolder) или создайте папку проекта.\r\n[Открыть папку проекта](command:workbench.action.files.openFolder)","walkthrough.step.python.createPythonFolder.title":"Открыть папку проекта Python","walkthrough.step.python.dataScienceLearnMore.altText":"Изображение, представляющее нашу страницу документации и ресурсы списка рассылки.","walkthrough.step.python.dataScienceLearnMore.description":"📒 Ознакомьтесь с [ расширением Jupyter](command:workbench.extensions.search?\" ms-toolsai.jupyter\"), выполнив поиск Jupyter в [палитре команд](command:workbench.action.showCommands). \r\n 🏃🏻 Узнайте больше о функциях в наших [руководствах](https://aka.ms/AAdjzpd).  \r\n[Дополнительные сведения](https://aka.ms/AAdar6q)","walkthrough.step.python.dataScienceLearnMore.title":"Подробнее","walkthrough.step.python.installJupyterExt.altText":"Создание новой записной книжки Jupyter","walkthrough.step.python.installJupyterExt.description":"Если вы еще этого не сделали, установите [расширение Jupyter](command:workbench.extensions.search?\" ms-toolsai.jupyter\") для использования всех возможностей записных книжек в VS Code!\r\n \r\n[Поиск расширения Jupyter](command:workbench.extensions.search?\" ms-toolsai.jupyter\")","walkthrough.step.python.installJupyterExt.title":"Установка расширения Jupyter","walkthrough.step.python.installPythonLinux.description":"Для установки расширения Python требуется установить Python. Установите Python 3 с помощью терминала.\r\n[Установить Python с помощью терминала](command:python.installPythonOnLinux)\r\n","walkthrough.step.python.installPythonLinux.title":"Установка Python","walkthrough.step.python.installPythonMac.description":"Для установки расширения Python требуется установить Python. Установите Python 3 с помощью терминала.\r\n[Установить Python с помощью Brew](command:python.installPythonOnMac)\r\n","walkthrough.step.python.installPythonMac.title":"Установка Python","walkthrough.step.python.installPythonWin8.description":"Для установки расширения Python требуется установить Python. Установите Python [с python.org](https://www.python.org/downloads).\r\n\r\n[Установить Python](https://www.python.org/downloads)\r\n","walkthrough.step.python.installPythonWin8.title":"Установка Python","walkthrough.step.python.learnMoreWithDS.altText":"Изображение, представляющее нашу страницу документации и ресурсы списка рассылки.","walkthrough.step.python.learnMoreWithDS.description":"🎨 Просмотрите все функции, которые может предложить расширение Python, выполнив поиск \"Python\" в [палитре команд](command:workbench.action.showCommands). \r\n 📈 Дополнительные сведения о начале работы с [обработкой и анализом данных](command:workbench.action.openWalkthrough?%7B%22category%22%3A%22ms-python.python%23pythonDataScienceWelcome%22%2C%22step%22%3A%22ms-python.python%23python.createNewNotebook%22%7D) в Python. \r\n ✨ Просмотрите [заметки о выпуске](https://aka.ms/AA8dxtb), чтобы узнать о новейших функциях. \r\n \r\n[Дополнительные сведения](https://aka.ms/AA8dqti)","walkthrough.step.python.learnMoreWithDS.description2":"🎨 Просмотрите все функции, которые может предложить расширение Python, выполнив поиск \"Python\" в [палитре команд](command:workbench.action.showCommands). \r\n 📈 Узнайте больше о начале работы с [обработкой и анализом данных](command:workbench.action.openWalkthrough?%7B%22category%22%3A%22ms-python.python%23pythonDataScienceWelcome%22%2C%22step%22%3A%22ms-python.python%23python.createNewNotebook%22%7D) в Python. \r\n ✨ Просмотрите [заметки о выпуске](https://aka.ms/AA8dxtb), чтобы узнать о новейших функциях. \r\n \r\n[Просмотрите учебник по Python](https://aka.ms/AA8dqti)","walkthrough.step.python.learnMoreWithDS.title":"Дополнительные ресурсы","walkthrough.step.python.openInteractiveWindow.altText":"Открытие интерактивного окна Python","walkthrough.step.python.openInteractiveWindow.description":"Интерактивное окно Python — это оболочка Python, в которой можно выполнять код Python и просматривать результаты его выполнения. Вы можете создавать ячейки в файле Python, введя \"#%%\".\r\n \r\nЧтобы в любое время открыть интерактивное окно, откройте [палитру команд] (command:workbench.action.showCommands) и выполните команду \r\n\"Jupyter: Create Interactive Window\".\r\n[Открыть интерактивное окно](command:jupyter.createnewinteractive)","walkthrough.step.python.openInteractiveWindow.title":"Открытие интерактивного окна Python","walkthrough.step.python.runAndDebug.altText":"Запуск и отладка в VS Code с помощью клавиши F5 или кнопки воспроизведения в правом верхнем углу.","walkthrough.step.python.runAndDebug.description":"Откройте файл Python и нажмите кнопку \"Воспроизвести\" в правом верхнем углу редактора или нажмите клавишу F5 при выборе файла и выберите \"Файл Python\", чтобы запустить отладчик. \r\n  \r\n[Дополнительные сведения](https://code.visualstudio.com/docs/python/python-tutorial#_run-hello-world)","walkthrough.step.python.runAndDebug.title":"Запуск и отладка файла Python","walkthrough.step.python.selectInterpreter.altText":"Выбор интерпретатора Python из строки состояния","walkthrough.step.python.selectInterpreter.description":"Выберите интерпретатор или среду Python, которые вы хотите использовать для проекта Python.\r\n[Выбрать интерпретатор Python](command:python.setInterpreter)\r\n**Совет**. Выполните команду \"Python: Select Interpreter\" в [палитре команд](command:workbench.action.showCommands).","walkthrough.step.python.selectInterpreter.title":"Выбор интерпретатора Python"}
