{"python.activeStateToolPath.description":"Chemin d’accès de l’exécutable State Tool pour les runtimes ActiveState (version 0.36+).","python.autoComplete.extraPaths.description":"Liste des chemins d'accès aux bibliothèques et autres qui doivent être importés par le moteur auto complete. Par exemple, lorsque vous utilisez Google App SDK, les chemins ne sont pas dans le chemin du système, et doivent donc être ajoutés à cette liste.","python.command.python.analysis.restartLanguageServer.title":"Redémarrer le serveur de langue","python.command.python.clearCacheAndReload.title":"Effacer le cache et recharger la fenêtre","python.command.python.clearWorkspaceInterpreter.title":"Effacer le paramètre de l’interpréteur d’espace de travail","python.command.python.configureTests.title":"Configurer les tests","python.command.python.createEnvironment.title":"Créer un environnement...","python.command.python.createNewFile.title":"Nouveau fichier Python","python.command.python.createTerminal.title":"Créer un terminal","python.command.python.debugInTerminal.title":"Déboguer le fichier Python","python.command.python.enableLinting.title":"Activer/désactiver le linting","python.command.python.enableSourceMapSupport.title":"Activer la prise en charge du mappage de source pour le débogage d’extension","python.command.python.execInDedicatedTerminal.title":"Exécuter le fichier Python dans un terminal dédié","python.command.python.execInTerminal.title":"Exécuter le fichier Python dans le terminal","python.command.python.execInTerminalIcon.title":"Exécuter le fichier Python","python.command.python.execSelectionInDjangoShell.title":"Exécuter la sélection/la ligne dans l’interpréteur de commandes Django","python.command.python.execSelectionInTerminal.title":"Exécuter la sélection/la ligne dans le terminal Python","python.command.python.installJupyter.title":"Installer l'extension Jupyter","python.command.python.launchTensorBoard.title":"Lancer Tensorboard","python.command.python.refreshTensorBoard.title":"Actualiser TensorBoard","python.command.python.reportIssue.title":"Signaler un problème...","python.command.python.runLinting.title":"Exécuter le linting","python.command.python.setInterpreter.title":"Sélectionner un interpréteur","python.command.python.setLinter.title":"Sélectionner Linter","python.command.python.sortImports.title":"Trier les importations","python.command.python.startREPL.title":"Démarrer REPL","python.command.python.viewLanguageServerOutput.title":"Afficher la sortie du serveur de langage","python.command.python.viewOutput.title":"Afficher la sortie","python.command.testing.rerunFailedTests.title":"Réexécuter les tests non réussis","python.condaPath.description":"Chemin de l’exécutable conda à utiliser pour l’activation (version 4.4+)","python.createEnvironment.contentButton.description":"Afficher ou masquer le bouton Créer un environnement dans l’éditeur pour « requirements.txt » ou d’autres fichiers de dépendance.","python.defaultInterpreterPath.description":"Chemin d’accès vers le Python par défaut à utiliser lorsque l’extension se charge pour la première fois, il n’est plus utilisé une fois qu’un interpréteur est sélectionné pour l’espace de travail. Voir [ici](https://aka.ms/AAfekmf) pour comprendre quand ceci est utilisé","python.diagnostics.sourceMapsEnabled.description":"Activez la prise en charge du mappage de source pour les traces de pile significatives dans les journaux d’erreurs.","python.editor.context.submenu.runPython":"Exécuter Python","python.editor.context.submenu.runPythonInteractive":"Exécuter dans la Fenêtre interactive","python.envFile.description":"Chemin absolu d'un fichier contenant des définitions de variables d'environnement.","python.experiments.All.description":"Liste combinée de toutes les expériences.","python.experiments.enabled.description":"Active les essais de tests A/B dans l’extension Python. Si cette option est activée, vous pouvez être inclus dans les améliorations et/ou fonctionnalités proposées.","python.experiments.optInto.description":"Liste des expériences à accepter. Si elle est vide, l’utilisateur se voit attribuer les groupes d’expériences par défaut. Voir[ ici](https://github.com/microsoft/vscode-python/wiki/AB-Experiments) pour plus de détails.","python.experiments.optOutFrom.description":"Liste des expériences à refuser. Si elle est vide, l’utilisateur se voit attribuer les groupes d’expériences par défaut. Voir [ici](https://github.com/microsoft/vscode-python/wiki/AB-Experiments) pour plus de détails.","python.experiments.pythonPromptNewToolsExt.description":"Indique l’expérience Python Prompt New Tools Extension.","python.experiments.pythonSurveyNotification.description":"Indique l’expérience de notification d’enquête Python.","python.experiments.pythonTerminalEnvVarActivation.description":"Permet d’utiliser des variables d’environnement pour activer des terminaux au lieu d’envoyer des commandes d’activation.","python.experiments.pythonTestAdapter.description":"Désigne l'expérience Python Test Adapter.","python.formatting.autopep8Args.deprecationMessage":"Ce paramètre sera bientôt obsolète. Veuillez utiliser l'extension Autopep8. En savoir plus ici : https://aka.ms/AAlgvkb.","python.formatting.autopep8Args.description":"Arguments passés. Chaque argument est un élément distinct dans le tableau.","python.formatting.autopep8Args.markdownDeprecationMessage":"Ce paramètre sera bientôt obsolète. Veuillez utiliser l'[extension Autopep8](https://marketplace.visualstudio.com/items?itemName=ms-python.autopep8). <br>En savoir plus [ici](https://aka.ms/AAlgvkb).","python.formatting.autopep8Path.deprecationMessage":"Ce paramètre sera bientôt obsolète. Veuillez utiliser l'extension Autopep8. En savoir plus ici : https://aka.ms/AAlgvkb.","python.formatting.autopep8Path.description":"Chemin d'accès à autopep8, vous pouvez utiliser une version personnalisée d'autopep8 en modifiant ce paramètre pour inclure le chemin complet.","python.formatting.autopep8Path.markdownDeprecationMessage":"Ce paramètre sera bientôt obsolète. Veuillez utiliser l'[extension Autopep8](https://marketplace.visualstudio.com/items?itemName=ms-python.autopep8). <br>En savoir plus [ici](https://aka.ms/AAlgvkb).","python.formatting.blackArgs.deprecationMessage":"Ce paramètre sera bientôt obsolète. Veuillez utiliser l'extension Black Formatter. En savoir plus ici : https://aka.ms/AAlgvkb.","python.formatting.blackArgs.description":"Arguments passés. Chaque argument est un élément distinct dans le tableau.","python.formatting.blackArgs.markdownDeprecationMessage":"Ce paramètre sera bientôt obsolète. Veuillez utiliser l'[extension Black Formatter](https://marketplace.visualstudio.com/items?itemName=ms-python.black-formatter). <br>En savoir plus [ici](https://aka.ms/AAlgvkb).","python.formatting.blackPath.deprecationMessage":"Ce paramètre sera bientôt obsolète. Veuillez utiliser l'extension Black Formatter. En savoir plus ici : https://aka.ms/AAlgvkb.","python.formatting.blackPath.description":"Chemin à Black, vous pouvez utiliser une version personnalisée de Black en modifiant ce paramètre pour inclure le chemin d'accès complet.","python.formatting.blackPath.markdownDeprecationMessage":"Ce paramètre sera bientôt obsolète. Veuillez utiliser l'[extension Black Formatter](https://marketplace.visualstudio.com/items?itemName=ms-python.black-formatter). <br>En savoir plus [ici](https://aka.ms/AAlgvkb).","python.formatting.provider.deprecationMessage":"Ce paramètre sera bientôt obsolète. Veuillez utiliser l'extension Autopep8 ou l'extension Black Formatter. En savoir plus ici : https://aka.ms/AAlgvkb.","python.formatting.provider.description":"Fournisseur de mise en forme. Les options possibles sont 'autopep8', 'black' et 'yapf'.","python.formatting.provider.markdownDeprecationMessage":"Ce paramètre sera bientôt obsolète. Veuillez utiliser l'[extension Autopep8](https://marketplace.visualstudio.com/items?itemName=ms-python.autopep8) ou l'[extension Black Formatter](https://marketplace.visualstudio.com/items?itemName= ms-python.black-formatter). <br>En savoir plus [ici](https://aka.ms/AAlgvkb).","python.formatting.yapfArgs.deprecationMessage":"Le support Yapf sera bientôt obsolète. En savoir plus ici : https://aka.ms/AAlgvkb.","python.formatting.yapfArgs.description":"Arguments passés. Chaque argument est un élément distinct dans le tableau.","python.formatting.yapfArgs.markdownDeprecationMessage":"Le support Yapf sera bientôt obsolète. En savoir plus [ici](https://aka.ms/AAlgvkb).","python.formatting.yapfPath.deprecationMessage":"Le support Yapf sera bientôt obsolète. En savoir plus ici : https://aka.ms/AAlgvkb.","python.formatting.yapfPath.description":"Chemin vers yapf, vous pouvez utiliser une version personnalisée de yapf en modifiant ce paramètre pour inclure le chemin complet.","python.formatting.yapfPath.markdownDeprecationMessage":"Le support Yapf sera bientôt obsolète. <br>En savoir plus [ici](https://aka.ms/AAlgvkb).","python.globalModuleInstallation.description":"Indique si les modules Python doivent être installés globalement en l’absence d’un environnement.","python.interpreter.infoVisibility.always.description":"Toujours afficher des informations","python.interpreter.infoVisibility.description":"Contrôle quand afficher les informations de l’interpréteur sélectionné dans la barre d’état.","python.interpreter.infoVisibility.never.description":"Ne jamais afficher des informations","python.interpreter.infoVisibility.onPythonRelated.description":"Affichez les informations uniquement si des fichiers liés à Python sont ouverts.","python.languageServer.defaultDescription":"Sélectionnez automatiquement un serveur de langue : Pylance si installé et disponible, sinon basculez vers Jedi.","python.languageServer.description":"Définit le type du serveur de langage.","python.languageServer.jediDescription":"Utilisez le Jedi derrière le protocole LSP (Language Server Protocol) comme serveur de langage.","python.languageServer.noneDescription":"Désactivez les fonctionnalités du serveur de langage.","python.languageServer.pylanceDescription":"Utilisez Pylance comme serveur de langage.","python.linting.banditArgs.deprecationMessage":"Le support Bandit sera bientôt obsolète. En savoir plus ici : https://aka.ms/AAlgvkb.","python.linting.banditArgs.description":"Arguments passés. Chaque argument est un élément distinct dans le tableau.","python.linting.banditArgs.markdownDeprecationMessage":"Le support Bandit sera bientôt obsolète. En savoir plus [ici](https://aka.ms/AAlgvkb).","python.linting.banditEnabled.deprecationMessage":"Le support Bandit sera bientôt obsolète. En savoir plus ici : https://aka.ms/AAlgvkb.","python.linting.banditEnabled.description":"Indique s’il faut linter les fichiers Python à l’aide de bandit.","python.linting.banditEnabled.markdownDeprecationMessage":"Le support Bandit sera bientôt obsolète. En savoir plus [ici](https://aka.ms/AAlgvkb).","python.linting.banditPath.deprecationMessage":"Le support Bandit sera bientôt obsolète. En savoir plus ici : https://aka.ms/AAlgvkb.","python.linting.banditPath.description":"Chemin d’accès au constructeur, vous pouvez utiliser une version personnalisée du constructeur en modifiant ce paramètre pour inclure le chemin d’accès complet.","python.linting.banditPath.markdownDeprecationMessage":"Le support Bandit sera bientôt obsolète. En savoir plus [ici](https://aka.ms/AAlgvkb).","python.linting.cwd.deprecationMessage":"Ce paramètre sera bientôt obsolète. En savoir plus ici : https://aka.ms/AAlgvkb.","python.linting.cwd.description":"Répertoire de travail facultatif pour les linters","python.linting.cwd.markdownDeprecationMessage":"Ce paramètre sera bientôt obsolète. En savoir plus [ici](https://aka.ms/AAlgvkb).","python.linting.enabled.deprecationMessage":"Ce paramètre sera bientôt obsolète. En savoir plus ici : https://aka.ms/AAlgvkb.","python.linting.enabled.description":"Indique s’il faut linter les fichiers Python.","python.linting.enabled.markdownDeprecationMessage":"Ce paramètre sera bientôt obsolète. En savoir plus [ici](https://aka.ms/AAlgvkb).","python.linting.flake8Args.deprecationMessage":"Ce paramètre sera bientôt obsolète. Veuillez utiliser l'extension Flake8. En savoir plus ici : https://aka.ms/AAlgvkb.","python.linting.flake8Args.description":"Arguments passés. Chaque argument est un élément distinct dans le tableau.","python.linting.flake8Args.markdownDeprecationMessage":"Ce paramètre sera bientôt obsolète. Veuillez utiliser l'[extension Flake8](https://marketplace.visualstudio.com/items?itemName=ms-python.flake8). <br>En savoir plus [ici](https://aka.ms/AAlgvkb).","python.linting.flake8CategorySeverity.E.deprecationMessage":"Ce paramètre sera bientôt obsolète. Veuillez utiliser l'extension Flake8. En savoir plus ici : https://aka.ms/AAlgvkb.","python.linting.flake8CategorySeverity.E.description":"Gravité du message Flake8 de type « E »","python.linting.flake8CategorySeverity.E.markdownDeprecationMessage":"Ce paramètre sera bientôt obsolète. Veuillez utiliser l'[extension Flake8](https://marketplace.visualstudio.com/items?itemName=ms-python.flake8). <br>En savoir plus [ici](https://aka.ms/AAlgvkb).","python.linting.flake8CategorySeverity.F.deprecationMessage":"Ce paramètre sera bientôt obsolète. Veuillez utiliser l'extension Flake8. En savoir plus ici : https://aka.ms/AAlgvkb.","python.linting.flake8CategorySeverity.F.description":"Gravité du message Flake8 de type « F »","python.linting.flake8CategorySeverity.F.markdownDeprecationMessage":"Ce paramètre sera bientôt obsolète. Veuillez utiliser l'[extension Flake8](https://marketplace.visualstudio.com/items?itemName=ms-python.flake8). <br>En savoir plus [ici](https://aka.ms/AAlgvkb).","python.linting.flake8CategorySeverity.W.deprecationMessage":"Ce paramètre sera bientôt obsolète. Veuillez utiliser l'extension Flake8. En savoir plus ici : https://aka.ms/AAlgvkb.","python.linting.flake8CategorySeverity.W.description":"Gravité du message Flake8 de type « W »","python.linting.flake8CategorySeverity.W.markdownDeprecationMessage":"Ce paramètre sera bientôt obsolète. Veuillez utiliser l'[extension Flake8](https://marketplace.visualstudio.com/items?itemName=ms-python.flake8). <br>En savoir plus [ici](https://aka.ms/AAlgvkb).","python.linting.flake8Enabled.deprecationMessage":"Ce paramètre sera bientôt obsolète. Veuillez utiliser l'extension Flake8. En savoir plus ici : https://aka.ms/AAlgvkb.","python.linting.flake8Enabled.description":"Indique s’il faut linter les fichiers Python à l’aide de flake8.","python.linting.flake8Enabled.markdownDeprecationMessage":"Ce paramètre sera bientôt obsolète. Veuillez utiliser l'[extension Flake8](https://marketplace.visualstudio.com/items?itemName=ms-python.flake8). <br>En savoir plus [ici](https://aka.ms/AAlgvkb).","python.linting.flake8Path.deprecationMessage":"Ce paramètre sera bientôt obsolète. Veuillez utiliser l'extension Flake8. En savoir plus ici : https://aka.ms/AAlgvkb.","python.linting.flake8Path.description":"Chemin vers flake8, vous pouvez utiliser une version personnalisée de flake8 en modifiant ce paramètre pour inclure le chemin complet.","python.linting.flake8Path.markdownDeprecationMessage":"Ce paramètre sera bientôt obsolète. Veuillez utiliser l'[extension Flake8](https://marketplace.visualstudio.com/items?itemName=ms-python.flake8). <br>En savoir plus [ici](https://aka.ms/AAlgvkb).","python.linting.ignorePatterns.deprecationMessage":"Ce paramètre sera bientôt obsolète. En savoir plus ici : https://aka.ms/AAlgvkb.","python.linting.ignorePatterns.description":"Modèles utilisés pour exclure les fichiers ou les dossiers du mode lié","python.linting.ignorePatterns.markdownDeprecationMessage":"Ce paramètre sera bientôt obsolète. En savoir plus [ici](https://aka.ms/AAlgvkb).","python.linting.lintOnSave.deprecationMessage":"Ce paramètre sera bientôt obsolète. En savoir plus ici : https://aka.ms/AAlgvkb.","python.linting.lintOnSave.description":"Indique s’il faut linter les fichiers Python quand ils sont enregistrés.","python.linting.lintOnSave.markdownDeprecationMessage":"Ce paramètre sera bientôt obsolète. En savoir plus [ici](https://aka.ms/AAlgvkb).","python.linting.maxNumberOfProblems.deprecationMessage":"Ce paramètre sera bientôt obsolète. En savoir plus ici : https://aka.ms/AAlgvkb.","python.linting.maxNumberOfProblems.description":"Contrôle le nombre maximal de problèmes produits par le serveur","python.linting.maxNumberOfProblems.markdownDeprecationMessage":"Ce paramètre sera bientôt obsolète. En savoir plus [ici](https://aka.ms/AAlgvkb).","python.linting.mypyArgs.deprecationMessage":"Ce paramètre sera bientôt obsolète. Veuillez utiliser l'extension Mypy Type Checker. En savoir plus ici : https://aka.ms/AAlgvkb.Ce paramètre sera bientôt obsolète. Veuillez utiliser l'extension Flake8. En savoir plus ici : https://aka.ms/AAlgvkb.","python.linting.mypyArgs.description":"Arguments passés. Chaque argument est un élément distinct dans le tableau.","python.linting.mypyArgs.markdownDeprecationMessage":"Ce paramètre sera bientôt obsolète. Veuillez utiliser l'[extension Mypy Type Checker](https://marketplace.visualstudio.com/items?itemName=ms-python.mypy-type-checker). <br>En savoir plus [ici](https://aka.ms/AAlgvkb).","python.linting.mypyCategorySeverity.error.deprecationMessage":"Ce paramètre sera bientôt obsolète. Veuillez utiliser l'extension Mypy Type Checker. En savoir plus ici : https://aka.ms/AAlgvkb.Ce paramètre sera bientôt obsolète. Veuillez utiliser l'extension Flake8. En savoir plus ici : https://aka.ms/AAlgvkb.","python.linting.mypyCategorySeverity.error.description":"Gravité du type de message Mypy « Erreur ».","python.linting.mypyCategorySeverity.error.markdownDeprecationMessage":"Ce paramètre sera bientôt obsolète. Veuillez utiliser l'[extension Mypy Type Checker](https://marketplace.visualstudio.com/items?itemName=ms-python.mypy-type-checker). <br>En savoir plus [ici](https://aka.ms/AAlgvkb).","python.linting.mypyCategorySeverity.note.deprecationMessage":"Ce paramètre sera bientôt obsolète. Veuillez utiliser l'extension Mypy Type Checker. En savoir plus ici : https://aka.ms/AAlgvkb.Ce paramètre sera bientôt obsolète. Veuillez utiliser l'extension Flake8. En savoir plus ici : https://aka.ms/AAlgvkb.","python.linting.mypyCategorySeverity.note.description":"Gravité du type de message Mypy « Note »","python.linting.mypyCategorySeverity.note.markdownDeprecationMessage":"Ce paramètre sera bientôt obsolète. Veuillez utiliser l'[extension Mypy Type Checker](https://marketplace.visualstudio.com/items?itemName=ms-python.mypy-type-checker). <br>En savoir plus [ici](https://aka.ms/AAlgvkb).","python.linting.mypyEnabled.deprecationMessage":"Ce paramètre sera bientôt obsolète. Veuillez utiliser l'extension Mypy Type Checker. En savoir plus ici : https://aka.ms/AAlgvkb.Ce paramètre sera bientôt obsolète. Veuillez utiliser l'extension Flake8. En savoir plus ici : https://aka.ms/AAlgvkb.","python.linting.mypyEnabled.description":"Indique s’il faut linter les fichiers Python à l’aide de mypy.","python.linting.mypyEnabled.markdownDeprecationMessage":"Ce paramètre sera bientôt obsolète. Veuillez utiliser l'[extension Mypy Type Checker](https://marketplace.visualstudio.com/items?itemName=ms-python.mypy-type-checker). <br>En savoir plus [ici](https://aka.ms/AAlgvkb).","python.linting.mypyPath.deprecationMessage":"Ce paramètre sera bientôt obsolète. Veuillez utiliser l'extension Mypy Type Checker. En savoir plus ici : https://aka.ms/AAlgvkb.Ce paramètre sera bientôt obsolète. Veuillez utiliser l'extension Flake8. En savoir plus ici : https://aka.ms/AAlgvkb.","python.linting.mypyPath.description":"Chemin vers mypy, vous pouvez utiliser une version personnalisée de mypy en modifiant ce paramètre pour inclure le chemin complet.","python.linting.mypyPath.markdownDeprecationMessage":"Ce paramètre sera bientôt obsolète. Veuillez utiliser l'[extension Mypy Type Checker](https://marketplace.visualstudio.com/items?itemName=ms-python.mypy-type-checker). <br>En savoir plus [ici](https://aka.ms/AAlgvkb).","python.linting.prospectorArgs.deprecationMessage":"La prise en charge des prospecteurs sera bientôt obsolète. En savoir plus ici : https://aka.ms/AAlgvkb.","python.linting.prospectorArgs.description":"Arguments passés. Chaque argument est un élément distinct dans le tableau.","python.linting.prospectorArgs.markdownDeprecationMessage":"La prise en charge des prospecteurs sera bientôt obsolète. En savoir plus [ici](https://aka.ms/AAlgvkb).","python.linting.prospectorEnabled.deprecationMessage":"La prise en charge des prospecteurs sera bientôt obsolète. En savoir plus ici : https://aka.ms/AAlgvkb.","python.linting.prospectorEnabled.description":"Si l'on veut lier les fichiers Python en utilisant prospecteur.","python.linting.prospectorEnabled.markdownDeprecationMessage":"La prise en charge des prospecteurs sera bientôt obsolète. En savoir plus [ici](https://aka.ms/AAlgvkb).","python.linting.prospectorPath.deprecationMessage":"La prise en charge des prospecteurs sera bientôt obsolète. En savoir plus ici : https://aka.ms/AAlgvkb.","python.linting.prospectorPath.description":"Chemin d'accès à Prospector, vous pouvez utiliser une version personnalisée de Prospector en modifiant ce paramètre pour inclure le chemin d'accès complet.","python.linting.prospectorPath.markdownDeprecationMessage":"La prise en charge des prospecteurs sera bientôt obsolète. En savoir plus [ici](https://aka.ms/AAlgvkb).","python.linting.pycodestyleArgs.deprecationMessage":"La prise en charge de Pycodestyle sera bientôt obsolète. En savoir plus ici : https://aka.ms/AAlgvkb.","python.linting.pycodestyleArgs.description":"Arguments passés. Chaque argument est un élément distinct dans le tableau.","python.linting.pycodestyleArgs.markdownDeprecationMessage":"La prise en charge de Pycodestyle sera bientôt obsolète. En savoir plus [ici](https://aka.ms/AAlgvkb).","python.linting.pycodestyleCategorySeverity.E.deprecationMessage":"La prise en charge de Pycodestyle sera bientôt obsolète. En savoir plus ici : https://aka.ms/AAlgvkb.","python.linting.pycodestyleCategorySeverity.E.description":"Gravité du type de message pycodestyle « E »","python.linting.pycodestyleCategorySeverity.E.markdownDeprecationMessage":"La prise en charge de Pycodestyle sera bientôt obsolète. En savoir plus [ici](https://aka.ms/AAlgvkb).","python.linting.pycodestyleCategorySeverity.W.deprecationMessage":"La prise en charge de Pycodestyle sera bientôt obsolète. En savoir plus ici : https://aka.ms/AAlgvkb.","python.linting.pycodestyleCategorySeverity.W.description":"Gravité du type de message pycodestyle « W »","python.linting.pycodestyleCategorySeverity.W.markdownDeprecationMessage":"La prise en charge de Pycodestyle sera bientôt obsolète. En savoir plus [ici](https://aka.ms/AAlgvkb).","python.linting.pycodestyleEnabled.deprecationMessage":"La prise en charge de Pycodestyle sera bientôt obsolète. En savoir plus ici : https://aka.ms/AAlgvkb.","python.linting.pycodestyleEnabled.description":"Indique s’il faut linter les fichiers Python à l’aide de pycodestyle.","python.linting.pycodestyleEnabled.markdownDeprecationMessage":"La prise en charge de Pycodestyle sera bientôt obsolète. En savoir plus [ici](https://aka.ms/AAlgvkb).","python.linting.pycodestylePath.deprecationMessage":"La prise en charge de Pycodestyle sera bientôt obsolète. En savoir plus ici : https://aka.ms/AAlgvkb.","python.linting.pycodestylePath.description":"Chemin d'accès à pycodestyle. Vous pouvez utiliser une version personnalisée de pycodestyle en modifiant ce paramètre pour inclure le chemin d'accès complet.","python.linting.pycodestylePath.markdownDeprecationMessage":"La prise en charge de Pycodestyle sera bientôt obsolète. En savoir plus [ici](https://aka.ms/AAlgvkb).","python.linting.pydocstyleArgs.deprecationMessage":"La prise en charge de Pydocstyle sera bientôt obsolète. En savoir plus ici : https://aka.ms/AAlgvkb.","python.linting.pydocstyleArgs.description":"Arguments passés. Chaque argument est un élément distinct dans le tableau.","python.linting.pydocstyleArgs.markdownDeprecationMessage":"La prise en charge de Pydocstyle sera bientôt obsolète. En savoir plus [ici](https://aka.ms/AAlgvkb).","python.linting.pydocstyleEnabled.deprecationMessage":"La prise en charge de Pydocstyle sera bientôt obsolète. En savoir plus ici : https://aka.ms/AAlgvkb.","python.linting.pydocstyleEnabled.description":"Indique s’il faut linter les fichiers Python à l’aide de pydocstyle.","python.linting.pydocstyleEnabled.markdownDeprecationMessage":"La prise en charge de Pydocstyle sera bientôt obsolète. En savoir plus [ici](https://aka.ms/AAlgvkb).","python.linting.pydocstylePath.deprecationMessage":"La prise en charge de Pydocstyle sera bientôt obsolète. En savoir plus ici : https://aka.ms/AAlgvkb.","python.linting.pydocstylePath.description":"Chemin vers pydocstyle, vous pouvez utiliser une version personnalisée de pydocstyle en modifiant ce paramètre pour inclure le chemin complet.","python.linting.pydocstylePath.markdownDeprecationMessage":"La prise en charge de Pydocstyle sera bientôt obsolète. En savoir plus [ici](https://aka.ms/AAlgvkb).","python.linting.pylamaArgs.deprecationMessage":"Le support Pylama sera bientôt obsolète. En savoir plus ici : https://aka.ms/AAlgvkb.","python.linting.pylamaArgs.description":"Arguments passés. Chaque argument est un élément distinct dans le tableau.","python.linting.pylamaArgs.markdownDeprecationMessage":"Le support Pylama sera bientôt obsolète. En savoir plus [ici](https://aka.ms/AAlgvkb).","python.linting.pylamaEnabled.deprecationMessage":"Le support Pylama sera bientôt obsolète. En savoir plus ici : https://aka.ms/AAlgvkb.","python.linting.pylamaEnabled.description":"Indique s’il faut linter les fichiers Python à l’aide de pylama.","python.linting.pylamaEnabled.markdownDeprecationMessage":"Le support Pylama sera bientôt obsolète. En savoir plus [ici](https://aka.ms/AAlgvkb).","python.linting.pylamaPath.deprecationMessage":"Le support Pylama sera bientôt obsolète. En savoir plus ici : https://aka.ms/AAlgvkb.","python.linting.pylamaPath.description":"Chemin vers pylama, vous pouvez utiliser une version personnalisée de pylama en modifiant ce paramètre pour inclure le chemin complet.","python.linting.pylamaPath.markdownDeprecationMessage":"Le support Pylama sera bientôt obsolète. En savoir plus [ici](https://aka.ms/AAlgvkb).","python.linting.pylintArgs.deprecationMessage":"Ce paramètre sera bientôt obsolète. Veuillez utiliser l'extension Pylint. En savoir plus ici : https://aka.ms/AAlgvkb.","python.linting.pylintArgs.description":"Arguments passés. Chaque argument est un élément distinct dans le tableau.","python.linting.pylintArgs.markdownDeprecationMessage":"Ce paramètre sera bientôt obsolète. Veuillez utiliser l'[extension Pylint](https://marketplace.visualstudio.com/items?itemName=ms-python.pylint). <br>En savoir plus [ici](https://aka.ms/AAlgvkb).","python.linting.pylintCategorySeverity.convention.deprecationMessage":"Ce paramètre sera bientôt obsolète. Veuillez utiliser l'extension Pylint. En savoir plus ici : https://aka.ms/AAlgvkb.","python.linting.pylintCategorySeverity.convention.description":"Gravité du message Pylint de type « Convention/C »","python.linting.pylintCategorySeverity.convention.markdownDeprecationMessage":"Ce paramètre sera bientôt obsolète. Veuillez utiliser l'[extension Pylint](https://marketplace.visualstudio.com/items?itemName=ms-python.pylint). <br>En savoir plus [ici](https://aka.ms/AAlgvkb).","python.linting.pylintCategorySeverity.error.deprecationMessage":"Ce paramètre sera bientôt obsolète. Veuillez utiliser l'extension Pylint. En savoir plus ici : https://aka.ms/AAlgvkb.","python.linting.pylintCategorySeverity.error.description":"Gravité du message Pylint de type « Error/E »","python.linting.pylintCategorySeverity.error.markdownDeprecationMessage":"Ce paramètre sera bientôt obsolète. Veuillez utiliser l'[extension Pylint](https://marketplace.visualstudio.com/items?itemName=ms-python.pylint). <br>En savoir plus [ici](https://aka.ms/AAlgvkb).","python.linting.pylintCategorySeverity.fatal.deprecationMessage":"Ce paramètre sera bientôt obsolète. Veuillez utiliser l'extension Pylint. En savoir plus ici : https://aka.ms/AAlgvkb.","python.linting.pylintCategorySeverity.fatal.description":"Gravité du message Pylint de type « Error/F »","python.linting.pylintCategorySeverity.fatal.markdownDeprecationMessage":"Ce paramètre sera bientôt obsolète. Veuillez utiliser l'[extension Pylint](https://marketplace.visualstudio.com/items?itemName=ms-python.pylint). <br>En savoir plus [ici](https://aka.ms/AAlgvkb).","python.linting.pylintCategorySeverity.refactor.deprecationMessage":"Ce paramètre sera bientôt obsolète. Veuillez utiliser l'extension Pylint. En savoir plus ici : https://aka.ms/AAlgvkb.","python.linting.pylintCategorySeverity.refactor.description":"Gravité du type de message Pylint « Refactoriser/R »","python.linting.pylintCategorySeverity.refactor.markdownDeprecationMessage":"Ce paramètre sera bientôt obsolète. Veuillez utiliser l'[extension Pylint](https://marketplace.visualstudio.com/items?itemName=ms-python.pylint). <br>En savoir plus [ici](https://aka.ms/AAlgvkb).","python.linting.pylintCategorySeverity.warning.deprecationMessage":"Ce paramètre sera bientôt obsolète. Veuillez utiliser l'extension Pylint. En savoir plus ici : https://aka.ms/AAlgvkb.","python.linting.pylintCategorySeverity.warning.description":"Gravité du message Pylint de type « Warning/W »","python.linting.pylintCategorySeverity.warning.markdownDeprecationMessage":"Ce paramètre sera bientôt obsolète. Veuillez utiliser l'[extension Pylint](https://marketplace.visualstudio.com/items?itemName=ms-python.pylint). <br>En savoir plus [ici](https://aka.ms/AAlgvkb).","python.linting.pylintEnabled.deprecationMessage":"Ce paramètre sera bientôt obsolète. Veuillez utiliser l'extension Pylint. En savoir plus ici : https://aka.ms/AAlgvkb.","python.linting.pylintEnabled.description":"Indique s’il faut linter les fichiers Python à l’aide de pylint.","python.linting.pylintEnabled.markdownDeprecationMessage":"Ce paramètre sera bientôt obsolète. Veuillez utiliser l'[extension Pylint](https://marketplace.visualstudio.com/items?itemName=ms-python.pylint). <br>En savoir plus [ici](https://aka.ms/AAlgvkb).","python.linting.pylintPath.deprecationMessage":"Ce paramètre sera bientôt obsolète. Veuillez utiliser l'extension Pylint. En savoir plus ici : https://aka.ms/AAlgvkb.","python.linting.pylintPath.description":"Chemin d'accès à Pylint, vous pouvez utiliser une version personnalisée de pylint en modifiant ce paramètre pour inclure le chemin complet.","python.linting.pylintPath.markdownDeprecationMessage":"Ce paramètre sera bientôt obsolète. Veuillez utiliser l'[extension Pylint](https://marketplace.visualstudio.com/items?itemName=ms-python.pylint). <br>En savoir plus [ici](https://aka.ms/AAlgvkb).","python.logging.level.deprecation":"Ce paramètre est déconseillé. Utilisez la commande « Développeur : Définir le niveau de journalisation... » pour définir le niveau de journalisation.","python.logging.level.description":"Niveau de journalisation auquel les journaux d’extension sont situés. La valeur par défaut est « error »","python.menu.createNewFile.title":"Fichier Python","python.missingPackage.severity.description":"Définir la gravité des packages manquants dans requirements.txt ou pyproject.toml","python.pipenvPath.description":"Chemin de l’exécutable pipenv à utiliser pour l’activation","python.poetryPath.description":"Chemin de l’exécutable de l’exécutable de l’exécutable","python.sortImports.args.deprecationMessage":"Ce paramètre sera bientôt supprimé. Utilisez ’isort.args’ à la place.","python.sortImports.args.description":"Arguments passés. Chaque argument est un élément distinct dans le tableau.","python.sortImports.path.deprecationMessage":"Ce paramètre sera bientôt supprimé. Utilisez ’isort.path’ à la place.","python.sortImports.path.description":"Chemin du script isort, valeur par défaut utilisant la version interne","python.tensorBoard.logDirectory.description":"Définissez ce paramètre sur votre répertoire de journal TensorBoard préféré pour ignorer l’invite de répertoire de journal lors du démarrage de TensorBoard.","python.terminal.activateEnvInCurrentTerminal.description":"Activez l’environnement Python dans le terminal actuel lors du chargement de l’extension.","python.terminal.activateEnvironment.description":"Activez l’environnement Python dans tous les terminaux créés.","python.terminal.executeInFileDir.description":"Lors de l’exécution d’un fichier dans le terminal, indique s’il faut l’utiliser dans le répertoire du fichier, au lieu du dossier actuellement ouvert.","python.terminal.focusAfterLaunch.description":"Lors du lancement d’un terminal Python, indique s’il faut concentrer le curseur sur le terminal.","python.terminal.launchArgs.description":"Arguments de lancement Python à utiliser lors de l’exécution d’un fichier dans le terminal","python.testing.autoTestDiscoverOnSaveEnabled.description":"Activez la découverte de test d’exécution automatique lors de l’enregistrement d’un fichier de test.","python.testing.cwd.description":"Répertoire de travail facultatif pour les tests","python.testing.debugPort.description":"Numéro de port utilisé pour le débogage des tests","python.testing.promptToConfigure.description":"Invitez à configurer une infrastructure de tests si des répertoires de tests potentiels sont découverts.","python.testing.pytestArgs.description":"Arguments passés. Chaque argument est un élément distinct dans le tableau.","python.testing.pytestEnabled.description":"Activez les tests à l’aide de pytest.","python.testing.pytestPath.description":"Chemin vers pytest (pytest), vous pouvez utiliser une version personnalisée de pytest en modifiant ce paramètre pour inclure le chemin complet.","python.testing.unittestArgs.description":"Arguments passés. Chaque argument est un élément distinct dans le tableau.","python.testing.unittestEnabled.description":"Activez les tests à l’aide d’unittest.","python.venvFolders.description":"Dossiers de votre répertoire de base dans lesquels rechercher des environnements virtuels (prend en charge pyenv, direnv et virtualenvwrapper par défaut).","python.venvPath.description":"Chemin du dossier avec une liste d’environnements virtuels (par exemple ~/.pyenv, ~/Envs, ~/.virtualenvs).","walkthrough.pythonDataScienceWelcome.description":"Vos premiers pas pour démarrer un projet Science des données avec Python !","walkthrough.pythonDataScienceWelcome.title":"Premiers pas avec Python pour la Science des données","walkthrough.pythonWelcome.description":"Vos premiers pas pour configurer un projet Python avec tous les outils et fonctionnalités puissants que l'extension Python a à offrir !","walkthrough.pythonWelcome.title":"Démarrer avec le développement Python","walkthrough.step.python.createEnvironment.altText":"Création d'un environnement Python à partir de la palette de commandes","walkthrough.step.python.createEnvironment.description":"Créez un environnement pour votre projet Python.\r\n[Créer un environnement] (commande : python.createEnvironment)\r\n**Astuce** : Exécutez la commande ``Python : Créer un environnement`` dans la [Palette de commandes] (commande : workbench.action.showCommands).\r\n 🔍 Consultez nos [documents](https://aka.ms/pythonenvs) pour en savoir plus.","walkthrough.step.python.createEnvironment.description2":"Créez un environnement pour votre projet Python ou utilisez [Sélectionner l’interpréteur Python](command:python.setInterpreter) pour en sélectionner un existant.\r\n [Créer un environnement] (command:python.createEnvironment)\r\n **Conseil** : exécutez la commande « Python: Create Environment » dans la [Palette de commandes](command:workbench.action.showCommands).","walkthrough.step.python.createEnvironment.title":"Créer un environnement Python ","walkthrough.step.python.createEnvironment.title2":"Créer ou sélectionner un environnement Python ","walkthrough.step.python.createNewNotebook.altText":"Création d'un nouveau bloc-notes Jupyter","walkthrough.step.python.createNewNotebook.description":"Faites un clic droit dans l'explorateur de fichiers et créez un nouveau fichier avec une extension .ipynb. Ou ouvrez la [Palette de commandes](command:workbench.action.showCommands) et exécutez la commande\r\n``Jupyter : créer un nouveau bloc-notes vierge``.\r\n[Créer un nouveau bloc-notes Jupyter] (commande:toSide:jupyter.createnewnotebook)\r\n Si vous avez un projet existant, vous pouvez également [ouvrir un dossier](commande :workbench.action.files.openFolder) et/ou cloner un projet depuis GitHub : [cloner un référentiel Git](commande:git.clone).","walkthrough.step.python.createNewNotebook.title":"Créer ou ouvrir un Jupyter Notebook","walkthrough.step.python.createPythonFile.altText":"Ouvrez un fichier Python ou un dossier avec un projet Python.","walkthrough.step.python.createPythonFile.description":"[Ouvrir](command:toSide:workbench.action.files.openFile) ou [create](command:toSide:workbench.action.files.newUntitledFile?%7B%22languageId%22%3A%22python%22%7D) un Python fichier – assurez-vous de l'enregistrer sous \".py\".\r\n[Créer un fichier Python](command:toSide:workbench.action.files.newUntitledFile ?%7B%22languageId%22%3A%22python%22%7D)","walkthrough.step.python.createPythonFile.title":"Créer un fichier Python","walkthrough.step.python.createPythonFolder.description":"[Ouvrir](command:workbench.action.files.openFolder) ou créez un dossier de projet.\r\n [Ouvrir le dossier du projet](command:workbench.action.files.openFolder)","walkthrough.step.python.createPythonFolder.title":"Ouvrir un dossier de projet Python","walkthrough.step.python.dataScienceLearnMore.altText":"Image représentant notre page de documentation et nos ressources de liste de diffusion.","walkthrough.step.python.dataScienceLearnMore.description":"📒 Jetez un œil aux fonctionnalités de l'[extension Jupyter](command:workbench.extensions.search?\"ms-toolsai.jupyter\"), en recherchant \"Jupyter\" dans la [Palette de commandes](command:workbench.action.showCommands) .\r\n  🏃🏻 Découvrez plus de fonctionnalités dans nos [Tutoriels](https://aka.ms/AAdjzpd).\r\n[En savoir plus](https://aka.ms/AAdar6q)","walkthrough.step.python.dataScienceLearnMore.title":"En savoir plus !","walkthrough.step.python.installJupyterExt.altText":"Création d'un nouveau bloc-notes Jupyter","walkthrough.step.python.installJupyterExt.description":"Si vous ne l'avez pas déjà fait, installez l'[extension Jupyter](command:workbench.extensions.search?\"ms-toolsai.jupyter\") pour profiter pleinement des expériences des notebooks dans VS Code !\r\n \r\n[Rechercher l'extension Jupyter](command:workbench.extensions.search?\"ms-toolsai.jupyter\")","walkthrough.step.python.installJupyterExt.title":"Installer l'extension Jupyter","walkthrough.step.python.installPythonLinux.description":"L'extension Python nécessite l'installation de Python. Installez Python 3 via le terminal.\r\n[Installer Python via le terminal](command:python.installPythonOnLinux)\r\n","walkthrough.step.python.installPythonLinux.title":"Installer Python","walkthrough.step.python.installPythonMac.description":"L'extension Python nécessite l'installation de Python. Installez Python 3 via le terminal.\r\n[Installer Python via Brew](commande : python.installPythonOnMac)\r\n","walkthrough.step.python.installPythonMac.title":"Installer Python","walkthrough.step.python.installPythonWin8.description":"L'extension Python nécessite l'installation de Python. Installer Python [de python.org](https://www.python.org/downloads).\r\n\r\n[Installer Python](https://www.python.org/downloads)\r\n","walkthrough.step.python.installPythonWin8.title":"Installer Python","walkthrough.step.python.learnMoreWithDS.altText":"Image représentant notre page de documentation et nos ressources de liste de diffusion.","walkthrough.step.python.learnMoreWithDS.description":"🎨 Explorez toutes les fonctionnalités que l'extension Python a à offrir en recherchant \"Python\" dans la [Palette de commandes] (commande : workbench.action.showCommands). \r\n 📈 En savoir plus sur les premiers pas avec [la science des données](command:workbench.action.openWalkthrough?%7B%22category%22%3A%22ms-python.python%23pythonDataScienceWelcome%22%2C%22step%22%3A%22ms-python .python%23python.createNewNotebook%22%7D) en Python. \r\n ✨ Jetez un œil à nos [Release Notes](https://aka.ms/AA8dxtb) pour en savoir plus sur les dernières fonctionnalités.\r\n \r\n[En savoir plus](https://aka.ms/AA8dqti)","walkthrough.step.python.learnMoreWithDS.description2":"🎨 Explorez toutes les fonctionnalités offertes par l'extension Python en recherchant \"Python\" dans la [Palette de commandes] (commande : workbench.action.showCommands). \r\n 📈 En savoir plus sur les premiers pas avec [la science des données](command:workbench.action.openWalkthrough?%7B%22category%22%3A%22ms-python.python%23pythonDataScienceWelcome%22%2C%22step%22%3A%22ms-python .python%23python.createNewNotebook%22%7D) en Python. \r\n ✨ Jetez un œil à nos [Notes de publication](https://aka.ms/AA8dxtb) pour en savoir plus sur les dernières fonctionnalités.\r\n \r\n[En savoir plus sur le didacticiel Python](https://aka.ms/AA8dqti)","walkthrough.step.python.learnMoreWithDS.title":"Explorer plus de ressources","walkthrough.step.python.openInteractiveWindow.altText":"Ouverture de la fenêtre interactive Python","walkthrough.step.python.openInteractiveWindow.description":"La fenêtre interactive Python est un shell Python dans lequel vous pouvez exécuter et afficher les résultats de votre code Python. Vous pouvez créer des cellules sur un fichier Python en tapant ``#%%``.\r\n \r\nPour ouvrir la fenêtre interactive à tout moment, ouvrez la [Palette de commandes](command:workbench.action.showCommands) et exécutez la commande\r\n``Jupyter : créer une fenêtre interactive``.\r\n[Ouvrir la fenêtre interactive] (commande : jupyter.createnewinteractive)","walkthrough.step.python.openInteractiveWindow.title":"Ouvrir la fenêtre interactive Python","walkthrough.step.python.runAndDebug.altText":"Comment exécuter et déboguer dans VS Code avec F5 ou le bouton de lecture en haut à droite.","walkthrough.step.python.runAndDebug.description":"Ouvrez votre fichier Python et cliquez sur le bouton de lecture en haut à droite de l'éditeur, ou appuyez sur F5 lorsque vous êtes sur le fichier et sélectionnez \"Fichier Python\" pour exécuter avec le débogueur.\r\n  \r\n[En savoir plus](https://code.visualstudio.com/docs/python/python-tutorial#_run-hello-world)","walkthrough.step.python.runAndDebug.title":"Exécutez et déboguez votre fichier Python","walkthrough.step.python.selectInterpreter.altText":"Sélection d'un interpréteur Python dans la barre d'état","walkthrough.step.python.selectInterpreter.description":"Choisissez l'interpréteur/environnement Python que vous souhaitez utiliser pour votre projet Python.\r\n[Sélectionnez l'interpréteur Python] (commande : python.setInterpreter)\r\n**Astuce** : Exécutez la commande ``Python : sélectionnez l'interpréteur`` dans la [Palette de commandes] (commande : workbench.action.showCommands).","walkthrough.step.python.selectInterpreter.title":"Sélectionnez un interpréteur Python"}
