{"python.activeStateToolPath.description":"Cesta ke spustitelnému souboru State Tool pro moduly runtime ActiveState (verze 0.36+).","python.autoComplete.extraPaths.description":"Seznam cest ke knihovnám a podobně, které je třeba importovat modulem automatického dokončování Například při používání sady Google App SDK nejsou cesty v systémové cestě, takže je nutné je přidat do tohoto seznamu.","python.command.python.analysis.restartLanguageServer.title":"Restartovat jazykový server","python.command.python.clearCacheAndReload.title":"Vymazat okno Mezipaměti a Znovu načíst","python.command.python.clearWorkspaceInterpreter.title":"Vymazat nastavení interpretu pracovního prostoru","python.command.python.configureTests.title":"Nakonfigurovat testy","python.command.python.createEnvironment.title":"Vytvořit prostředí…","python.command.python.createNewFile.title":"Nový soubor Python","python.command.python.createTerminal.title":"Vytvořit terminál","python.command.python.debugInTerminal.title":"Ladit soubor Python","python.command.python.enableLinting.title":"Povolit/Zakázat lintování","python.command.python.enableSourceMapSupport.title":"Povolit podporu sourcemap pro ladění rozšíření","python.command.python.execInDedicatedTerminal.title":"Spustit soubor Pythonu ve vyhrazeném terminálu","python.command.python.execInTerminal.title":"Spustit soubor Python v terminálu","python.command.python.execInTerminalIcon.title":"Spustit soubor Python","python.command.python.execSelectionInDjangoShell.title":"Spustit Výběr/Řádek v prostředí Django","python.command.python.execSelectionInTerminal.title":"Spustit Výběr/Řádek v terminálu Python","python.command.python.installJupyter.title":"Instalace rozšíření Jupyter","python.command.python.launchTensorBoard.title":"Spustit Tensorboard","python.command.python.refreshTensorBoard.title":"Aktualizovat TensorBoard","python.command.python.reportIssue.title":"Nahlásit problém","python.command.python.runLinting.title":"Spustit Lintování","python.command.python.setInterpreter.title":"Vybrat interpreta","python.command.python.setLinter.title":"Vybrat Linter","python.command.python.sortImports.title":"Seřadit importy","python.command.python.startREPL.title":"Spustit REPL","python.command.python.viewLanguageServerOutput.title":"Zobrazit výstup jazykového serveru","python.command.python.viewOutput.title":"Zobrazit výstup","python.command.testing.rerunFailedTests.title":"Znovu spustit neúspěšné testy","python.condaPath.description":"Cesta ke spustitelnému souboru conda, které se má použít pro aktivaci (verze 4.4+).","python.createEnvironment.contentButton.description":"Umožňuje zobrazit nebo skrýt tlačítko Vytvořit prostředí v editoru pro soubor requirements.txt nebo jiné soubory závislostí.","python.defaultInterpreterPath.description":"Cesta k výchozímu Pythonu, který se má použít při prvním načtení rozšíření, se už nepoužívá, jakmile se pro pracovní prostor vybere interpret. Informace o tom, kdy se používá, najdete [tady](https://aka.ms/AAfekmf).","python.diagnostics.sourceMapsEnabled.description":"Povolit podporu sourcemap pro smysluplná trasování zásobníku v protokolech chyb.","python.editor.context.submenu.runPython":"Spuštění Pythonu","python.editor.context.submenu.runPythonInteractive":"Spuštění v okně Interactive","python.envFile.description":"Absolutní cesta k souboru, který obsahuje definice proměnných prostředí","python.experiments.All.description":"Kombinovaný seznam všech experimentů","python.experiments.enabled.description":"Povolí experimenty testů A/B v rozšíření Python. Pokud jsou povolené, můžete být zahrnuti do navrhovaných vylepšení a/nebo funkcí.","python.experiments.optInto.description":"Seznam experimentů, ke kterým se můžete přihlásit. Pokud je prázdný, uživatel se přiřadí k výchozím skupinám experimentů. Další podrobnosti najdete [tady](https://github.com/microsoft/vscode-python/wiki/AB-Experiments).","python.experiments.optOutFrom.description":"Seznam experimentů, ze kterých se můžete odhlásit. Pokud je prázdný, uživatel se přiřadí k výchozím skupinám experimentů. Další podrobnosti najdete [tady](https://github.com/microsoft/vscode-python/wiki/AB-Experiments).","python.experiments.pythonPromptNewToolsExt.description":"Označuje experiment rozšíření Python Prompt New Tools Extension.","python.experiments.pythonSurveyNotification.description":"Označuje experiment oznámení o průzkumu v Pythonu.","python.experiments.pythonTerminalEnvVarActivation.description":"Umožňuje místo odesílání aktivačních příkazů aktivovat terminály pomocí proměnných prostředí.","python.experiments.pythonTestAdapter.description":"Označuje experiment s testovacím adaptérem Python.","python.formatting.autopep8Args.deprecationMessage":"Toto nastavení bude brzy zastaralé. Použijte prosím rozšíření Autopep8. Další informace najdete tady: https://aka.ms/AAlgvkb.","python.formatting.autopep8Args.description":"Argumenty se přidaly. Každý argument je samostatnou položkou v poli.","python.formatting.autopep8Args.markdownDeprecationMessage":"Toto nastavení bude brzy zastaralé. Použijte [rozšíření Autopep8](https://marketplace.visualstudio.com/items?itemName=ms-python.autopep8). <br>Další informace najdete [tady](https://aka.ms/AAlgvkb).","python.formatting.autopep8Path.deprecationMessage":"Toto nastavení bude brzy zastaralé. Použijte prosím rozšíření Autopep8. Další informace najdete tady: https://aka.ms/AAlgvkb.","python.formatting.autopep8Path.description":"Cesta k autopep8. Můžete použít vlastní verzi autopep8 upravením tohoto nastavení tak, aby zahrnovalo celou cestu.","python.formatting.autopep8Path.markdownDeprecationMessage":"Toto nastavení bude brzy zastaralé. Použijte [rozšíření Autopep8](https://marketplace.visualstudio.com/items?itemName=ms-python.autopep8). <br>Další informace najdete [tady](https://aka.ms/AAlgvkb).","python.formatting.blackArgs.deprecationMessage":"Toto nastavení bude brzy zastaralé. Použijte prosím rozšíření Black Formatter. Další informace najdete tady: https://aka.ms/AAlgvkb.","python.formatting.blackArgs.description":"Argumenty se přidaly. Každý argument je samostatnou položkou v poli.","python.formatting.blackArgs.markdownDeprecationMessage":"Toto nastavení bude brzy zastaralé. Použijte [rozšíření Black Formatter](https://marketplace.visualstudio.com/items?itemName=ms-python.black-formatter). <br>Další informace najdete [tady](https://aka.ms/AAlgvkb).","python.formatting.blackPath.deprecationMessage":"Toto nastavení bude brzy zastaralé. Použijte prosím rozšíření Black Formatter. Další informace najdete tady: https://aka.ms/AAlgvkb.","python.formatting.blackPath.description":"Cesta k Black. Můžete použít vlastní verzi Black upravením tohoto nastavení tak, aby zahrnovalo celou cestu.","python.formatting.blackPath.markdownDeprecationMessage":"Toto nastavení bude brzy zastaralé. Použijte [rozšíření Black Formatter](https://marketplace.visualstudio.com/items?itemName=ms-python.black-formatter). <br>Další informace najdete [tady](https://aka.ms/AAlgvkb).","python.formatting.provider.deprecationMessage":"Toto nastavení bude brzy zastaralé. Použijte prosím rozšíření Autopep8 nebo Black Formatter. Další informace najdete tady: https://aka.ms/AAlgvkb.","python.formatting.provider.description":"Poskytovatel formátování. Možnosti zahrnují „autopep8“, „black“ a „yapf“.","python.formatting.provider.markdownDeprecationMessage":"Toto nastavení bude brzy zastaralé. Použijte [rozšíření Autopep8](https://marketplace.visualstudio.com/items?itemName=ms-python.autopep8) nebo [rozšíření Black Formatter](https://marketplace.visualstudio.com/items?itemName=ms-python.black-formatter). <br>Další informace najdete [tady](https://aka.ms/AAlgvkb).","python.formatting.yapfArgs.deprecationMessage":"Podpora Yapf bude brzy zastaralá. Další informace najdete tady: https://aka.ms/AAlgvkb.","python.formatting.yapfArgs.description":"Argumenty se přidaly. Každý argument je samostatnou položkou v poli.","python.formatting.yapfArgs.markdownDeprecationMessage":"Podpora Yapf bude brzy zastaralá. Další informace najdete [tady](https://aka.ms/AAlgvkb).","python.formatting.yapfPath.deprecationMessage":"Podpora Yapf bude brzy zastaralá. Další informace najdete tady: https://aka.ms/AAlgvkb.","python.formatting.yapfPath.description":"Cesta k yapf. Můžete použít vlastní verzi yapf upravením tohoto nastavení tak, aby zahrnovalo celou cestu.","python.formatting.yapfPath.markdownDeprecationMessage":"Podpora Yapf bude brzy zastaralá. <br>Další informace najdete [tady](https://aka.ms/AAlgvkb).","python.globalModuleInstallation.description":"Jestli se mají soubory Python instalovat globálně, když se nepoužívá prostředí.","python.interpreter.infoVisibility.always.description":"Vždy zobrazovat informace.","python.interpreter.infoVisibility.description":"Určuje, kdy se mají na stavovém řádku zobrazit informace o vybraném interpretu.","python.interpreter.infoVisibility.never.description":"Nikdy nezobrazovat informace.","python.interpreter.infoVisibility.onPythonRelated.description":"Informace se zobrazí pouze v případě, že jsou otevřeny soubory související s Pythonem.","python.languageServer.defaultDescription":"Automaticky vybrat jazykový server: Pylance, pokud je nainstalované a k dispozici. Pokud ne, použít Jedi.","python.languageServer.description":"Definuje typ jazykového serveru.","python.languageServer.jediDescription":"Jako jazykový server použít Jedi za protokolem Language Server Protocol (LSP).","python.languageServer.noneDescription":"Zakázat možnosti jazykového serveru.","python.languageServer.pylanceDescription":"Použít pylance jako jazykový server.","python.linting.banditArgs.deprecationMessage":"Podpora Bandit bude brzy zastaralá. Další informace najdete tady: https://aka.ms/AAlgvkb.","python.linting.banditArgs.description":"Argumenty se přidaly. Každý argument je samostatnou položkou v poli.","python.linting.banditArgs.markdownDeprecationMessage":"Podpora Bandit bude brzy zastaralá. Další informace najdete [tady](https://aka.ms/AAlgvkb).","python.linting.banditEnabled.deprecationMessage":"Podpora Bandit bude brzy zastaralá. Další informace najdete tady: https://aka.ms/AAlgvkb.","python.linting.banditEnabled.description":"Jestli se mají soubory Python lintovat pomocí nástroje bandit.","python.linting.banditEnabled.markdownDeprecationMessage":"Podpora Bandit bude brzy zastaralá. Další informace najdete [tady](https://aka.ms/AAlgvkb).","python.linting.banditPath.deprecationMessage":"Podpora Bandit bude brzy zastaralá. Další informace najdete tady: https://aka.ms/AAlgvkb.","python.linting.banditPath.description":"Cesta k nástroji bandit. Můžete použít vlastní verzi nástroje bandit upravením tohoto nastavení tak, aby zahrnovalo celou cestu.","python.linting.banditPath.markdownDeprecationMessage":"Podpora Bandit bude brzy zastaralá. Další informace najdete [tady](https://aka.ms/AAlgvkb).","python.linting.cwd.deprecationMessage":"Toto nastavení bude brzy zastaralé. Další informace najdete tady: https://aka.ms/AAlgvkb.","python.linting.cwd.description":"Volitelný pracovní adresář pro lintery.","python.linting.cwd.markdownDeprecationMessage":"Toto nastavení bude brzy zastaralé. Další informace najdete [tady](https://aka.ms/AAlgvkb).","python.linting.enabled.deprecationMessage":"Toto nastavení bude brzy zastaralé. Další informace najdete tady: https://aka.ms/AAlgvkb.","python.linting.enabled.description":"Jestli se mají soubory Python lintovat.","python.linting.enabled.markdownDeprecationMessage":"Toto nastavení bude brzy zastaralé. Další informace najdete [tady](https://aka.ms/AAlgvkb).","python.linting.flake8Args.deprecationMessage":"Toto nastavení bude brzy zastaralé. Použijte prosím rozšíření Flake8. Další informace najdete tady: https://aka.ms/AAlgvkb.","python.linting.flake8Args.description":"Argumenty se přidaly. Každý argument je samostatnou položkou v poli.","python.linting.flake8Args.markdownDeprecationMessage":"Toto nastavení bude brzy zastaralé. Použijte [rozšíření Flake8](https://marketplace.visualstudio.com/items?itemName=ms-python.flake8). <br>Další informace najdete [tady](https://aka.ms/AAlgvkb).","python.linting.flake8CategorySeverity.E.deprecationMessage":"Toto nastavení bude brzy zastaralé. Použijte prosím rozšíření Flake8. Další informace najdete tady: https://aka.ms/AAlgvkb.","python.linting.flake8CategorySeverity.E.description":"Závažnost „E“ typu zprávy Flake8.","python.linting.flake8CategorySeverity.E.markdownDeprecationMessage":"Toto nastavení bude brzy zastaralé. Použijte [rozšíření Flake8](https://marketplace.visualstudio.com/items?itemName=ms-python.flake8). <br>Další informace najdete [tady](https://aka.ms/AAlgvkb).","python.linting.flake8CategorySeverity.F.deprecationMessage":"Toto nastavení bude brzy zastaralé. Použijte prosím rozšíření Flake8. Další informace najdete tady: https://aka.ms/AAlgvkb.","python.linting.flake8CategorySeverity.F.description":"Závažnost „F“ typu zprávy Flake8.","python.linting.flake8CategorySeverity.F.markdownDeprecationMessage":"Toto nastavení bude brzy zastaralé. Použijte [rozšíření Flake8](https://marketplace.visualstudio.com/items?itemName=ms-python.flake8). <br>Další informace najdete [tady](https://aka.ms/AAlgvkb).","python.linting.flake8CategorySeverity.W.deprecationMessage":"Toto nastavení bude brzy zastaralé. Použijte prosím rozšíření Flake8. Další informace najdete tady: https://aka.ms/AAlgvkb.","python.linting.flake8CategorySeverity.W.description":"Závažnost „W“ typu zprávy Flake8.","python.linting.flake8CategorySeverity.W.markdownDeprecationMessage":"Toto nastavení bude brzy zastaralé. Použijte [rozšíření Flake8](https://marketplace.visualstudio.com/items?itemName=ms-python.flake8). <br>Další informace najdete [tady](https://aka.ms/AAlgvkb).","python.linting.flake8Enabled.deprecationMessage":"Toto nastavení bude brzy zastaralé. Použijte prosím rozšíření Flake8. Další informace najdete tady: https://aka.ms/AAlgvkb.","python.linting.flake8Enabled.description":"Jestli se mají soubory Python lintovat pomocí flake8.","python.linting.flake8Enabled.markdownDeprecationMessage":"Toto nastavení bude brzy zastaralé. Použijte [rozšíření Flake8](https://marketplace.visualstudio.com/items?itemName=ms-python.flake8). <br>Další informace najdete [tady](https://aka.ms/AAlgvkb).","python.linting.flake8Path.deprecationMessage":"Toto nastavení bude brzy zastaralé. Použijte prosím rozšíření Flake8. Další informace najdete tady: https://aka.ms/AAlgvkb.","python.linting.flake8Path.description":"Cesta k flake8. Můžete použít vlastní verzi flake8 upravením tohoto nastavení tak, aby zahrnovalo celou cestu.","python.linting.flake8Path.markdownDeprecationMessage":"Toto nastavení bude brzy zastaralé. Použijte [rozšíření Flake8](https://marketplace.visualstudio.com/items?itemName=ms-python.flake8). <br>Další informace najdete [tady](https://aka.ms/AAlgvkb).","python.linting.ignorePatterns.deprecationMessage":"Toto nastavení bude brzy zastaralé. Další informace najdete tady: https://aka.ms/AAlgvkb.","python.linting.ignorePatterns.description":"Vzory používané k vyloučení souborů nebo složek z lintování.","python.linting.ignorePatterns.markdownDeprecationMessage":"Toto nastavení bude brzy zastaralé. Další informace najdete [tady](https://aka.ms/AAlgvkb).","python.linting.lintOnSave.deprecationMessage":"Toto nastavení bude brzy zastaralé. Další informace najdete tady: https://aka.ms/AAlgvkb.","python.linting.lintOnSave.description":"Jestli se mají soubory Python lintovat při uložení.","python.linting.lintOnSave.markdownDeprecationMessage":"Toto nastavení bude brzy zastaralé. Další informace najdete [tady](https://aka.ms/AAlgvkb).","python.linting.maxNumberOfProblems.deprecationMessage":"Toto nastavení bude brzy zastaralé. Další informace najdete tady: https://aka.ms/AAlgvkb.","python.linting.maxNumberOfProblems.description":"Řídí maximální počet problém, které vytváří server.","python.linting.maxNumberOfProblems.markdownDeprecationMessage":"Toto nastavení bude brzy zastaralé. Další informace najdete [tady](https://aka.ms/AAlgvkb).","python.linting.mypyArgs.deprecationMessage":"Toto nastavení bude brzy zastaralé. Použijte prosím rozšíření Mypy Type Checker. Další informace najdete tady: https://aka.ms/AAlgvkb.","python.linting.mypyArgs.description":"Argumenty se přidaly. Každý argument je samostatnou položkou v poli.","python.linting.mypyArgs.markdownDeprecationMessage":"Toto nastavení bude brzy zastaralé. Použijte [rozšíření Mypy Type Checker](https://marketplace.visualstudio.com/items?itemName=ms-python.mypy-type-checker). <br>Další informace najdete [tady](https://aka.ms/AAlgvkb).","python.linting.mypyCategorySeverity.error.deprecationMessage":"Toto nastavení bude brzy zastaralé. Použijte prosím rozšíření Mypy Type Checker. Další informace najdete tady: https://aka.ms/AAlgvkb.","python.linting.mypyCategorySeverity.error.description":"Závažnost „Error“ typu zprávy mypy.","python.linting.mypyCategorySeverity.error.markdownDeprecationMessage":"Toto nastavení bude brzy zastaralé. Použijte [rozšíření Mypy Type Checker](https://marketplace.visualstudio.com/items?itemName=ms-python.mypy-type-checker). <br>Další informace najdete [tady](https://aka.ms/AAlgvkb).","python.linting.mypyCategorySeverity.note.deprecationMessage":"Toto nastavení bude brzy zastaralé. Použijte prosím rozšíření Mypy Type Checker. Další informace najdete tady: https://aka.ms/AAlgvkb.","python.linting.mypyCategorySeverity.note.description":"Závažnost „Note“ typu zprávy Mypy.","python.linting.mypyCategorySeverity.note.markdownDeprecationMessage":"Toto nastavení bude brzy zastaralé. Použijte [rozšíření Mypy Type Checker](https://marketplace.visualstudio.com/items?itemName=ms-python.mypy-type-checker). <br>Další informace najdete [tady](https://aka.ms/AAlgvkb).","python.linting.mypyEnabled.deprecationMessage":"Toto nastavení bude brzy zastaralé. Použijte prosím rozšíření Mypy Type Checker. Další informace najdete tady: https://aka.ms/AAlgvkb.","python.linting.mypyEnabled.description":"Jestli se mají soubory Python lintovat pomocí mypy.","python.linting.mypyEnabled.markdownDeprecationMessage":"Toto nastavení bude brzy zastaralé. Použijte [rozšíření Mypy Type Checker](https://marketplace.visualstudio.com/items?itemName=ms-python.mypy-type-checker). <br>Další informace najdete [tady](https://aka.ms/AAlgvkb).","python.linting.mypyPath.deprecationMessage":"Toto nastavení bude brzy zastaralé. Použijte prosím rozšíření Mypy Type Checker. Další informace najdete tady: https://aka.ms/AAlgvkb.","python.linting.mypyPath.description":"Cesta k mypy. Můžete použít vlastní verzi mypy upravením tohoto nastavení tak, aby zahrnovalo celou cestu.","python.linting.mypyPath.markdownDeprecationMessage":"Toto nastavení bude brzy zastaralé. Použijte [rozšíření Mypy Type Checker](https://marketplace.visualstudio.com/items?itemName=ms-python.mypy-type-checker). <br>Další informace najdete [tady](https://aka.ms/AAlgvkb).","python.linting.prospectorArgs.deprecationMessage":"Podpora Prospector bude brzy zastaralá. Další informace najdete tady: https://aka.ms/AAlgvkb.","python.linting.prospectorArgs.description":"Argumenty se přidaly. Každý argument je samostatnou položkou v poli.","python.linting.prospectorArgs.markdownDeprecationMessage":"Podpora Prospector bude brzy zastaralá. Další informace najdete [tady](https://aka.ms/AAlgvkb).","python.linting.prospectorEnabled.deprecationMessage":"Podpora Prospector bude brzy zastaralá. Další informace najdete tady: https://aka.ms/AAlgvkb.","python.linting.prospectorEnabled.description":"Jestli se mají soubory Python lintovat pomocí prospektoru.","python.linting.prospectorEnabled.markdownDeprecationMessage":"Podpora Prospector bude brzy zastaralá. Další informace najdete [tady](https://aka.ms/AAlgvkb).","python.linting.prospectorPath.deprecationMessage":"Podpora Prospector bude brzy zastaralá. Další informace najdete tady: https://aka.ms/AAlgvkb.","python.linting.prospectorPath.description":"Cesta k Prospektoru. Můžete použít vlastní verzi prospektoru upravením tohoto nastavení tak, aby zahrnovalo celou cestu.","python.linting.prospectorPath.markdownDeprecationMessage":"Podpora Prospector bude brzy zastaralá. Další informace najdete [tady](https://aka.ms/AAlgvkb).","python.linting.pycodestyleArgs.deprecationMessage":"Podpora Pycodestyle bude brzy zastaralá. Další informace najdete tady: https://aka.ms/AAlgvkb.","python.linting.pycodestyleArgs.description":"Argumenty se přidaly. Každý argument je samostatnou položkou v poli.","python.linting.pycodestyleArgs.markdownDeprecationMessage":"Podpora Pycodestyle bude brzy zastaralá. Další informace najdete [tady](https://aka.ms/AAlgvkb).","python.linting.pycodestyleCategorySeverity.E.deprecationMessage":"Podpora Pycodestyle bude brzy zastaralá. Další informace najdete tady: https://aka.ms/AAlgvkb.","python.linting.pycodestyleCategorySeverity.E.description":"Závažnost „E“ typu zprávy pycodestyle.","python.linting.pycodestyleCategorySeverity.E.markdownDeprecationMessage":"Podpora Pycodestyle bude brzy zastaralá. Další informace najdete [tady](https://aka.ms/AAlgvkb).","python.linting.pycodestyleCategorySeverity.W.deprecationMessage":"Podpora Pycodestyle bude brzy zastaralá. Další informace najdete tady: https://aka.ms/AAlgvkb.","python.linting.pycodestyleCategorySeverity.W.description":"Závažnost „W“ typu zprávy pycodestyle.","python.linting.pycodestyleCategorySeverity.W.markdownDeprecationMessage":"Podpora Pycodestyle bude brzy zastaralá. Další informace najdete [tady](https://aka.ms/AAlgvkb).","python.linting.pycodestyleEnabled.deprecationMessage":"Podpora Pycodestyle bude brzy zastaralá. Další informace najdete tady: https://aka.ms/AAlgvkb.","python.linting.pycodestyleEnabled.description":"Jestli se mají soubory Python lintovat pomocí pycodestyle.","python.linting.pycodestyleEnabled.markdownDeprecationMessage":"Podpora Pycodestyle bude brzy zastaralá. Další informace najdete [tady](https://aka.ms/AAlgvkb).","python.linting.pycodestylePath.deprecationMessage":"Podpora Pycodestyle bude brzy zastaralá. Další informace najdete tady: https://aka.ms/AAlgvkb.","python.linting.pycodestylePath.description":"Cesta k pycodestyle. Můžete použít vlastní verzi pycodestyle upravením tohoto nastavení tak, aby zahrnovalo celou cestu.","python.linting.pycodestylePath.markdownDeprecationMessage":"Podpora Pycodestyle bude brzy zastaralá. Další informace najdete [tady](https://aka.ms/AAlgvkb).","python.linting.pydocstyleArgs.deprecationMessage":"Podpora Pydocstyle bude brzy zastaralá. Další informace najdete tady: https://aka.ms/AAlgvkb.","python.linting.pydocstyleArgs.description":"Argumenty se přidaly. Každý argument je samostatnou položkou v poli.","python.linting.pydocstyleArgs.markdownDeprecationMessage":"Podpora Pydocstyle bude brzy zastaralá. Další informace najdete [tady](https://aka.ms/AAlgvkb).","python.linting.pydocstyleEnabled.deprecationMessage":"Podpora Pydocstyle bude brzy zastaralá. Další informace najdete tady: https://aka.ms/AAlgvkb.","python.linting.pydocstyleEnabled.description":"Jestli se mají soubory Python lintovat pomocí pydocstyle.","python.linting.pydocstyleEnabled.markdownDeprecationMessage":"Podpora Pydocstyle bude brzy zastaralá. Další informace najdete [tady](https://aka.ms/AAlgvkb).","python.linting.pydocstylePath.deprecationMessage":"Podpora Pydocstyle bude brzy zastaralá. Další informace najdete tady: https://aka.ms/AAlgvkb.","python.linting.pydocstylePath.description":"Cesta k pydocstyle. Můžete použít vlastní verzi pydocstyle upravením tohoto nastavení tak, aby zahrnovalo celou cestu.","python.linting.pydocstylePath.markdownDeprecationMessage":"Podpora Pydocstyle bude brzy zastaralá. Další informace najdete [tady](https://aka.ms/AAlgvkb).","python.linting.pylamaArgs.deprecationMessage":"Podpora Pylama bude brzy zastaralá. Další informace najdete tady: https://aka.ms/AAlgvkb.","python.linting.pylamaArgs.description":"Argumenty se přidaly. Každý argument je samostatnou položkou v poli.","python.linting.pylamaArgs.markdownDeprecationMessage":"Podpora Pylama bude brzy zastaralá. Další informace najdete [tady](https://aka.ms/AAlgvkb).","python.linting.pylamaEnabled.deprecationMessage":"Podpora Pylama bude brzy zastaralá. Další informace najdete tady: https://aka.ms/AAlgvkb.","python.linting.pylamaEnabled.description":"Jestli se mají soubory Python lintovat pomocí pylama.","python.linting.pylamaEnabled.markdownDeprecationMessage":"Podpora Pylama bude brzy zastaralá. Další informace najdete [tady](https://aka.ms/AAlgvkb).","python.linting.pylamaPath.deprecationMessage":"Podpora Pylama bude brzy zastaralá. Další informace najdete tady: https://aka.ms/AAlgvkb.","python.linting.pylamaPath.description":"Cesta k pylama. Můžete použít vlastní verzi pylama upravením tohoto nastavení tak, aby zahrnovalo celou cestu.","python.linting.pylamaPath.markdownDeprecationMessage":"Podpora Pylama bude brzy zastaralá. Další informace najdete [tady](https://aka.ms/AAlgvkb).","python.linting.pylintArgs.deprecationMessage":"Toto nastavení bude brzy zastaralé. Použijte prosím rozšíření Pylint. Další informace najdete tady: https://aka.ms/AAlgvkb.","python.linting.pylintArgs.description":"Argumenty se přidaly. Každý argument je samostatnou položkou v poli.","python.linting.pylintArgs.markdownDeprecationMessage":"Toto nastavení bude brzy zastaralé. Použijte [rozšíření Pylint](https://marketplace.visualstudio.com/items?itemName=ms-python.pylint). <br>Další informace najdete [tady](https://aka.ms/AAlgvkb).","python.linting.pylintCategorySeverity.convention.deprecationMessage":"Toto nastavení bude brzy zastaralé. Použijte prosím rozšíření Pylint. Další informace najdete tady: https://aka.ms/AAlgvkb.","python.linting.pylintCategorySeverity.convention.description":"Závažnost „Convention/C“ typu zprávy Pylint.","python.linting.pylintCategorySeverity.convention.markdownDeprecationMessage":"Toto nastavení bude brzy zastaralé. Použijte [rozšíření Pylint](https://marketplace.visualstudio.com/items?itemName=ms-python.pylint). <br>Další informace najdete [tady](https://aka.ms/AAlgvkb).","python.linting.pylintCategorySeverity.error.deprecationMessage":"Toto nastavení bude brzy zastaralé. Použijte prosím rozšíření Pylint. Další informace najdete tady: https://aka.ms/AAlgvkb.","python.linting.pylintCategorySeverity.error.description":"Závažnost „Error/E“ typu zprávy pycodestyle.","python.linting.pylintCategorySeverity.error.markdownDeprecationMessage":"Toto nastavení bude brzy zastaralé. Použijte [rozšíření Pylint](https://marketplace.visualstudio.com/items?itemName=ms-python.pylint). <br>Další informace najdete [tady](https://aka.ms/AAlgvkb).","python.linting.pylintCategorySeverity.fatal.deprecationMessage":"Toto nastavení bude brzy zastaralé. Použijte prosím rozšíření Pylint. Další informace najdete tady: https://aka.ms/AAlgvkb.","python.linting.pylintCategorySeverity.fatal.description":"Závažnost „Error/F“ typu zprávy Pylint.","python.linting.pylintCategorySeverity.fatal.markdownDeprecationMessage":"Toto nastavení bude brzy zastaralé. Použijte [rozšíření Pylint](https://marketplace.visualstudio.com/items?itemName=ms-python.pylint). <br>Další informace najdete [tady](https://aka.ms/AAlgvkb).","python.linting.pylintCategorySeverity.refactor.deprecationMessage":"Toto nastavení bude brzy zastaralé. Použijte prosím rozšíření Pylint. Další informace najdete tady: https://aka.ms/AAlgvkb.","python.linting.pylintCategorySeverity.refactor.description":"Závažnost „Refactor/R“ typu zprávy Pylint.","python.linting.pylintCategorySeverity.refactor.markdownDeprecationMessage":"Toto nastavení bude brzy zastaralé. Použijte [rozšíření Pylint](https://marketplace.visualstudio.com/items?itemName=ms-python.pylint). <br>Další informace najdete [tady](https://aka.ms/AAlgvkb).","python.linting.pylintCategorySeverity.warning.deprecationMessage":"Toto nastavení bude brzy zastaralé. Použijte prosím rozšíření Pylint. Další informace najdete tady: https://aka.ms/AAlgvkb.","python.linting.pylintCategorySeverity.warning.description":"Závažnost „Warning/W“ typu zprávy Pylint.","python.linting.pylintCategorySeverity.warning.markdownDeprecationMessage":"Toto nastavení bude brzy zastaralé. Použijte [rozšíření Pylint](https://marketplace.visualstudio.com/items?itemName=ms-python.pylint). <br>Další informace najdete [tady](https://aka.ms/AAlgvkb).","python.linting.pylintEnabled.deprecationMessage":"Toto nastavení bude brzy zastaralé. Použijte prosím rozšíření Pylint. Další informace najdete tady: https://aka.ms/AAlgvkb.","python.linting.pylintEnabled.description":"Jestli se mají soubory Python lintovat pomocí pylint.","python.linting.pylintEnabled.markdownDeprecationMessage":"Toto nastavení bude brzy zastaralé. Použijte [rozšíření Pylint](https://marketplace.visualstudio.com/items?itemName=ms-python.pylint). <br>Další informace najdete [tady](https://aka.ms/AAlgvkb).","python.linting.pylintPath.deprecationMessage":"Toto nastavení bude brzy zastaralé. Použijte prosím rozšíření Pylint. Další informace najdete tady: https://aka.ms/AAlgvkb.","python.linting.pylintPath.description":"Cesta k pylint. Můžete použít vlastní verzi pylint upravením tohoto nastavení tak, aby zahrnovalo celou cestu.","python.linting.pylintPath.markdownDeprecationMessage":"Toto nastavení bude brzy zastaralé. Použijte [rozšíření Pylint](https://marketplace.visualstudio.com/items?itemName=ms-python.pylint). <br>Další informace najdete [tady](https://aka.ms/AAlgvkb).","python.logging.level.deprecation":"Toto nastavení je zastaralé. Pokud chcete nastavit úroveň protokolování, použijte prosím příkaz „Developer: Set Log Level...“.","python.logging.level.description":"Úroveň protokolování protokolů rozšíření se nastavuje na výchozí „chyba“","python.menu.createNewFile.title":"Soubor Python","python.missingPackage.severity.description":"Nastavení závažnosti chybějících balíčků v souboru requirements.txt nebo pyproject.toml","python.pipenvPath.description":"Cesta ke spustitelnému souboru pipenv, který se má použít pro aktivaci.","python.poetryPath.description":"Cesta ke spustitelnému souboru typu poetry.","python.sortImports.args.deprecationMessage":"Toto nastavení bude brzy odebráno. Místo toho použijte isort.args.","python.sortImports.args.description":"Argumenty se přidaly. Každý argument je samostatnou položkou v poli.","python.sortImports.path.deprecationMessage":"Toto nastavení bude brzy odebráno. Místo toho použijte isort.path.","python.sortImports.path.description":"Cesta ke skriptu isort, výchozí používá vnitřní verzi","python.tensorBoard.logDirectory.description":"Nastavte toto nastavení na vámi upřednostňovaný adresář protokolu TensorBoard, abyste při spouštění TensorBoard přeskočili výzvu adresáře protokolu¨.","python.terminal.activateEnvInCurrentTerminal.description":"Aktivovat Prostředí Python u aktuálního Terminálu při načtení Rozšíření.","python.terminal.activateEnvironment.description":"Aktivovat prostředí Pythonu ve všech vytvořených terminálech.","python.terminal.executeInFileDir.description":"Při provádění souboru v terminálu se určuje, jestli se má místo aktuální otevřené složky použít příkaz execute v adresáři souboru.","python.terminal.focusAfterLaunch.description":"Jestli se má kurzor při spouštění terminálu Pythonu umístit do terminálu.","python.terminal.launchArgs.description":"Argumenty spuštění Python, které se mají použít při spouštění souboru v terminálu.","python.testing.autoTestDiscoverOnSaveEnabled.description":"Povolit zjišťování testů automatického spuštění při ukládání testovacího souboru.","python.testing.cwd.description":"Volitelný pracovní adresář pro testy.","python.testing.debugPort.description":"Číslo portu, který se používá pro ladění testů.","python.testing.promptToConfigure.description":"Výzva k nakonfigurování architektury testu, pokud dojde k odhalení potenciálních adresářů pro testování.","python.testing.pytestArgs.description":"Argumenty se přidaly. Každý argument je samostatnou položkou v poli.","python.testing.pytestEnabled.description":"Povolit testování pomocé pytest.","python.testing.pytestPath.description":"Cesta k pytest (pytest). Můžete použít vlastní verzi pytest upravením tohoto nastavení tak, aby zahrnovalo celou cestu.","python.testing.unittestArgs.description":"Argumenty se přidaly. Každý argument je samostatnou položkou v poli.","python.testing.unittestEnabled.description":"Povolit testování pomocí unittestu.","python.venvFolders.description":"Složky v domovském adresáři, ve kterých se mají hledat virtuální prostředí (ve výchozím nastavení podporují pyenv, direnv a virtualenvwrapper)","python.venvPath.description":"Cesta ke složce se seznamem Virtuálních prostředí (např. ~/.pyenv, ~/Envs, ~/.virtualenvs).","walkthrough.pythonDataScienceWelcome.description":"Toto jsou vaše první kroky k tomu, jak začít s projektem datových věd v Pythonu!","walkthrough.pythonDataScienceWelcome.title":"Začínáme s Pythonem pro datové vědy","walkthrough.pythonWelcome.description":"Toto jsou vaše první kroky k nastavení projektu Pythonu se všemi výkonnými nástroji a funkcemi, které rozšíření Python nabízí!","walkthrough.pythonWelcome.title":"Začínáme s vývojem v Pythonu","walkthrough.step.python.createEnvironment.altText":"Vytvoření prostředí Pythonu z palety příkazů.","walkthrough.step.python.createEnvironment.description":"Vytvořte prostředí pro svůj projekt Pythonu.\r\n[Vytvořit prostředí](command:python.createEnvironment)\r\n**Tip**: Spusťte příkaz Python: Vytvořit prostředí z [palety příkazů](command:workbench.action.showCommands).\r\n 🔍 Další informace najdete v našich [dokumentech](https://aka.ms/pythonenvs).","walkthrough.step.python.createEnvironment.description2":"Vytvořte prostředí pro svůj projekt Python nebo pomocí [Výběru interpreta Python](command:python.setInterpreter) vyberte některé z existujících.\r\n [Vytvořte prostředí] (command:python.createEnvironment)\r\n **Tip**: Spusťte příkaz Python: Vytvořit prostředí na [paletě příkazů](command:workbench.action.showCommands).","walkthrough.step.python.createEnvironment.title":"Vytvoření prostředí Pythonu ","walkthrough.step.python.createEnvironment.title2":"Vytvoření nebo výběr prostředí Python ","walkthrough.step.python.createNewNotebook.altText":"Vytváří se nový poznámkový blok Jupyter.","walkthrough.step.python.createNewNotebook.description":"Klikněte pravým tlačítkem v Průzkumníkovi souborů a vytvořte nový soubor s příponou .ipynb. Nebo otevřete [paletu příkazů](command:workbench.action.showCommands) a spusťte příkaz: \r\n``Jupyter: Create New Blank Notebook``.\r\n[Vytvořit nový Jupyter Notebook](command:toSide:jupyter.createnewnotebook)\r\n Pokud máte existující projekt, můžete také [otevřít složku](command:workbench.action.files.openFolder) nebo klonovat projekt z GitHubu: [klonovat úložiště Git](command:git.clone).","walkthrough.step.python.createNewNotebook.title":"Vytvořit nebo otevřít Jupyter Notebook","walkthrough.step.python.createPythonFile.altText":"Umožňuje otevřít soubor Pythonu nebo složku s projektem Pythonu.","walkthrough.step.python.createPythonFile.description":"[Otevřete](command:toSide:workbench.action.files.openFile) nebo [vytvořte](command:toSide:workbench.action.files.newUntitledFile?%7B%22languageId%22%3A%22python%22%7D) soubor Pythonu. Nezapomeňte ho uložit s příponou .py. \r\n[Vytvořit soubor Pythonu](command:toSide:workbench.action.files.newUntitledFile?%7B%22languageId%22%3A%22python%22%7D)","walkthrough.step.python.createPythonFile.title":"Vytvoření souboru Pythonu","walkthrough.step.python.createPythonFolder.description":"[Otevřete] (command:workbench.action.files.openFolder) nebo vytvořte složku projektu.\r\n [Otevřít složku projektu] (command:workbench.action.files.openFolder)","walkthrough.step.python.createPythonFolder.title":"Otevření složky projektu Python","walkthrough.step.python.dataScienceLearnMore.altText":"Obrázek představující naši stránku dokumentace a zdroje pro seznam adresátů.","walkthrough.step.python.dataScienceLearnMore.description":"📒 Podívejte se do [rozšíření Jupyter](command:workbench.extensions.search?\"ms-toolsai.jupyter\") vyhledáním položky „Jupyter“ z [palety příkazů](command:workbench.action.showCommands). \r\n 🏃🏻 Další funkce najdete v našich [kurzech](https://aka.ms/AAdjzpd).  \r\n[Další informace](https://aka.ms/AAdar6q)","walkthrough.step.python.dataScienceLearnMore.title":"Podívejte se na další informace!","walkthrough.step.python.installJupyterExt.altText":"Vytváří se nový poznámkový blok Jupyter.","walkthrough.step.python.installJupyterExt.description":"Pokud jste to ještě neudělali, nainstalujte si [rozšíření Jupyter](command:workbench.extensions.search?\"ms-toolsai.jupyter\") a využijte všechny možnosti poznámkových bloků ve VS Code!\r\n \r\n[Vyhledat rozšíření Jupyter](command:workbench.extensions.search?\"ms-toolsai.jupyter\")","walkthrough.step.python.installJupyterExt.title":"Instalace rozšíření Jupyter","walkthrough.step.python.installPythonLinux.description":"Rozšíření Pythonu vyžaduje, aby byl nainstalovaný Python. Nainstalujte si Python 3 prostřednictvím terminálu.\r\n[Nainstalovat Python přes terminál](command:python.installPythonOnLinux)\r\n","walkthrough.step.python.installPythonLinux.title":"Instalace Pythonu","walkthrough.step.python.installPythonMac.description":"Rozšíření Pythonu vyžaduje, aby byl nainstalovaný Python. Nainstalujte si Python 3 prostřednictvím terminálu.\r\n[Nainstalovat Python přes Brew](command:python.installPythonOnMac)\r\n","walkthrough.step.python.installPythonMac.title":"Instalace Pythonu","walkthrough.step.python.installPythonWin8.description":"Rozšíření Pythonu vyžaduje, aby byl nainstalovaný Python. Nainstalujte si Python [z python.org](https://www.python.org/downloads).\r\n\r\n[Nainstalovat Python](https://www.python.org/downloads)\r\n","walkthrough.step.python.installPythonWin8.title":"Instalace Pythonu","walkthrough.step.python.learnMoreWithDS.altText":"Obrázek představující naši stránku dokumentace a zdroje pro seznam adresátů.","walkthrough.step.python.learnMoreWithDS.description":"🎨 Prozkoumejte všechny funkce, které rozšíření Pythonu nabízí – stačí vyhledat „Python“ v [paletě příkazů](command:workbench.action.showCommands). \r\n 📈 Další informace o tom, jak začít pracovat s [datovou vědou](command:workbench.action.openWalkthrough?%7B%22category%22%3A%22ms-python.python%23pythonDataScienceWelcome%22%2C%22step%22%3A%22ms-python.python%23python.createNewNotebook%22%7D) v Pythonu. \r\n ✨ Více o nejnovějších funkcích najdete v našich [poznámkách k verzi](https://aka.ms/AA8dxtb). \r\n \r\n[Další informace](https://aka.ms/AA8dqti)","walkthrough.step.python.learnMoreWithDS.description2":"🎨 Objevte všechny funkce, které rozšíření Python nabízí, vyhledáním termínu „Python“ na [Paletě příkazů](command:workbench.action.showCommands). \r\n📈 Další informace o tom, jak začít pracovat s [datovými vědami](command:workbench.action.openUrlthrough?%7B%22category%22%3A%22ms-python.python%23pythonData ScienceWelcome%22%2C%22step%22%3A%22ms-python.python%23python.createNewNotebook%22%7D) v Pythonu. \r\n ✨ Další informace o nejnovějších funkcích najdete v [poznámkách k verzi](https://aka.ms/AA8dxtb). \r\n \r\n[Sledujte kurz Python](https://aka.ms/AA8dqti)","walkthrough.step.python.learnMoreWithDS.title":"Prozkoumání dalších zdrojů informací","walkthrough.step.python.openInteractiveWindow.altText":"Otevření okna Interactive pro Python","walkthrough.step.python.openInteractiveWindow.description":"Okno Interactive pro Python je prostředí Pythonu, kde můžete provádět a zobrazovat výsledky kódu Pythonu. Buňky v souboru Pythonu můžete vytvořit zadáním „#%%“.\r\n \r\nPokud chcete kdykoliv otevřít okno Interactive, otevřete [paletě příkazů](command:workbench.action.showCommands) a spusťte příkaz. \r\n``Jupyter: Create Interactive Window``.\r\n[Otevřít okno Interactive](command:jupyter.createnewinteractive)","walkthrough.step.python.openInteractiveWindow.title":"Otevření okna Interactive pro Python","walkthrough.step.python.runAndDebug.altText":"Jak spouštět a ladit ve VS Code pomocí tlačítka F5 nebo tlačítka Přehrát vpravo nahoře","walkthrough.step.python.runAndDebug.description":"Otevřete soubor Pythonu a klikněte na tlačítko Přehrát v pravém horním rohu editoru nebo stiskněte F5, když se nacházíte na souboru, a vyberte položku Soubor Pythonu, aby se daný soubor spustil s ladicím programem. \r\n  \r\n[Další informace](https://code.visualstudio.com/docs/python/python-tutorial#_run-hello-world)","walkthrough.step.python.runAndDebug.title":"Spuštění a ladění souboru Pythonu","walkthrough.step.python.selectInterpreter.altText":"Výběr interpretu Pythonu ze stavového řádku","walkthrough.step.python.selectInterpreter.description":"Zvolte interpret nebo prostředí Pythonu, které chcete použít pro svůj projekt Pythonu.\r\n[Vybrat interpret Pythonu](command:python.setInterpreter)\r\n**Tip**: Spusťte příkaz Python: Vyberte interpret v [paletě příkazů](command:workbench.action.showCommands).","walkthrough.step.python.selectInterpreter.title":"Vyberte interpret Pythonu"}
