{"python.command.python.sortImports.title":"Sort Imports","python.command.python.startREPL.title":"Start REPL","python.command.python.createEnvironment.title":"Create Environment...","python.command.python.createNewFile.title":"New Python File","python.command.python.createTerminal.title":"Create Terminal","python.command.python.execInTerminal.title":"Run Python File in Terminal","python.command.python.debugInTerminal.title":"Debug Python File","python.command.python.execInTerminalIcon.title":"Run Python File","python.command.python.execInDedicatedTerminal.title":"Run Python File in Dedicated Terminal","python.command.python.setInterpreter.title":"Select Interpreter","python.command.python.clearWorkspaceInterpreter.title":"Clear Workspace Interpreter Setting","python.command.python.viewOutput.title":"Show Output","python.command.python.installJupyter.title":"Install the Jupyter extension","python.command.python.viewLanguageServerOutput.title":"Show Language Server Output","python.command.python.configureTests.title":"Configure Tests","python.command.testing.rerunFailedTests.title":"Rerun Failed Tests","python.command.python.execSelectionInTerminal.title":"Run Selection/Line in Python Terminal","python.command.python.execSelectionInDjangoShell.title":"Run Selection/Line in Django Shell","python.command.python.reportIssue.title":"Report Issue...","python.command.python.setLinter.title":"Select Linter","python.command.python.enableLinting.title":"Enable/Disable Linting","python.command.python.runLinting.title":"Run Linting","python.command.python.enableSourceMapSupport.title":"Enable Source Map Support For Extension Debugging","python.command.python.clearCacheAndReload.title":"Clear Cache and Reload Window","python.command.python.analysis.restartLanguageServer.title":"Restart Language Server","python.command.python.launchTensorBoard.title":"Launch TensorBoard","python.command.python.refreshTensorBoard.title":"Refresh TensorBoard","python.createEnvironment.contentButton.description":"Show or hide Create Environment button in the editor for `requirements.txt` or other dependency files.","python.menu.createNewFile.title":"Python File","python.editor.context.submenu.runPython":"Run Python","python.editor.context.submenu.runPythonInteractive":"Run in Interactive window","python.activeStateToolPath.description":"Path to the State Tool executable for ActiveState runtimes (version 0.36+).","python.autoComplete.extraPaths.description":"List of paths to libraries and the like that need to be imported by auto complete engine. E.g. when using Google App SDK, the paths are not in system path, hence need to be added into this list.","python.condaPath.description":"Path to the conda executable to use for activation (version 4.4+).","python.defaultInterpreterPath.description":"Path to default Python to use when extension loads up for the first time, no longer used once an interpreter is selected for the workspace. See [here](https://aka.ms/AAfekmf) to understand when this is used","python.diagnostics.sourceMapsEnabled.description":"Enable source map support for meaningful stack traces in error logs.","python.envFile.description":"Absolute path to a file containing environment variable definitions.","python.experiments.enabled.description":"Enables A/B tests experiments in the Python extension. If enabled, you may get included in proposed enhancements and/or features.","python.experiments.optInto.description":"List of experiment to opt into. If empty, user is assigned the default experiment groups. See [here](https://github.com/microsoft/vscode-python/wiki/AB-Experiments) for more details.","python.experiments.optOutFrom.description":"List of experiment to opt out of. If empty, user is assigned the default experiment groups. See [here](https://github.com/microsoft/vscode-python/wiki/AB-Experiments) for more details.","python.experiments.All.description":"Combined list of all experiments.","python.experiments.pythonSurveyNotification.description":"Denotes the Python Survey Notification experiment.","python.experiments.pythonPromptNewToolsExt.description":"Denotes the Python Prompt New Tools Extension experiment.","python.experiments.pythonTerminalEnvVarActivation.description":"Enables use of environment variables to activate terminals instead of sending activation commands.","python.experiments.pythonTestAdapter.description":"Denotes the Python Test Adapter experiment.","python.formatting.autopep8Args.description":"Arguments passed in. Each argument is a separate item in the array.","python.formatting.autopep8Args.markdownDeprecationMessage":"This setting will soon be deprecated. Please use the [Autopep8 extension](https://marketplace.visualstudio.com/items?itemName=ms-python.autopep8). <br>Learn more [here](https://aka.ms/AAlgvkb).","python.formatting.autopep8Args.deprecationMessage":"This setting will soon be deprecated. Please use the Autopep8 extension. Learn more here: https://aka.ms/AAlgvkb.","python.formatting.autopep8Path.description":"Path to autopep8, you can use a custom version of autopep8 by modifying this setting to include the full path.","python.formatting.autopep8Path.markdownDeprecationMessage":"This setting will soon be deprecated. Please use the [Autopep8 extension](https://marketplace.visualstudio.com/items?itemName=ms-python.autopep8). <br>Learn more [here](https://aka.ms/AAlgvkb).","python.formatting.autopep8Path.deprecationMessage":"This setting will soon be deprecated. Please use the Autopep8 extension. Learn more here: https://aka.ms/AAlgvkb.","python.formatting.blackArgs.description":"Arguments passed in. Each argument is a separate item in the array.","python.formatting.blackArgs.markdownDeprecationMessage":"This setting will soon be deprecated. Please use the [Black Formatter extension](https://marketplace.visualstudio.com/items?itemName=ms-python.black-formatter). <br>Learn more [here](https://aka.ms/AAlgvkb).","python.formatting.blackArgs.deprecationMessage":"This setting will soon be deprecated. Please use the Black Formatter extension. Learn more here: https://aka.ms/AAlgvkb.","python.formatting.blackPath.description":"Path to Black, you can use a custom version of Black by modifying this setting to include the full path.","python.formatting.blackPath.markdownDeprecationMessage":"This setting will soon be deprecated. Please use the [Black Formatter extension](https://marketplace.visualstudio.com/items?itemName=ms-python.black-formatter). <br>Learn more [here](https://aka.ms/AAlgvkb).","python.formatting.blackPath.deprecationMessage":"This setting will soon be deprecated. Please use the Black Formatter extension. Learn more here: https://aka.ms/AAlgvkb.","python.formatting.provider.description":"Provider for formatting. Possible options include 'autopep8', 'black', and 'yapf'.","python.formatting.provider.markdownDeprecationMessage":"This setting will soon be deprecated. Please use the [Autopep8 extension](https://marketplace.visualstudio.com/items?itemName=ms-python.autopep8) or the [Black Formatter extension](https://marketplace.visualstudio.com/items?itemName=ms-python.black-formatter). <br>Learn more [here](https://aka.ms/AAlgvkb).","python.formatting.provider.deprecationMessage":"This setting will soon be deprecated. Please use the Autopep8 extension or the Black Formatter extension. Learn more here: https://aka.ms/AAlgvkb.","python.formatting.yapfArgs.description":"Arguments passed in. Each argument is a separate item in the array.","python.formatting.yapfArgs.markdownDeprecationMessage":"Yapf support will soon be deprecated. Learn more [here](https://aka.ms/AAlgvkb).","python.formatting.yapfArgs.deprecationMessage":"Yapf support will soon be deprecated. Learn more here: https://aka.ms/AAlgvkb.","python.formatting.yapfPath.description":"Path to yapf, you can use a custom version of yapf by modifying this setting to include the full path.","python.formatting.yapfPath.markdownDeprecationMessage":"Yapf support will soon be deprecated. <br>Learn more [here](https://aka.ms/AAlgvkb).","python.formatting.yapfPath.deprecationMessage":"Yapf support will soon be deprecated. Learn more here: https://aka.ms/AAlgvkb.","python.globalModuleInstallation.description":"Whether to install Python modules globally when not using an environment.","python.languageServer.description":"Defines type of the language server.","python.languageServer.defaultDescription":"Automatically select a language server: Pylance if installed and available, otherwise fallback to Jedi.","python.languageServer.jediDescription":"Use Jedi behind the Language Server Protocol (LSP) as a language server.","python.languageServer.pylanceDescription":"Use Pylance as a language server.","python.languageServer.noneDescription":"Disable language server capabilities.","python.linting.banditArgs.description":"Arguments passed in. Each argument is a separate item in the array.","python.linting.banditArgs.markdownDeprecationMessage":"Bandit support will soon be deprecated. Learn more [here](https://aka.ms/AAlgvkb).","python.linting.banditArgs.deprecationMessage":"Bandit support will soon be deprecated. Learn more here: https://aka.ms/AAlgvkb.","python.linting.banditEnabled.description":"Whether to lint Python files using bandit.","python.linting.banditEnabled.markdownDeprecationMessage":"Bandit support will soon be deprecated. Learn more [here](https://aka.ms/AAlgvkb).","python.linting.banditEnabled.deprecationMessage":"Bandit support will soon be deprecated. Learn more here: https://aka.ms/AAlgvkb.","python.linting.banditPath.description":"Path to bandit, you can use a custom version of bandit by modifying this setting to include the full path.","python.linting.banditPath.markdownDeprecationMessage":"Bandit support will soon be deprecated. Learn more [here](https://aka.ms/AAlgvkb).","python.linting.banditPath.deprecationMessage":"Bandit support will soon be deprecated. Learn more here: https://aka.ms/AAlgvkb.","python.linting.cwd.description":"Optional working directory for linters.","python.linting.cwd.markdownDeprecationMessage":"This setting will soon be deprecated. Learn more [here](https://aka.ms/AAlgvkb).","python.linting.cwd.deprecationMessage":"This setting will soon be deprecated. Learn more here: https://aka.ms/AAlgvkb.","python.linting.enabled.description":"Whether to lint Python files.","python.linting.enabled.markdownDeprecationMessage":"This setting will soon be deprecated. Learn more [here](https://aka.ms/AAlgvkb).","python.linting.enabled.deprecationMessage":"This setting will soon be deprecated. Learn more here: https://aka.ms/AAlgvkb.","python.linting.flake8Args.description":"Arguments passed in. Each argument is a separate item in the array.","python.linting.flake8Args.markdownDeprecationMessage":"This setting will soon be deprecated. Please use the [Flake8 extension](https://marketplace.visualstudio.com/items?itemName=ms-python.flake8). <br>Learn more [here](https://aka.ms/AAlgvkb).","python.linting.flake8Args.deprecationMessage":"This setting will soon be deprecated. Please use the Flake8 extension. Learn more here: https://aka.ms/AAlgvkb.","python.linting.flake8CategorySeverity.E.description":"Severity of Flake8 message type 'E'.","python.linting.flake8CategorySeverity.E.markdownDeprecationMessage":"This setting will soon be deprecated. Please use the [Flake8 extension](https://marketplace.visualstudio.com/items?itemName=ms-python.flake8). <br>Learn more [here](https://aka.ms/AAlgvkb).","python.linting.flake8CategorySeverity.E.deprecationMessage":"This setting will soon be deprecated. Please use the Flake8 extension. Learn more here: https://aka.ms/AAlgvkb.","python.linting.flake8CategorySeverity.F.description":"Severity of Flake8 message type 'F'.","python.linting.flake8CategorySeverity.F.markdownDeprecationMessage":"This setting will soon be deprecated. Please use the [Flake8 extension](https://marketplace.visualstudio.com/items?itemName=ms-python.flake8). <br>Learn more [here](https://aka.ms/AAlgvkb).","python.linting.flake8CategorySeverity.F.deprecationMessage":"This setting will soon be deprecated. Please use the Flake8 extension. Learn more here: https://aka.ms/AAlgvkb.","python.linting.flake8CategorySeverity.W.description":"Severity of Flake8 message type 'W'.","python.linting.flake8CategorySeverity.W.markdownDeprecationMessage":"This setting will soon be deprecated. Please use the [Flake8 extension](https://marketplace.visualstudio.com/items?itemName=ms-python.flake8). <br>Learn more [here](https://aka.ms/AAlgvkb).","python.linting.flake8CategorySeverity.W.deprecationMessage":"This setting will soon be deprecated. Please use the Flake8 extension. Learn more here: https://aka.ms/AAlgvkb.","python.linting.flake8Enabled.description":"Whether to lint Python files using flake8.","python.linting.flake8Enabled.markdownDeprecationMessage":"This setting will soon be deprecated. Please use the [Flake8 extension](https://marketplace.visualstudio.com/items?itemName=ms-python.flake8). <br>Learn more [here](https://aka.ms/AAlgvkb).","python.linting.flake8Enabled.deprecationMessage":"This setting will soon be deprecated. Please use the Flake8 extension. Learn more here: https://aka.ms/AAlgvkb.","python.linting.flake8Path.description":"Path to flake8, you can use a custom version of flake8 by modifying this setting to include the full path.","python.linting.flake8Path.markdownDeprecationMessage":"This setting will soon be deprecated. Please use the [Flake8 extension](https://marketplace.visualstudio.com/items?itemName=ms-python.flake8). <br>Learn more [here](https://aka.ms/AAlgvkb).","python.linting.flake8Path.deprecationMessage":"This setting will soon be deprecated. Please use the Flake8 extension. Learn more here: https://aka.ms/AAlgvkb.","python.linting.ignorePatterns.description":"Patterns used to exclude files or folders from being linted.","python.linting.ignorePatterns.markdownDeprecationMessage":"This setting will soon be deprecated. Learn more [here](https://aka.ms/AAlgvkb).","python.linting.ignorePatterns.deprecationMessage":"This setting will soon be deprecated. Learn more here: https://aka.ms/AAlgvkb.","python.interpreter.infoVisibility.description":"Controls when to display information of selected interpreter in the status bar.","python.interpreter.infoVisibility.never.description":"Never display information.","python.interpreter.infoVisibility.onPythonRelated.description":"Only display information if Python-related files are opened.","python.interpreter.infoVisibility.always.description":"Always display information.","python.linting.lintOnSave.description":"Whether to lint Python files when saved.","python.linting.lintOnSave.markdownDeprecationMessage":"This setting will soon be deprecated. Learn more [here](https://aka.ms/AAlgvkb).","python.linting.lintOnSave.deprecationMessage":"This setting will soon be deprecated. Learn more here: https://aka.ms/AAlgvkb.","python.linting.maxNumberOfProblems.description":"Controls the maximum number of problems produced by the server.","python.linting.maxNumberOfProblems.markdownDeprecationMessage":"This setting will soon be deprecated. Learn more [here](https://aka.ms/AAlgvkb).","python.linting.maxNumberOfProblems.deprecationMessage":"This setting will soon be deprecated. Learn more here: https://aka.ms/AAlgvkb.","python.linting.mypyArgs.description":"Arguments passed in. Each argument is a separate item in the array.","python.linting.mypyArgs.markdownDeprecationMessage":"This setting will soon be deprecated. Please use the [Mypy Type Checker extension](https://marketplace.visualstudio.com/items?itemName=ms-python.mypy-type-checker). <br>Learn more [here](https://aka.ms/AAlgvkb).","python.linting.mypyArgs.deprecationMessage":"This setting will soon be deprecated. Please use the Mypy Type Checker extension. Learn more here: https://aka.ms/AAlgvkb.","python.linting.mypyCategorySeverity.error.description":"Severity of Mypy message type 'Error'.","python.linting.mypyCategorySeverity.error.markdownDeprecationMessage":"This setting will soon be deprecated. Please use the [Mypy Type Checker extension](https://marketplace.visualstudio.com/items?itemName=ms-python.mypy-type-checker). <br>Learn more [here](https://aka.ms/AAlgvkb).","python.linting.mypyCategorySeverity.error.deprecationMessage":"This setting will soon be deprecated. Please use the Mypy Type Checker extension. Learn more here: https://aka.ms/AAlgvkb.","python.linting.mypyCategorySeverity.note.description":"Severity of Mypy message type 'Note'.","python.linting.mypyCategorySeverity.note.markdownDeprecationMessage":"This setting will soon be deprecated. Please use the [Mypy Type Checker extension](https://marketplace.visualstudio.com/items?itemName=ms-python.mypy-type-checker). <br>Learn more [here](https://aka.ms/AAlgvkb).","python.linting.mypyCategorySeverity.note.deprecationMessage":"This setting will soon be deprecated. Please use the Mypy Type Checker extension. Learn more here: https://aka.ms/AAlgvkb.","python.linting.mypyEnabled.description":"Whether to lint Python files using mypy.","python.linting.mypyEnabled.markdownDeprecationMessage":"This setting will soon be deprecated. Please use the [Mypy Type Checker extension](https://marketplace.visualstudio.com/items?itemName=ms-python.mypy-type-checker). <br>Learn more [here](https://aka.ms/AAlgvkb).","python.linting.mypyEnabled.deprecationMessage":"This setting will soon be deprecated. Please use the Mypy Type Checker extension. Learn more here: https://aka.ms/AAlgvkb.","python.linting.mypyPath.description":"Path to mypy, you can use a custom version of mypy by modifying this setting to include the full path.","python.linting.mypyPath.markdownDeprecationMessage":"This setting will soon be deprecated. Please use the [Mypy Type Checker extension](https://marketplace.visualstudio.com/items?itemName=ms-python.mypy-type-checker). <br>Learn more [here](https://aka.ms/AAlgvkb).","python.linting.mypyPath.deprecationMessage":"This setting will soon be deprecated. Please use the Mypy Type Checker extension. Learn more here: https://aka.ms/AAlgvkb.","python.linting.prospectorArgs.description":"Arguments passed in. Each argument is a separate item in the array.","python.linting.prospectorArgs.markdownDeprecationMessage":"Prospector support will soon be deprecated. Learn more [here](https://aka.ms/AAlgvkb).","python.linting.prospectorArgs.deprecationMessage":"Prospector support will soon be deprecated. Learn more here: https://aka.ms/AAlgvkb.","python.linting.prospectorEnabled.description":"Whether to lint Python files using prospector.","python.linting.prospectorEnabled.markdownDeprecationMessage":"Prospector support will soon be deprecated. Learn more [here](https://aka.ms/AAlgvkb).","python.linting.prospectorEnabled.deprecationMessage":"Prospector support will soon be deprecated. Learn more here: https://aka.ms/AAlgvkb.","python.linting.prospectorPath.description":"Path to Prospector, you can use a custom version of prospector by modifying this setting to include the full path.","python.linting.prospectorPath.markdownDeprecationMessage":"Prospector support will soon be deprecated. Learn more [here](https://aka.ms/AAlgvkb).","python.linting.prospectorPath.deprecationMessage":"Prospector support will soon be deprecated. Learn more here: https://aka.ms/AAlgvkb.","python.linting.pycodestyleArgs.description":"Arguments passed in. Each argument is a separate item in the array.","python.linting.pycodestyleArgs.markdownDeprecationMessage":"Pycodestyle support will soon be deprecated. Learn more [here](https://aka.ms/AAlgvkb).","python.linting.pycodestyleArgs.deprecationMessage":"Pycodestyle support will soon be deprecated. Learn more here: https://aka.ms/AAlgvkb.","python.linting.pycodestyleCategorySeverity.E.description":"Severity of pycodestyle message type 'E'.","python.linting.pycodestyleCategorySeverity.E.markdownDeprecationMessage":"Pycodestyle support will soon be deprecated. Learn more [here](https://aka.ms/AAlgvkb).","python.linting.pycodestyleCategorySeverity.E.deprecationMessage":"Pycodestyle support will soon be deprecated. Learn more here: https://aka.ms/AAlgvkb.","python.linting.pycodestyleCategorySeverity.W.description":"Severity of pycodestyle message type 'W'.","python.linting.pycodestyleCategorySeverity.W.markdownDeprecationMessage":"Pycodestyle support will soon be deprecated. Learn more [here](https://aka.ms/AAlgvkb).","python.linting.pycodestyleCategorySeverity.W.deprecationMessage":"Pycodestyle support will soon be deprecated. Learn more here: https://aka.ms/AAlgvkb.","python.linting.pycodestyleEnabled.description":"Whether to lint Python files using pycodestyle.","python.linting.pycodestyleEnabled.markdownDeprecationMessage":"Pycodestyle support will soon be deprecated. Learn more [here](https://aka.ms/AAlgvkb).","python.linting.pycodestyleEnabled.deprecationMessage":"Pycodestyle support will soon be deprecated. Learn more here: https://aka.ms/AAlgvkb.","python.linting.pycodestylePath.description":"Path to pycodestyle, you can use a custom version of pycodestyle by modifying this setting to include the full path.","python.linting.pycodestylePath.markdownDeprecationMessage":"Pycodestyle support will soon be deprecated. Learn more [here](https://aka.ms/AAlgvkb).","python.linting.pycodestylePath.deprecationMessage":"Pycodestyle support will soon be deprecated. Learn more here: https://aka.ms/AAlgvkb.","python.linting.pydocstyleArgs.description":"Arguments passed in. Each argument is a separate item in the array.","python.linting.pydocstyleArgs.markdownDeprecationMessage":"Pydocstyle support will soon be deprecated. Learn more [here](https://aka.ms/AAlgvkb).","python.linting.pydocstyleArgs.deprecationMessage":"Pydocstyle support will soon be deprecated. Learn more here: https://aka.ms/AAlgvkb.","python.linting.pydocstyleEnabled.description":"Whether to lint Python files using pydocstyle.","python.linting.pydocstyleEnabled.markdownDeprecationMessage":"Pydocstyle support will soon be deprecated. Learn more [here](https://aka.ms/AAlgvkb).","python.linting.pydocstyleEnabled.deprecationMessage":"Pydocstyle support will soon be deprecated. Learn more here: https://aka.ms/AAlgvkb.","python.linting.pydocstylePath.description":"Path to pydocstyle, you can use a custom version of pydocstyle by modifying this setting to include the full path.","python.linting.pydocstylePath.markdownDeprecationMessage":"Pydocstyle support will soon be deprecated. Learn more [here](https://aka.ms/AAlgvkb).","python.linting.pydocstylePath.deprecationMessage":"Pydocstyle support will soon be deprecated. Learn more here: https://aka.ms/AAlgvkb.","python.linting.pylamaArgs.description":"Arguments passed in. Each argument is a separate item in the array.","python.linting.pylamaArgs.markdownDeprecationMessage":"Pylama support will soon be deprecated. Learn more [here](https://aka.ms/AAlgvkb).","python.linting.pylamaArgs.deprecationMessage":"Pylama support will soon be deprecated. Learn more here: https://aka.ms/AAlgvkb.","python.linting.pylamaEnabled.description":"Whether to lint Python files using pylama.","python.linting.pylamaEnabled.markdownDeprecationMessage":"Pylama support will soon be deprecated. Learn more [here](https://aka.ms/AAlgvkb).","python.linting.pylamaEnabled.deprecationMessage":"Pylama support will soon be deprecated. Learn more here: https://aka.ms/AAlgvkb.","python.linting.pylamaPath.description":"Path to pylama, you can use a custom version of pylama by modifying this setting to include the full path.","python.linting.pylamaPath.markdownDeprecationMessage":"Pylama support will soon be deprecated. Learn more [here](https://aka.ms/AAlgvkb).","python.linting.pylamaPath.deprecationMessage":"Pylama support will soon be deprecated. Learn more here: https://aka.ms/AAlgvkb.","python.linting.pylintArgs.description":"Arguments passed in. Each argument is a separate item in the array.","python.linting.pylintArgs.markdownDeprecationMessage":"This setting will soon be deprecated. Please use the [Pylint extension](https://marketplace.visualstudio.com/items?itemName=ms-python.pylint). <br>Learn more [here](https://aka.ms/AAlgvkb).","python.linting.pylintArgs.deprecationMessage":"This setting will soon be deprecated. Please use the Pylint extension. Learn more here: https://aka.ms/AAlgvkb.","python.linting.pylintCategorySeverity.convention.description":"Severity of Pylint message type 'Convention/C'.","python.linting.pylintCategorySeverity.convention.markdownDeprecationMessage":"This setting will soon be deprecated. Please use the [Pylint extension](https://marketplace.visualstudio.com/items?itemName=ms-python.pylint). <br>Learn more [here](https://aka.ms/AAlgvkb).","python.linting.pylintCategorySeverity.convention.deprecationMessage":"This setting will soon be deprecated. Please use the Pylint extension. Learn more here: https://aka.ms/AAlgvkb.","python.linting.pylintCategorySeverity.error.description":"Severity of Pylint message type 'Error/E'.","python.linting.pylintCategorySeverity.error.markdownDeprecationMessage":"This setting will soon be deprecated. Please use the [Pylint extension](https://marketplace.visualstudio.com/items?itemName=ms-python.pylint). <br>Learn more [here](https://aka.ms/AAlgvkb).","python.linting.pylintCategorySeverity.error.deprecationMessage":"This setting will soon be deprecated. Please use the Pylint extension. Learn more here: https://aka.ms/AAlgvkb.","python.linting.pylintCategorySeverity.fatal.description":"Severity of Pylint message type 'Error/F'.","python.linting.pylintCategorySeverity.fatal.markdownDeprecationMessage":"This setting will soon be deprecated. Please use the [Pylint extension](https://marketplace.visualstudio.com/items?itemName=ms-python.pylint). <br>Learn more [here](https://aka.ms/AAlgvkb).","python.linting.pylintCategorySeverity.fatal.deprecationMessage":"This setting will soon be deprecated. Please use the Pylint extension. Learn more here: https://aka.ms/AAlgvkb.","python.linting.pylintCategorySeverity.refactor.description":"Severity of Pylint message type 'Refactor/R'.","python.linting.pylintCategorySeverity.refactor.markdownDeprecationMessage":"This setting will soon be deprecated. Please use the [Pylint extension](https://marketplace.visualstudio.com/items?itemName=ms-python.pylint). <br>Learn more [here](https://aka.ms/AAlgvkb).","python.linting.pylintCategorySeverity.refactor.deprecationMessage":"This setting will soon be deprecated. Please use the Pylint extension. Learn more here: https://aka.ms/AAlgvkb.","python.linting.pylintCategorySeverity.warning.description":"Severity of Pylint message type 'Warning/W'.","python.linting.pylintCategorySeverity.warning.markdownDeprecationMessage":"This setting will soon be deprecated. Please use the [Pylint extension](https://marketplace.visualstudio.com/items?itemName=ms-python.pylint). <br>Learn more [here](https://aka.ms/AAlgvkb).","python.linting.pylintCategorySeverity.warning.deprecationMessage":"This setting will soon be deprecated. Please use the Pylint extension. Learn more here: https://aka.ms/AAlgvkb.","python.linting.pylintEnabled.description":"Whether to lint Python files using pylint.","python.linting.pylintEnabled.markdownDeprecationMessage":"This setting will soon be deprecated. Please use the [Pylint extension](https://marketplace.visualstudio.com/items?itemName=ms-python.pylint). <br>Learn more [here](https://aka.ms/AAlgvkb).","python.linting.pylintEnabled.deprecationMessage":"This setting will soon be deprecated. Please use the Pylint extension. Learn more here: https://aka.ms/AAlgvkb.","python.linting.pylintPath.description":"Path to Pylint, you can use a custom version of pylint by modifying this setting to include the full path.","python.linting.pylintPath.markdownDeprecationMessage":"This setting will soon be deprecated. Please use the [Pylint extension](https://marketplace.visualstudio.com/items?itemName=ms-python.pylint). <br>Learn more [here](https://aka.ms/AAlgvkb).","python.linting.pylintPath.deprecationMessage":"This setting will soon be deprecated. Please use the Pylint extension. Learn more here: https://aka.ms/AAlgvkb.","python.logging.level.description":"The logging level the extension logs at, defaults to 'error'","python.logging.level.deprecation":"This setting is deprecated. Please use command `Developer: Set Log Level...` to set logging level.","python.missingPackage.severity.description":"Set severity of missing packages in requirements.txt or pyproject.toml","python.pipenvPath.description":"Path to the pipenv executable to use for activation.","python.poetryPath.description":"Path to the poetry executable.","python.sortImports.args.description":"Arguments passed in. Each argument is a separate item in the array.","python.sortImports.path.description":"Path to isort script, default using inner version","python.tensorBoard.logDirectory.description":"Set this setting to your preferred TensorBoard log directory to skip log directory prompt when starting TensorBoard.","python.terminal.activateEnvInCurrentTerminal.description":"Activate Python Environment in the current Terminal on load of the Extension.","python.terminal.activateEnvironment.description":"Activate Python Environment in all Terminals created.","python.terminal.executeInFileDir.description":"When executing a file in the terminal, whether to use execute in the file's directory, instead of the current open folder.","python.terminal.focusAfterLaunch.description":"When launching a python terminal, whether to focus the cursor on the terminal.","python.terminal.launchArgs.description":"Python launch arguments to use when executing a file in the terminal.","python.testing.autoTestDiscoverOnSaveEnabled.description":"Enable auto run test discovery when saving a test file.","python.testing.cwd.description":"Optional working directory for tests.","python.testing.debugPort.description":"Port number used for debugging of tests.","python.testing.promptToConfigure.description":"Prompt to configure a test framework if potential tests directories are discovered.","python.testing.pytestArgs.description":"Arguments passed in. Each argument is a separate item in the array.","python.testing.pytestEnabled.description":"Enable testing using pytest.","python.testing.pytestPath.description":"Path to pytest (pytest), you can use a custom version of pytest by modifying this setting to include the full path.","python.testing.unittestArgs.description":"Arguments passed in. Each argument is a separate item in the array.","python.testing.unittestEnabled.description":"Enable testing using unittest.","python.venvFolders.description":"Folders in your home directory to look into for virtual environments (supports pyenv, direnv and virtualenvwrapper by default).","python.venvPath.description":"Path to folder with a list of Virtual Environments (e.g. ~/.pyenv, ~/Envs, ~/.virtualenvs).","python.sortImports.args.deprecationMessage":"This setting will be removed soon. Use 'isort.args' instead.","python.sortImports.path.deprecationMessage":"This setting will be removed soon. Use 'isort.path' instead.","walkthrough.pythonWelcome.title":"Get Started with Python Development","walkthrough.pythonWelcome.description":"Your first steps to set up a Python project with all the powerful tools and features that the Python extension has to offer!","walkthrough.step.python.createPythonFile.title":"Create a Python file","walkthrough.step.python.createPythonFolder.title":"Open a Python project folder","walkthrough.step.python.createPythonFile.description":"[Open](command:toSide:workbench.action.files.openFile) or [create](command:toSide:workbench.action.files.newUntitledFile?%7B%22languageId%22%3A%22python%22%7D) a Python file - make sure to save it as \".py\".\n[Create Python File](command:toSide:workbench.action.files.newUntitledFile?%7B%22languageId%22%3A%22python%22%7D)","walkthrough.step.python.createPythonFolder.description":"[Open](command:workbench.action.files.openFolder) or create a project folder.\n[Open Project Folder](command:workbench.action.files.openFolder)","walkthrough.step.python.installPythonWin8.title":"Install Python","walkthrough.step.python.installPythonWin8.description":"The Python Extension requires Python to be installed. Install Python [from python.org](https://www.python.org/downloads).\n\n[Install Python](https://www.python.org/downloads)\n","walkthrough.step.python.installPythonMac.title":"Install Python","walkthrough.step.python.installPythonMac.description":"The Python Extension requires Python to be installed. Install Python 3 through the terminal.\n[Install Python via Brew](command:python.installPythonOnMac)\n","walkthrough.step.python.installPythonLinux.title":"Install Python","walkthrough.step.python.installPythonLinux.description":"The Python Extension requires Python to be installed. Install Python 3 through the terminal.\n[Install Python via terminal](command:python.installPythonOnLinux)\n","walkthrough.step.python.selectInterpreter.title":"Select a Python Interpreter","walkthrough.step.python.selectInterpreter.description":"Choose which Python interpreter/environment you want to use for your Python project.\n[Select Python Interpreter](command:python.setInterpreter)\n**Tip**: Run the ``Python: Select Interpreter`` command in the [Command Palette](command:workbench.action.showCommands).","walkthrough.step.python.createEnvironment.title":"Create a Python Environment ","walkthrough.step.python.createEnvironment.title2":"Create or select a Python Environment ","walkthrough.step.python.createEnvironment.description":"Create an environment for your Python project.\n[Create Environment](command:python.createEnvironment)\n**Tip**: Run the ``Python: Create Environment`` command in the [Command Palette](command:workbench.action.showCommands).\n 🔍 Check out our [docs](https://aka.ms/pythonenvs) to learn more.","walkthrough.step.python.createEnvironment.description2":"Create an environment for your Python project or use [Select Python Interpreter](command:python.setInterpreter) to select an existing one.\n[Create Environment](command:python.createEnvironment)\n**Tip**: Run the ``Python: Create Environment`` command in the [Command Palette](command:workbench.action.showCommands).","walkthrough.step.python.runAndDebug.title":"Run and debug your Python file","walkthrough.step.python.runAndDebug.description":"Open your Python file  and click on the play button on the top right of the editor, or press F5 when on the file and select \"Python File\" to run with the debugger. \n  \n[Learn more](https://code.visualstudio.com/docs/python/python-tutorial#_run-hello-world)","walkthrough.step.python.learnMoreWithDS.title":"Explore more resources","walkthrough.step.python.learnMoreWithDS.description":"🎨 Explore all the features the Python extension has to offer by looking for \"Python\" in the [Command Palette](command:workbench.action.showCommands). \n 📈 Learn more about getting started with [data science](command:workbench.action.openWalkthrough?%7B%22category%22%3A%22ms-python.python%23pythonDataScienceWelcome%22%2C%22step%22%3A%22ms-python.python%23python.createNewNotebook%22%7D) in Python. \n ✨ Take a look at our [Release Notes](https://aka.ms/AA8dxtb) to learn more about the latest features. \n \n[Learn More](https://aka.ms/AA8dqti)","walkthrough.step.python.learnMoreWithDS.description2":"🎨 Explore all the features the Python extension has to offer by looking for \"Python\" in the [Command Palette](command:workbench.action.showCommands). \n 📈 Learn more about getting started with [data science](command:workbench.action.openWalkthrough?%7B%22category%22%3A%22ms-python.python%23pythonDataScienceWelcome%22%2C%22step%22%3A%22ms-python.python%23python.createNewNotebook%22%7D) in Python. \n ✨ Take a look at our [Release Notes](https://aka.ms/AA8dxtb) to learn more about the latest features. \n \n[Follow along with the Python Tutorial](https://aka.ms/AA8dqti)","walkthrough.pythonDataScienceWelcome.title":"Get Started with Python for Data Science","walkthrough.pythonDataScienceWelcome.description":"Your first steps to getting started with a Data Science project with Python!","walkthrough.step.python.installJupyterExt.title":"Install Jupyter extension","walkthrough.step.python.installJupyterExt.description":"If you haven't already, install the [Jupyter extension](command:workbench.extensions.search?\"ms-toolsai.jupyter\") to take full advantage of notebooks experiences in VS Code!\n \n[Search Jupyter extension](command:workbench.extensions.search?\"ms-toolsai.jupyter\")","walkthrough.step.python.createNewNotebook.title":"Create or open a Jupyter Notebook","walkthrough.step.python.createNewNotebook.description":"Right click in the file explorer and create a new file with an .ipynb extension. Or, open the [Command Palette](command:workbench.action.showCommands) and run the command \n``Jupyter: Create New Blank Notebook``.\n[Create new Jupyter Notebook](command:toSide:jupyter.createnewnotebook)\n If you have an existing project, you can also [open a folder](command:workbench.action.files.openFolder) and/or clone a project from GitHub: [clone a Git repository](command:git.clone).","walkthrough.step.python.openInteractiveWindow.title":"Open the Python Interactive Window","walkthrough.step.python.openInteractiveWindow.description":"The Python Interactive Window is a Python shell where you can execute and view the results of your Python code. You can create cells on a Python file by typing ``#%%``.\n \nTo open the interactive window anytime, open the [Command Palette](command:workbench.action.showCommands) and run the command \n``Jupyter: Create Interactive Window``.\n[Open Interactive Window](command:jupyter.createnewinteractive)","walkthrough.step.python.dataScienceLearnMore.title":"Find out more!","walkthrough.step.python.dataScienceLearnMore.description":"📒 Take a look into the [Jupyter extension](command:workbench.extensions.search?\"ms-toolsai.jupyter\") features, by looking for \"Jupyter\" in the [Command Palette](command:workbench.action.showCommands). \n 🏃🏻 Find out more features in our [Tutorials](https://aka.ms/AAdjzpd).  \n[Learn more](https://aka.ms/AAdar6q)","walkthrough.step.python.createPythonFile.altText":"Open a Python file or a folder with a Python project.","walkthrough.step.python.selectInterpreter.altText":"Selecting a Python interpreter from the status bar","walkthrough.step.python.createEnvironment.altText":"Creating a Python environment from the Command Palette","walkthrough.step.python.runAndDebug.altText":"How to run and debug in VS Code with F5 or the play button on the top right.","walkthrough.step.python.learnMoreWithDS.altText":"Image representing our documentation page and mailing list resources.","walkthrough.step.python.installJupyterExt.altText":"Creating a new Jupyter notebook","walkthrough.step.python.createNewNotebook.altText":"Creating a new Jupyter notebook","walkthrough.step.python.openInteractiveWindow.altText":"Opening Python interactive window","walkthrough.step.python.dataScienceLearnMore.altText":"Image representing our documentation page and mailing list resources."}
