{"python.activeStateToolPath.description":"Ruta de acceso al ejecutable de la herramienta de estado para los runtimes de ActiveState (versión 0.36+).","python.autoComplete.extraPaths.description":"Lista de rutas de acceso a bibliotecas y similares que el motor de autocompletar debe importar. Por ejemplo, cuando se usa Google App SDK, las rutas de acceso no se encuentran en la ruta de acceso del sistema, por lo que deben agregarse a esta lista.","python.command.python.analysis.restartLanguageServer.title":"Reiniciar servidor de lenguaje","python.command.python.clearCacheAndReload.title":"Borrar la caché y volver a cargar la ventana","python.command.python.clearWorkspaceInterpreter.title":"Borrar la configuración del intérprete del área de trabajo","python.command.python.configureTests.title":"Configurar pruebas","python.command.python.createEnvironment.title":"Crear ambiente...","python.command.python.createNewFile.title":"Nuevo archivo de Python","python.command.python.createTerminal.title":"Crear terminal","python.command.python.debugInTerminal.title":"Depurar archivo de Python","python.command.python.enableLinting.title":"Habilitar o deshabilitar linting","python.command.python.enableSourceMapSupport.title":"Habilitar la compatibilidad del mapa de origen para la depuración de extensiones","python.command.python.execInDedicatedTerminal.title":"Ejecución del archivo de Python en un terminal dedicado","python.command.python.execInTerminal.title":"Ejecutar el archivo de Python en terminal","python.command.python.execInTerminalIcon.title":"Ejecutar archivo de Python","python.command.python.execSelectionInDjangoShell.title":"Ejecutar la selección o línea en el shell de Django","python.command.python.execSelectionInTerminal.title":"Ejecutar selección o línea en el terminal de Python","python.command.python.installJupyter.title":"Instalar la extensión de Jupyter","python.command.python.launchTensorBoard.title":"Iniciar Tensorboard","python.command.python.refreshTensorBoard.title":"Actualizar TensorBoard","python.command.python.reportIssue.title":"Notificar problema...","python.command.python.runLinting.title":"Ejecutar linting","python.command.python.setInterpreter.title":"Seleccionar intérprete","python.command.python.setLinter.title":"Seleccionar Linter","python.command.python.sortImports.title":"Ordenar las importaciones","python.command.python.startREPL.title":"Iniciar REPL","python.command.python.viewLanguageServerOutput.title":"Mostrar la salida del servidor de lenguaje","python.command.python.viewOutput.title":"Mostrar salida","python.command.testing.rerunFailedTests.title":"Volver a ejecutar las pruebas con errores","python.condaPath.description":"Ruta de acceso al ejecutable de conda que se va a usar para la activación (versión 4.4+).","python.createEnvironment.contentButton.description":"Muestre u oculte el botón Crear entorno en el editor para \"requirements.txt\" u otros archivos de dependencia.","python.defaultInterpreterPath.description":"Ruta de acceso predeterminada de Python que se usará cuando la extensión se cargue por primera vez, dejará de usarse una vez que se seleccione un intérprete para el área de trabajo. Consulte [aquí](https://aka.ms/AAfekmf) para comprender cuándo se usa","python.diagnostics.sourceMapsEnabled.description":"Habilite la compatibilidad con el mapa de origen para hacer seguimientos de pila significativos en los registros de errores.","python.editor.context.submenu.runPython":"Ejecutar Python","python.editor.context.submenu.runPythonInteractive":"Ejecutar en ventana interactiva","python.envFile.description":"Ruta de acceso absoluta a un archivo que contiene definiciones de variables de entorno.","python.experiments.All.description":"Lista combinada de todos los experimentos.","python.experiments.enabled.description":"Habilita experimentos de pruebas A/B en la extensión de Python. Si se habilita, puede incluirse en las mejoras o características propuestas.","python.experiments.optInto.description":"Lista de experimentos de los que participar. Si está vacía, al usuario se le asignan los grupos de experimentos predeterminados. Consulte [aquí](https://github.com/microsoft/vscode-python/wiki/AB-Experiments) para obtener más información.","python.experiments.optOutFrom.description":"Lista de experimentos de los que no participar. Si está vacía, al usuario se le asignan los grupos de experimentos predeterminados. Consulte [aquí](https://github.com/microsoft/vscode-python/wiki/AB-Experiments) para obtener más información.","python.experiments.pythonPromptNewToolsExt.description":"Indica el experimento Python Prompt New Tools Extension.","python.experiments.pythonSurveyNotification.description":"Denota el experimento de notificación de encuestas de Python.","python.experiments.pythonTerminalEnvVarActivation.description":"Permite el uso de variables de entorno para activar terminales en lugar de enviar comandos de activación.","python.experiments.pythonTestAdapter.description":"Denota el experimento del adaptador de pruebas de Python.","python.formatting.autopep8Args.deprecationMessage":"Esta configuración estará pronto en desuso. Use la extensión Autopep8. Obtenga más información aquí: https://aka.ms/AAlgvkb.","python.formatting.autopep8Args.description":"Argumentos aprobados. Cada argumento es un elemento independiente de la matriz.","python.formatting.autopep8Args.markdownDeprecationMessage":"Esta configuración estará pronto en desuso. Use la [extensión Autopep8](https://marketplace.visualstudio.com/items?itemName=ms-python.autopep8). <br>Obtenga más información [aquí](https://aka.ms/AAlgvkb).","python.formatting.autopep8Path.deprecationMessage":"Esta configuración estará pronto en desuso. Use la extensión Autopep8. Obtenga más información aquí: https://aka.ms/AAlgvkb.","python.formatting.autopep8Path.description":"Ruta de acceso a autopep8, puede usar una versión personalizada de autopep8 modificando esta configuración para incluir la ruta de acceso completa.","python.formatting.autopep8Path.markdownDeprecationMessage":"Esta configuración estará pronto en desuso. Use la [extensión Autopep8](https://marketplace.visualstudio.com/items?itemName=ms-python.autopep8). <br>Obtenga más información [aquí](https://aka.ms/AAlgvkb).","python.formatting.blackArgs.deprecationMessage":"Esta configuración estará pronto en desuso. Use la extensión Black Formatter. Obtenga más información aquí: https://aka.ms/AAlgvkb.","python.formatting.blackArgs.description":"Argumentos aprobados. Cada argumento es un elemento independiente de la matriz.","python.formatting.blackArgs.markdownDeprecationMessage":"Esta configuración estará pronto en desuso. Use la [extensión Black Formatter](https://marketplace.visualstudio.com/items?itemName=ms-python.black-formatter). <br>Obtenga más información [aquí](https://aka.ms/AAlgvkb).","python.formatting.blackPath.deprecationMessage":"Esta configuración estará pronto en desuso. Use la extensión Black Formatter. Obtenga más información aquí: https://aka.ms/AAlgvkb.","python.formatting.blackPath.description":"Ruta de acceso a Black, puede usar una versión personalizada de Black modificando esta configuración para incluir la ruta de acceso completa.","python.formatting.blackPath.markdownDeprecationMessage":"Esta configuración estará pronto en desuso. Use la [extensión Black Formatter](https://marketplace.visualstudio.com/items?itemName=ms-python.black-formatter). <br>Obtenga más información [aquí](https://aka.ms/AAlgvkb).","python.formatting.provider.deprecationMessage":"Esta configuración estará pronto en desuso. Use la extensión Autopep8 o la extensión Black Formatter. Obtenga más información aquí: https://aka.ms/AAlgvkb.","python.formatting.provider.description":"Proveedor de formato. Entre las opciones posibles se incluyen \"autopep8\", \"black\" y \"yapf\".","python.formatting.provider.markdownDeprecationMessage":"Esta configuración estará pronto en desuso. Use la [extensión Autopep8](https://marketplace.visualstudio.com/items?itemName=ms-python.autopep8) o la [extensión Black Formatter](https://marketplace.visualstudio.com/items?itemName=ms-python.black-formatter). <br>Obtenga más información [aquí](https://aka.ms/AAlgvkb).","python.formatting.yapfArgs.deprecationMessage":"El soporte técnico de Yapf estará pronto en desuso. Obtenga más información aquí: https://aka.ms/AAlgvkb.","python.formatting.yapfArgs.description":"Argumentos aprobados. Cada argumento es un elemento independiente de la matriz.","python.formatting.yapfArgs.markdownDeprecationMessage":"El soporte técnico de Yapf estará pronto en desuso. Obtenga más información [aquí](https://aka.ms/AAlgvkb).","python.formatting.yapfPath.deprecationMessage":"El soporte técnico de Yapf estará pronto en desuso. Obtenga más información aquí: https://aka.ms/AAlgvkb.","python.formatting.yapfPath.description":"Ruta de acceso a yapf, puede usar una versión personalizada de yapf modificando esta configuración para incluir la ruta de acceso completa.","python.formatting.yapfPath.markdownDeprecationMessage":"El soporte técnico de Yapf estará pronto en desuso. <br>Obtenga más información [aquí](https://aka.ms/AAlgvkb).","python.globalModuleInstallation.description":"Indica si se van a instalar módulos de Python globalmente cuando no se usa un entorno.","python.interpreter.infoVisibility.always.description":"Mostrar siempre información.","python.interpreter.infoVisibility.description":"Controla cuándo mostrar información del intérprete seleccionado en la barra de estado.","python.interpreter.infoVisibility.never.description":"No mostrar nunca información.","python.interpreter.infoVisibility.onPythonRelated.description":"Solo muestra información si se abren archivos relacionados con Python.","python.languageServer.defaultDescription":"Selecciona automáticamente un servidor de lenguaje: Pylance si está instalado y disponible; de lo contrario, vuelve a Jedi.","python.languageServer.description":"Define el tipo de servidor de lenguaje.","python.languageServer.jediDescription":"Usa Jedi detrás del Protocolo del servidor de lenguaje (LSP) como servidor de lenguaje.","python.languageServer.noneDescription":"Deshabilite las funcionalidades del servidor de lenguaje.","python.languageServer.pylanceDescription":"Use Pylance como servidor de lenguaje.","python.linting.banditArgs.deprecationMessage":"El soporte técnico de Bandit estará pronto en desuso. Obtenga más información aquí: https://aka.ms/AAlgvkb.","python.linting.banditArgs.description":"Argumentos aprobados. Cada argumento es un elemento independiente de la matriz.","python.linting.banditArgs.markdownDeprecationMessage":"El soporte técnico de Bandit estará pronto en desuso. Obtenga más información [aquí](https://aka.ms/AAlgvkb).","python.linting.banditEnabled.deprecationMessage":"El soporte técnico de Bandit estará pronto en desuso. Obtenga más información aquí: https://aka.ms/AAlgvkb.","python.linting.banditEnabled.description":"Indica si se deben lintar los archivos de Python mediante bandido.","python.linting.banditEnabled.markdownDeprecationMessage":"El soporte técnico de Bandit estará pronto en desuso. Obtenga más información [aquí](https://aka.ms/AAlgvkb).","python.linting.banditPath.deprecationMessage":"El soporte técnico de Bandit estará pronto en desuso. Obtenga más información aquí: https://aka.ms/AAlgvkb.","python.linting.banditPath.description":"Ruta de acceso al bandido, puede usar una versión personalizada de un bandido modificando esta configuración para incluir la ruta de acceso completa.","python.linting.banditPath.markdownDeprecationMessage":"El soporte técnico de Bandit estará pronto en desuso. Obtenga más información [aquí](https://aka.ms/AAlgvkb).","python.linting.cwd.deprecationMessage":"Esta configuración estará pronto en desuso. Obtenga más información aquí: https://aka.ms/AAlgvkb.","python.linting.cwd.description":"Directorio de trabajo opcional para linters.","python.linting.cwd.markdownDeprecationMessage":"Esta configuración estará pronto en desuso. Obtenga más información [aquí](https://aka.ms/AAlgvkb).","python.linting.enabled.deprecationMessage":"Esta configuración estará pronto en desuso. Obtenga más información aquí: https://aka.ms/AAlgvkb.","python.linting.enabled.description":"Indica si se deben lintar los archivos de Python.","python.linting.enabled.markdownDeprecationMessage":"Esta configuración estará pronto en desuso. Obtenga más información [aquí](https://aka.ms/AAlgvkb).","python.linting.flake8Args.deprecationMessage":"Esta configuración estará pronto en desuso. Use la extensión Flake8. Obtenga más información aquí: https://aka.ms/AAlgvkb.","python.linting.flake8Args.description":"Argumentos aprobados. Cada argumento es un elemento independiente de la matriz.","python.linting.flake8Args.markdownDeprecationMessage":"Esta configuración estará pronto en desuso. Use la [extensión Flake8](https://marketplace.visualstudio.com/items?itemName=ms-python.flake8). <br>Obtenga más información [aquí](https://aka.ms/AAlgvkb).","python.linting.flake8CategorySeverity.E.deprecationMessage":"Esta configuración estará pronto en desuso. Use la extensión Flake8. Obtenga más información aquí: https://aka.ms/AAlgvkb.","python.linting.flake8CategorySeverity.E.description":"Gravedad del tipo de mensaje \"E\" de Flake8.","python.linting.flake8CategorySeverity.E.markdownDeprecationMessage":"Esta configuración estará pronto en desuso. Use la [extensión Flake8](https://marketplace.visualstudio.com/items?itemName=ms-python.flake8). <br>Obtenga más información [aquí](https://aka.ms/AAlgvkb).","python.linting.flake8CategorySeverity.F.deprecationMessage":"Esta configuración estará pronto en desuso. Use la extensión Flake8. Obtenga más información aquí: https://aka.ms/AAlgvkb.","python.linting.flake8CategorySeverity.F.description":"Gravedad del tipo de mensaje \"F\" de Flake8.","python.linting.flake8CategorySeverity.F.markdownDeprecationMessage":"Esta configuración estará pronto en desuso. Use la [extensión Flake8](https://marketplace.visualstudio.com/items?itemName=ms-python.flake8). <br>Obtenga más información [aquí](https://aka.ms/AAlgvkb).","python.linting.flake8CategorySeverity.W.deprecationMessage":"Esta configuración estará pronto en desuso. Use la extensión Flake8. Obtenga más información aquí: https://aka.ms/AAlgvkb.","python.linting.flake8CategorySeverity.W.description":"Gravedad del tipo de mensaje \"W\" de Flake8.","python.linting.flake8CategorySeverity.W.markdownDeprecationMessage":"Esta configuración estará pronto en desuso. Use la [extensión Flake8](https://marketplace.visualstudio.com/items?itemName=ms-python.flake8). <br>Obtenga más información [aquí](https://aka.ms/AAlgvkb).","python.linting.flake8Enabled.deprecationMessage":"Esta configuración estará pronto en desuso. Use la extensión Flake8. Obtenga más información aquí: https://aka.ms/AAlgvkb.","python.linting.flake8Enabled.description":"Indica si se deben lintar los archivos de Python mediante flake8.","python.linting.flake8Enabled.markdownDeprecationMessage":"Esta configuración estará pronto en desuso. Use la [extensión Flake8](https://marketplace.visualstudio.com/items?itemName=ms-python.flake8). <br>Obtenga más información [aquí](https://aka.ms/AAlgvkb).","python.linting.flake8Path.deprecationMessage":"Esta configuración estará pronto en desuso. Use la extensión Flake8. Obtenga más información aquí: https://aka.ms/AAlgvkb.","python.linting.flake8Path.description":"Ruta de acceso a flake8, puede usar una versión personalizada de flake8 modificando esta configuración para incluir la ruta de acceso completa.","python.linting.flake8Path.markdownDeprecationMessage":"Esta configuración estará pronto en desuso. Use la [extensión Flake8](https://marketplace.visualstudio.com/items?itemName=ms-python.flake8). <br>Obtenga más información [aquí](https://aka.ms/AAlgvkb).","python.linting.ignorePatterns.deprecationMessage":"Esta configuración estará pronto en desuso. Obtenga más información aquí: https://aka.ms/AAlgvkb.","python.linting.ignorePatterns.description":"Patrones usados para que no se linten archivos o carpetas.","python.linting.ignorePatterns.markdownDeprecationMessage":"Esta configuración estará pronto en desuso. Obtenga más información [aquí](https://aka.ms/AAlgvkb).","python.linting.lintOnSave.deprecationMessage":"Esta configuración estará pronto en desuso. Obtenga más información aquí: https://aka.ms/AAlgvkb.","python.linting.lintOnSave.description":"Indica si se deben lintar los archivos de Python cuando se guardan.","python.linting.lintOnSave.markdownDeprecationMessage":"Esta configuración estará pronto en desuso. Obtenga más información [aquí](https://aka.ms/AAlgvkb).","python.linting.maxNumberOfProblems.deprecationMessage":"Esta configuración estará pronto en desuso. Obtenga más información aquí: https://aka.ms/AAlgvkb.","python.linting.maxNumberOfProblems.description":"Controla el número máximo de problemas producidos por el servidor.","python.linting.maxNumberOfProblems.markdownDeprecationMessage":"Esta configuración estará pronto en desuso. Obtenga más información [aquí](https://aka.ms/AAlgvkb).","python.linting.mypyArgs.deprecationMessage":"Esta configuración estará pronto en desuso. Use la extensión Mypy Type Checker. Obtenga más información aquí: https://aka.ms/AAlgvkb.","python.linting.mypyArgs.description":"Argumentos aprobados. Cada argumento es un elemento independiente de la matriz.","python.linting.mypyArgs.markdownDeprecationMessage":"Esta configuración estará pronto en desuso. Use la [extensión Mypy Type Checker](https://marketplace.visualstudio.com/items?itemName=ms-python.mypy-type-checker). <br>Obtenga más información [aquí](https://aka.ms/AAlgvkb).","python.linting.mypyCategorySeverity.error.deprecationMessage":"Esta configuración estará pronto en desuso. Use la extensión Mypy Type Checker. Obtenga más información aquí: https://aka.ms/AAlgvkb.","python.linting.mypyCategorySeverity.error.description":"Gravedad del tipo de mensaje de Mypy \"Error\".","python.linting.mypyCategorySeverity.error.markdownDeprecationMessage":"Esta configuración estará pronto en desuso. Use la [extensión Mypy Type Checker](https://marketplace.visualstudio.com/items?itemName=ms-python.mypy-type-checker). <br>Obtenga más información [aquí](https://aka.ms/AAlgvkb).","python.linting.mypyCategorySeverity.note.deprecationMessage":"Esta configuración estará pronto en desuso. Use la extensión Mypy Type Checker. Obtenga más información aquí: https://aka.ms/AAlgvkb.","python.linting.mypyCategorySeverity.note.description":"Gravedad del tipo de mensaje de Mypy \"Note\".","python.linting.mypyCategorySeverity.note.markdownDeprecationMessage":"Esta configuración estará pronto en desuso. Use la [extensión Mypy Type Checker](https://marketplace.visualstudio.com/items?itemName=ms-python.mypy-type-checker). <br>Obtenga más información [aquí](https://aka.ms/AAlgvkb).","python.linting.mypyEnabled.deprecationMessage":"Esta configuración estará pronto en desuso. Use la extensión Mypy Type Checker. Obtenga más información aquí: https://aka.ms/AAlgvkb.","python.linting.mypyEnabled.description":"Indica si se deben lintar los archivos de Python mediante mypy.","python.linting.mypyEnabled.markdownDeprecationMessage":"Esta configuración estará pronto en desuso. Use la [extensión Mypy Type Checker](https://marketplace.visualstudio.com/items?itemName=ms-python.mypy-type-checker). <br>Obtenga más información [aquí](https://aka.ms/AAlgvkb).","python.linting.mypyPath.deprecationMessage":"Esta configuración estará pronto en desuso. Use la extensión Mypy Type Checker. Obtenga más información aquí: https://aka.ms/AAlgvkb.","python.linting.mypyPath.description":"Ruta de acceso a mypy, puede usar una versión personalizada de mypy modificando esta configuración para incluir la ruta de acceso completa.","python.linting.mypyPath.markdownDeprecationMessage":"Esta configuración estará pronto en desuso. Use la [extensión Mypy Type Checker](https://marketplace.visualstudio.com/items?itemName=ms-python.mypy-type-checker). <br>Obtenga más información [aquí](https://aka.ms/AAlgvkb).","python.linting.prospectorArgs.deprecationMessage":"El soporte técnico de Prospector estará pronto en desuso. Obtenga más información aquí: https://aka.ms/AAlgvkb.","python.linting.prospectorArgs.description":"Argumentos aprobados. Cada argumento es un elemento independiente de la matriz.","python.linting.prospectorArgs.markdownDeprecationMessage":"El soporte técnico de Prospector estará pronto en desuso. Obtenga más información [aquí](https://aka.ms/AAlgvkb).","python.linting.prospectorEnabled.deprecationMessage":"El soporte técnico de Prospector estará pronto en desuso. Obtenga más información aquí: https://aka.ms/AAlgvkb.","python.linting.prospectorEnabled.description":"Indica si se deben lintar los archivos de Python con el prospector.","python.linting.prospectorEnabled.markdownDeprecationMessage":"El soporte técnico de Prospector estará pronto en desuso. Obtenga más información [aquí](https://aka.ms/AAlgvkb).","python.linting.prospectorPath.deprecationMessage":"El soporte técnico de Prospector estará pronto en desuso. Obtenga más información aquí: https://aka.ms/AAlgvkb.","python.linting.prospectorPath.description":"Ruta de acceso a Prospector, puede usar una versión personalizada de Prospector modificando esta configuración para incluir la ruta de acceso completa.","python.linting.prospectorPath.markdownDeprecationMessage":"El soporte técnico de Prospector estará pronto en desuso. Obtenga más información [aquí](https://aka.ms/AAlgvkb).","python.linting.pycodestyleArgs.deprecationMessage":"El soporte técnico de Pycodestyle estará pronto en desuso. Obtenga más información aquí: https://aka.ms/AAlgvkb.","python.linting.pycodestyleArgs.description":"Argumentos aprobados. Cada argumento es un elemento independiente de la matriz.","python.linting.pycodestyleArgs.markdownDeprecationMessage":"El soporte técnico de Pycodestyle estará pronto en desuso. Obtenga más información [aquí](https://aka.ms/AAlgvkb).","python.linting.pycodestyleCategorySeverity.E.deprecationMessage":"El soporte técnico de Pycodestyle estará pronto en desuso. Obtenga más información aquí: https://aka.ms/AAlgvkb.","python.linting.pycodestyleCategorySeverity.E.description":"Gravedad del tipo de mensaje pycodestyle 'E'.","python.linting.pycodestyleCategorySeverity.E.markdownDeprecationMessage":"El soporte técnico de Pycodestyle estará pronto en desuso. Obtenga más información [aquí](https://aka.ms/AAlgvkb).","python.linting.pycodestyleCategorySeverity.W.deprecationMessage":"El soporte técnico de Pycodestyle estará pronto en desuso. Obtenga más información aquí: https://aka.ms/AAlgvkb.","python.linting.pycodestyleCategorySeverity.W.description":"Gravedad del tipo de mensaje pycodestyle 'W'.","python.linting.pycodestyleCategorySeverity.W.markdownDeprecationMessage":"El soporte técnico de Pycodestyle estará pronto en desuso. Obtenga más información [aquí](https://aka.ms/AAlgvkb).","python.linting.pycodestyleEnabled.deprecationMessage":"El soporte técnico de Pycodestyle estará pronto en desuso. Obtenga más información aquí: https://aka.ms/AAlgvkb.","python.linting.pycodestyleEnabled.description":"Indica si se deben lintar los archivos de Python mediante pycodestyle.","python.linting.pycodestyleEnabled.markdownDeprecationMessage":"El soporte técnico de Pycodestyle estará pronto en desuso. Obtenga más información [aquí](https://aka.ms/AAlgvkb).","python.linting.pycodestylePath.deprecationMessage":"El soporte técnico de Pycodestyle estará pronto en desuso. Obtenga más información aquí: https://aka.ms/AAlgvkb.","python.linting.pycodestylePath.description":"Ruta de acceso a pycodestyle, puede usar una versión personalizada de pycodestyle modificando esta configuración para incluir la ruta de acceso completa.","python.linting.pycodestylePath.markdownDeprecationMessage":"El soporte técnico de Pycodestyle estará pronto en desuso. Obtenga más información [aquí](https://aka.ms/AAlgvkb).","python.linting.pydocstyleArgs.deprecationMessage":"El soporte técnico de Pydocstyle estará pronto en desuso. Obtenga más información aquí: https://aka.ms/AAlgvkb.","python.linting.pydocstyleArgs.description":"Argumentos aprobados. Cada argumento es un elemento independiente de la matriz.","python.linting.pydocstyleArgs.markdownDeprecationMessage":"El soporte técnico de Pydocstyle estará pronto en desuso. Obtenga más información [aquí](https://aka.ms/AAlgvkb).","python.linting.pydocstyleEnabled.deprecationMessage":"El soporte técnico de Pydocstyle estará pronto en desuso. Obtenga más información aquí: https://aka.ms/AAlgvkb.","python.linting.pydocstyleEnabled.description":"Indica si se deben lintar los archivos de Python mediante pydocstyle.","python.linting.pydocstyleEnabled.markdownDeprecationMessage":"El soporte técnico de Pydocstyle estará pronto en desuso. Obtenga más información [aquí](https://aka.ms/AAlgvkb).","python.linting.pydocstylePath.deprecationMessage":"El soporte técnico de Pydocstyle estará pronto en desuso. Obtenga más información aquí: https://aka.ms/AAlgvkb.","python.linting.pydocstylePath.description":"Ruta de acceso a pydocstyle, puede usar una versión personalizada de pydocstyle modificando esta configuración para incluir la ruta de acceso completa.","python.linting.pydocstylePath.markdownDeprecationMessage":"El soporte técnico de Pydocstyle estará pronto en desuso. Obtenga más información [aquí](https://aka.ms/AAlgvkb).","python.linting.pylamaArgs.deprecationMessage":"El soporte técnico de Pylama estará pronto en desuso. Obtenga más información aquí: https://aka.ms/AAlgvkb.","python.linting.pylamaArgs.description":"Argumentos aprobados. Cada argumento es un elemento independiente de la matriz.","python.linting.pylamaArgs.markdownDeprecationMessage":"El soporte técnico de Pylama estará pronto en desuso. Obtenga más información [aquí](https://aka.ms/AAlgvkb).","python.linting.pylamaEnabled.deprecationMessage":"El soporte técnico de Pylama estará pronto en desuso. Obtenga más información aquí: https://aka.ms/AAlgvkb.","python.linting.pylamaEnabled.description":"Indica si se deben lintar los archivos de Python mediante pylama.","python.linting.pylamaEnabled.markdownDeprecationMessage":"El soporte técnico de Pylama estará pronto en desuso. Obtenga más información [aquí](https://aka.ms/AAlgvkb).","python.linting.pylamaPath.deprecationMessage":"El soporte técnico de Pylama estará pronto en desuso. Obtenga más información aquí: https://aka.ms/AAlgvkb.","python.linting.pylamaPath.description":"Ruta de acceso a pylama, puede usar una versión personalizada de pylama modificando esta configuración para incluir la ruta de acceso completa.","python.linting.pylamaPath.markdownDeprecationMessage":"El soporte técnico de Pylama estará pronto en desuso. Obtenga más información [aquí](https://aka.ms/AAlgvkb).","python.linting.pylintArgs.deprecationMessage":"Esta configuración estará pronto en desuso. Use la extensión Pylint. Obtenga más información aquí: https://aka.ms/AAlgvkb.","python.linting.pylintArgs.description":"Argumentos aprobados. Cada argumento es un elemento independiente de la matriz.","python.linting.pylintArgs.markdownDeprecationMessage":"Esta configuración estará pronto en desuso. Use la [extensión Pylint](https://marketplace.visualstudio.com/items?itemName=ms-python.pylint). <br>Obtenga más información [aquí](https://aka.ms/AAlgvkb).","python.linting.pylintCategorySeverity.convention.deprecationMessage":"Esta configuración estará pronto en desuso. Use la extensión Pylint. Obtenga más información aquí: https://aka.ms/AAlgvkb.","python.linting.pylintCategorySeverity.convention.description":"Gravedad del tipo de mensaje de Pylint \"Convention/C\".","python.linting.pylintCategorySeverity.convention.markdownDeprecationMessage":"Esta configuración estará pronto en desuso. Use la [extensión Pylint](https://marketplace.visualstudio.com/items?itemName=ms-python.pylint). <br>Obtenga más información [aquí](https://aka.ms/AAlgvkb).","python.linting.pylintCategorySeverity.error.deprecationMessage":"Esta configuración estará pronto en desuso. Use la extensión Pylint. Obtenga más información aquí: https://aka.ms/AAlgvkb.","python.linting.pylintCategorySeverity.error.description":"Gravedad del tipo de mensaje de Pylint \"Error/E\".","python.linting.pylintCategorySeverity.error.markdownDeprecationMessage":"Esta configuración estará pronto en desuso. Use la [extensión Pylint](https://marketplace.visualstudio.com/items?itemName=ms-python.pylint). <br>Obtenga más información [aquí](https://aka.ms/AAlgvkb).","python.linting.pylintCategorySeverity.fatal.deprecationMessage":"Esta configuración estará pronto en desuso. Use la extensión Pylint. Obtenga más información aquí: https://aka.ms/AAlgvkb.","python.linting.pylintCategorySeverity.fatal.description":"Gravedad del tipo de mensaje de Pylint \"Error/F\".","python.linting.pylintCategorySeverity.fatal.markdownDeprecationMessage":"Esta configuración estará pronto en desuso. Use la [extensión Pylint](https://marketplace.visualstudio.com/items?itemName=ms-python.pylint). <br>Obtenga más información [aquí](https://aka.ms/AAlgvkb).","python.linting.pylintCategorySeverity.refactor.deprecationMessage":"Esta configuración estará pronto en desuso. Use la extensión Pylint. Obtenga más información aquí: https://aka.ms/AAlgvkb.","python.linting.pylintCategorySeverity.refactor.description":"Gravedad del tipo de mensaje de Pylint \"Refactor/R\".","python.linting.pylintCategorySeverity.refactor.markdownDeprecationMessage":"Esta configuración estará pronto en desuso. Use la [extensión Pylint](https://marketplace.visualstudio.com/items?itemName=ms-python.pylint). <br>Obtenga más información [aquí](https://aka.ms/AAlgvkb).","python.linting.pylintCategorySeverity.warning.deprecationMessage":"Esta configuración estará pronto en desuso. Use la extensión Pylint. Obtenga más información aquí: https://aka.ms/AAlgvkb.","python.linting.pylintCategorySeverity.warning.description":"Gravedad del tipo de mensaje de Pylint \"Warning/W\".","python.linting.pylintCategorySeverity.warning.markdownDeprecationMessage":"Esta configuración estará pronto en desuso. Use la [extensión Pylint](https://marketplace.visualstudio.com/items?itemName=ms-python.pylint). <br>Obtenga más información [aquí](https://aka.ms/AAlgvkb).","python.linting.pylintEnabled.deprecationMessage":"Esta configuración estará pronto en desuso. Use la extensión Pylint. Obtenga más información aquí: https://aka.ms/AAlgvkb.","python.linting.pylintEnabled.description":"Indica si se deben lintar los archivos de Python mediante pylint.","python.linting.pylintEnabled.markdownDeprecationMessage":"Esta configuración estará pronto en desuso. Use la [extensión Pylint](https://marketplace.visualstudio.com/items?itemName=ms-python.pylint). <br>Obtenga más información [aquí](https://aka.ms/AAlgvkb).","python.linting.pylintPath.deprecationMessage":"Esta configuración estará pronto en desuso. Use la extensión Pylint. Obtenga más información aquí: https://aka.ms/AAlgvkb.","python.linting.pylintPath.description":"Ruta de acceso a Pylint, puede usar una versión personalizada de Pylint modificando esta configuración para incluir la ruta de acceso completa.","python.linting.pylintPath.markdownDeprecationMessage":"Esta configuración estará pronto en desuso. Use la [extensión Pylint](https://marketplace.visualstudio.com/items?itemName=ms-python.pylint). <br>Obtenga más información [aquí](https://aka.ms/AAlgvkb).","python.logging.level.deprecation":"Esta configuración está en desuso. Use el comando 'Developer: Set Log Level...' para establecer el nivel de registro.","python.logging.level.description":"Nivel de registro en el que se registra la extensión; el valor predeterminado es \"error\".","python.menu.createNewFile.title":"Archivo de Python","python.missingPackage.severity.description":"Establecer la gravedad de los paquetes que faltan en requirements.txt o pyproject.toml","python.pipenvPath.description":"Ruta de acceso al ejecutable pipenv que se va a usar para la activación.","python.poetryPath.description":"Ruta de acceso al ejecutable poetry.","python.sortImports.args.deprecationMessage":"Esta configuración se quitará pronto. Use \"isort.args\" en su lugar.","python.sortImports.args.description":"Argumentos aprobados. Cada argumento es un elemento independiente de la matriz.","python.sortImports.path.deprecationMessage":"Esta configuración se quitará pronto. Use \"isort.path\" en su lugar.","python.sortImports.path.description":"Ruta de acceso a la secuencia de comandos, predeterminada con la versión interna","python.tensorBoard.logDirectory.description":"Establezca esta configuración en el directorio de registro de TensorBoard que prefiera para omitir el aviso del directorio de registro al iniciar TensorBoard.","python.terminal.activateEnvInCurrentTerminal.description":"Active el entorno de Python en el terminal actual al cargar la extensión.","python.terminal.activateEnvironment.description":"Active el entorno de Python en todos los terminales creados.","python.terminal.executeInFileDir.description":"Al ejecutar un archivo en el terminal, si se debe usar ejecutar en el directorio del archivo en lugar de en la carpeta abierta actual.","python.terminal.focusAfterLaunch.description":"Al iniciar un terminal de Python, indica si se va a centrar el cursor en el terminal.","python.terminal.launchArgs.description":"Argumentos de inicio de Python que se usarán al ejecutar un archivo en el terminal.","python.testing.autoTestDiscoverOnSaveEnabled.description":"Habilite la detección de pruebas de ejecución automática al guardar un archivo de prueba.","python.testing.cwd.description":"Directorio de trabajo opcional para pruebas.","python.testing.debugPort.description":"Número de puerto usado para la depuración de pruebas.","python.testing.promptToConfigure.description":"Se le pedirá que configure un marco de pruebas si se detectan directorios de pruebas potenciales.","python.testing.pytestArgs.description":"Argumentos aprobados. Cada argumento es un elemento independiente de la matriz.","python.testing.pytestEnabled.description":"Habilite las pruebas con pytest.","python.testing.pytestPath.description":"Ruta de acceso a pytest (pytest), puede usar una versión personalizada de pytest modificando esta configuración para incluir la ruta de acceso completa.","python.testing.unittestArgs.description":"Argumentos aprobados. Cada argumento es un elemento independiente de la matriz.","python.testing.unittestEnabled.description":"Habilite las pruebas con unittest.","python.venvFolders.description":"Carpetas del directorio principal para buscar entornos virtuales (admite pyenv, direnv y virtualenvwrapper de forma predeterminada).","python.venvPath.description":"Ruta de acceso a la carpeta con una lista de entornos virtuales (por ejemplo, ~/.pyenv, ~/Envs, ~/.virtualenvs).","walkthrough.pythonDataScienceWelcome.description":"Tus primeros pasos para empezar a trabajar con un proyecto de Ciencia de datos con Python.","walkthrough.pythonDataScienceWelcome.title":"Introducción a Python para Ciencia de datos","walkthrough.pythonWelcome.description":"Sus primeros pasos para configurar un proyecto Python con todas las potentes herramientas y funciones que ofrece la extensión Python.","walkthrough.pythonWelcome.title":"Introducción al desarrollo de Python","walkthrough.step.python.createEnvironment.altText":"Creando un entorno de Python desde la paleta de comandos","walkthrough.step.python.createEnvironment.description":"Crea un entorno para el proyecto de Python.\r\n[Crear entorno](command:python.createEnvironment)\r\n**Sugerencia**: Ejecuta el comando \"Python: Create Environment\" en la [paleta de comandos](command:workbench.action.showCommands).\r\n 🔍 Consulta nuestros [docs](https://aka.ms/pythonenvs) para obtener más información.","walkthrough.step.python.createEnvironment.description2":"Cree un entorno para el proyecto de Python o use [Seleccionar un intérprete de Python](command:python.setInterpreter) para seleccionar uno existente.\r\n[Create Environment](command:python.createEnvironment)\r\n**Sugerencia**: Ejecute el comando \"Python: Create Environment\" en el [Paleta de comandos](command:workbench.action.showCommands).","walkthrough.step.python.createEnvironment.title":"Crear un entorno de Python ","walkthrough.step.python.createEnvironment.title2":"Crear o seleccionar un entorno de Python ","walkthrough.step.python.createNewNotebook.altText":"Creación de un nuevo bloc de notas de Jupyter","walkthrough.step.python.createNewNotebook.description":"Haz clic con el botón derecho del ratón en el explorador de archivos y crea un nuevo archivo con extensión .ipynb. O bien, abre la [paleta de comandos](command:workbench.action.showCommands) y ejecuta el comando \r\n\"Jupyter: Create New Blank Notebook\".\r\n[crear un nuevo bloc de notas de Jupyter](command:toSide:jupyter.createnewnotebook)\r\n Si tiene un proyecto existente, también puede [abrir una carpeta](command:workbench.action.files.openFolder) y/o clonar un proyecto desde GitHub: [clonar un repositorio Git](command:git.clone).","walkthrough.step.python.createNewNotebook.title":"Crear o abrir un Jupyter Notebook","walkthrough.step.python.createPythonFile.altText":"Abre un archivo de Python o una carpeta con un proyecto de Python.","walkthrough.step.python.createPythonFile.description":"[Abrir](command:toSide:workbench.action.files.openFile) o [crear](command:toSide:workbench.action.files.newUntitledFile?%7B%22languageId%22%3A%22python%22%7D) un archivo de Python. Asegúrate de guardarlo como \".py\". \r\n[Crear un archivo de Python](command:toSide:workbench.action.files.newUntitledFile?%7B%22languageId%22%3A%22python%22%7D)","walkthrough.step.python.createPythonFile.title":"Crear un archivo de Python","walkthrough.step.python.createPythonFolder.description":"[Abrir](command:workbench.action.files.openFolder) o crear una carpeta de proyecto.\r\n[Abrir carpeta de proyecto](command:workbench.action.files.openFolder)","walkthrough.step.python.createPythonFolder.title":"Abrir una carpeta de proyecto de Python","walkthrough.step.python.dataScienceLearnMore.altText":"Imagen que representa nuestra página de documentación y recursos de la lista de correo.","walkthrough.step.python.dataScienceLearnMore.description":"📒 Echa un vistazo a la característica [extensión Jupyter](command:workbench.extensions.search?\" ms-toolsai.jupyter\") al buscar \"Jupyter\" en la [paleta de comandos](command:workbench.action.showCommands). \r\n 🏃🏻 Descubre más características en nuestros [Tutoriales](https://aka.ms/AAdjzpd).  \r\n[Más información](https://aka.ms/AAdar6q)","walkthrough.step.python.dataScienceLearnMore.title":"¡Más información!","walkthrough.step.python.installJupyterExt.altText":"Creación de un nuevo bloc de notas de Jupyter","walkthrough.step.python.installJupyterExt.description":"Si aún no lo has hecho, instala la [extensión Jupyter](command:workbench.extensions.search?\" ms-toolsai.jupyter\") para aprovechar al máximo las experiencias de blocs de notas en VS Code.\r\n \r\n[Buscar extensión Jupyter](command:workbench.extensions.search?\" ms-toolsai.jupyter\")","walkthrough.step.python.installJupyterExt.title":"Instalar extensión de Jupyter","walkthrough.step.python.installPythonLinux.description":"La extensión de Python requiere que Python esté instalado. Instala Python 3 a través del terminal.\r\n[Instalar Python a través de la terminal](command:python.installPythonOnLinux)\r\n","walkthrough.step.python.installPythonLinux.title":"Instalar Python","walkthrough.step.python.installPythonMac.description":"La extensión de Python requiere que Python esté instalado. Instala Python 3 a través del terminal.\r\n[Instalar Python a través de Brew](command:python.installPythonOnMac)\r\n","walkthrough.step.python.installPythonMac.title":"Instalar Python","walkthrough.step.python.installPythonWin8.description":"La extensión de Python requiere que Python esté instalado. Instalar Python [desde python.org](https://www.python.org/downloads).\r\n\r\n[Instalar Python](https://www.python.org/downloads)\r\n","walkthrough.step.python.installPythonWin8.title":"Instalar Python","walkthrough.step.python.learnMoreWithDS.altText":"Imagen que representa nuestra página de documentación y recursos de la lista de correo.","walkthrough.step.python.learnMoreWithDS.description":"🎨 Explora todas las características que la extensión de Python tiene que ofrecer buscando \"Python\" en la [paleta de comandos](command:workbench.action.showCommands). \r\n 📈 Obtén más información sobre cómo empezar a usar [ciencia de datos](command:workbench.action.open Passthrough?%7B%22category%22%3A%22ms-python.python%23pythonDataScienceWelcome%22%2C%22step%22%3A%22ms-python.python%23python.createNewNotebook%22%7D) en Python. \r\n ✨ Echa un vistazo a nuestra [notas de la versión](https://aka.ms/AA8dxtb) para obtener más información sobre las características más recientes. \r\n \r\n[Más información](https://aka.ms/AA8dqti)","walkthrough.step.python.learnMoreWithDS.description2":"~D83C;~DFA8; Explore todas las características que la extensión de Python tiene para ofrecer buscando \"Python\" en la [paleta de comandos](command:workbench.action.showCommands). \r\n ~D83D;~DCC8; Obtenga más información sobre cómo empezar a usar [ciencia de datos](command:workbench.action.openWalkthrough?%7B%22category%22%3A%22ms-python.python%23pythonDataScienceWelcome%22%2C%22step%22%3A%22ms-python.python%23python.createNewNotebook%22%7D) en Python. \r\n ✨ Eche un vistazo a las [notas de la versión](https://aka.ms/AA8dxtb) para obtener información sobre las características más recientes. \r\n \r\n[Siga con el tutorial de Python](https://aka.ms/AA8","walkthrough.step.python.learnMoreWithDS.title":"Explorar más recursos","walkthrough.step.python.openInteractiveWindow.altText":"Abrir ventana interactiva de Python","walkthrough.step.python.openInteractiveWindow.description":"La ventana interactiva de Python es un shell de Python donde puedes ejecutar y ver los resultados del código de Python. Puedes crear celdas en un archivo de Python escribiendo \"'#%%'\".\r\n \r\nPara abrir la ventana interactiva en cualquier momento, abre la [Paleta de comandos](command:workbench.action.showCommands) y ejecuta el comando. \r\n''Jupyter: Crear ventana interactiva''.\r\n[Abrir ventana interactiva](command:jupyter.createnewinteractive)","walkthrough.step.python.openInteractiveWindow.title":"Abrir la ventana interactiva de Python","walkthrough.step.python.runAndDebug.altText":"Cómo ejecutar y depurar en VS Code con F5 o el botón de reproducción en la parte superior derecha.","walkthrough.step.python.runAndDebug.description":"Abre el archivo de Python y haz clic en el botón reproducir de la parte superior derecha del editor o presiona F5 en el archivo y selecciona \"Archivo de Python\" para ejecutarlo con el depurador. \r\n  \r\n[Más información](https://code.visualstudio.com/docs/python/python-tutorial#_run-hello-world)","walkthrough.step.python.runAndDebug.title":"Ejecución y depuración del archivo de Python","walkthrough.step.python.selectInterpreter.altText":"Selección de un intérprete de Python en la barra de estado","walkthrough.step.python.selectInterpreter.description":"Elige el intérprete o el entorno de Python que quieres usar para el proyecto de Python.\r\n[Seleccionar intérprete de Python](command:python.setInterpreter)\r\n**Sugerencia**: Ejecuta el comando \"Python: Select Interpreter\"\" en la [paleta de comandos](command:workbench.action.showCommands).","walkthrough.step.python.selectInterpreter.title":"Selecciona un intérprete de Python"}
