{"python.activeStateToolPath.description":"Pfad zur ausführbaren State Tool-Datei für ActiveState-Laufzeiten (Version 0.36 und höher).","python.autoComplete.extraPaths.description":"Liste der Pfade zu Bibliotheken und ähnlichem, die von der Engine für die automatische Vervollständigung importiert werden müssen. Wenn z. B. das Google App SDK verwendet wird, befinden sich die Pfade nicht im Systempfad und müssen daher dieser Liste hinzugefügt werden.","python.command.python.analysis.restartLanguageServer.title":"Sprachserver neu starten","python.command.python.clearCacheAndReload.title":"Fenster \"Cache löschen und neu laden\"","python.command.python.clearWorkspaceInterpreter.title":"Löschen Sie die Workspace Interpreter-Einstellung","python.command.python.configureTests.title":"Tests konfigurieren","python.command.python.createEnvironment.title":"Umgebung erstellen...","python.command.python.createNewFile.title":"Neue Python-Datei","python.command.python.createTerminal.title":"Terminal erstellen","python.command.python.debugInTerminal.title":"Python-Datei debuggen","python.command.python.enableLinting.title":"Linting aktivieren/deaktivieren","python.command.python.enableSourceMapSupport.title":"Aktivieren Sie die Quellzuordnungsunterstützung für das Debuggen von Erweiterungen","python.command.python.execInDedicatedTerminal.title":"Ausführen einer Python-Datei im dedizierten Terminal","python.command.python.execInTerminal.title":"Führen Sie die Python-Datei im Terminal aus","python.command.python.execInTerminalIcon.title":"Führen Sie die Python-Datei aus","python.command.python.execSelectionInDjangoShell.title":"Führen Sie Selection/Line in Django Shell aus","python.command.python.execSelectionInTerminal.title":"Führen Sie Selection/Line im Python-Terminal aus","python.command.python.installJupyter.title":"Jupyter-Erweiterung installieren","python.command.python.launchTensorBoard.title":"Starten Sie TensorBoard","python.command.python.refreshTensorBoard.title":"Aktualisieren Sie TensorBoard","python.command.python.reportIssue.title":"Problem melden...","python.command.python.runLinting.title":"Führen Sie Linting aus","python.command.python.setInterpreter.title":"Interpreter auswählen","python.command.python.setLinter.title":"Linter auswählen","python.command.python.sortImports.title":"Importe sortieren","python.command.python.startREPL.title":"ERSATZ starten","python.command.python.viewLanguageServerOutput.title":"Ausgabe des Sprachservers anzeigen","python.command.python.viewOutput.title":"Ausgabe Anzeigen","python.command.testing.rerunFailedTests.title":"Fehlerhafte Tests erneut ausführen","python.condaPath.description":"Pfad zur ausführbaren Conda-Datei, die für die Aktivierung verwendet werden soll (Version 4.4 und höher).","python.createEnvironment.contentButton.description":"Blendet die Schaltfläche „Umgebung erstellen\" im Editor für „requirements.txt\" oder andere Abhängigkeitsdateien ein oder aus.","python.defaultInterpreterPath.description":"Pfad zum Standard-Python, der verwendet wird, wenn die Erweiterung zum ersten Mal geladen wird. Er wird nicht mehr verwendet, sobald ein Interpreter für den Arbeitsbereich ausgewählt wurde. Siehe [hier](https://aka.ms/AAfekmf), um zu verstehen, wann dies verwendet wird.","python.diagnostics.sourceMapsEnabled.description":"Quellzuordnungsunterstützung für aussagekräftige Stapelüberwachungen in Fehlerprotokollen.","python.editor.context.submenu.runPython":"Python ausführen","python.editor.context.submenu.runPythonInteractive":"In Interactive-Fenster ausführen","python.envFile.description":"Absoluter Pfad zu einer Datei mit Umgebungsvariablendefinitionen.","python.experiments.All.description":"Kombinierte Liste aller Experimente.","python.experiments.enabled.description":"Aktiviert A/B-Testexperimente in der Python-Erweiterung. Falls aktiviert, werden Sie möglicherweise in vorgeschlagene Verbesserungen und/oder Funktionen einbezogen.","python.experiments.optInto.description":"Liste der Experimente, für welche eine Anmeldung erfolgen soll. Wenn leer, wird dem Benutzer die Standardexperimentgruppe zugewiesen. Weitere Informationen finden Sie [hier](https://github.com/microsoft/vscode-python/wiki/AB-Experiments).","python.experiments.optOutFrom.description":"Liste der Experimente, für welche eine Abmeldung erfolgen soll. Wenn leer, wird dem Benutzer die Standardexperimentgruppe zugewiesen. Weitere Informationen finden Sie [hier](https://github.com/microsoft/vscode-python/wiki/AB-Experiments).","python.experiments.pythonPromptNewToolsExt.description":"Bezeichnet das Experiment Python Prompt New Tools Extension.","python.experiments.pythonSurveyNotification.description":"Bezeichnet das Experiment Python Survey Notification.","python.experiments.pythonTerminalEnvVarActivation.description":"Ermöglicht die Verwendung von Umgebungsvariablen zum Aktivieren von Terminals, anstatt Aktivierungsbefehle zu senden.","python.experiments.pythonTestAdapter.description":"Bezeichnet das Python-Testadapterexperiment.","python.formatting.autopep8Args.deprecationMessage":"Diese Einstellung wird bald eingestellt. Verwenden Sie die Autopep8-Erweiterung. Weitere Informationen finden Sie hier: https://aka.ms/AAlgvkb.","python.formatting.autopep8Args.description":"Übergebene Argumente. Jedes Argument ist ein separates Element im Array.","python.formatting.autopep8Args.markdownDeprecationMessage":"Diese Einstellung wird bald eingestellt. Verwenden Sie die [Autopep8-Erweiterung](https://marketplace.visualstudio.com/items?itemName=ms-python.autopep8). <br>Weitere Informationen finden Sie [hier](https://aka.ms/AAlgvkb).","python.formatting.autopep8Path.deprecationMessage":"Diese Einstellung wird bald eingestellt. Verwenden Sie die Autopep8-Erweiterung. Weitere Informationen finden Sie hier: https://aka.ms/AAlgvkb.","python.formatting.autopep8Path.description":"Pfad zu autopep8. Sie können eine benutzerdefinierte Version von autopep8 verwenden, indem Sie diese Einstellung ändern, um den vollständigen Pfad einzuschließen.","python.formatting.autopep8Path.markdownDeprecationMessage":"Diese Einstellung wird bald eingestellt. Verwenden Sie die [Autopep8-Erweiterung](https://marketplace.visualstudio.com/items?itemName=ms-python.autopep8). <br>Weitere Informationen finden Sie [hier](https://aka.ms/AAlgvkb).","python.formatting.blackArgs.deprecationMessage":"Diese Einstellung wird bald eingestellt. Verwenden Sie die Black Formatter-Erweiterung. Weitere Informationen finden Sie hier: https://aka.ms/AAlgvkb.","python.formatting.blackArgs.description":"Übergebene Argumente. Jedes Argument ist ein separates Element im Array.","python.formatting.blackArgs.markdownDeprecationMessage":"Diese Einstellung wird bald eingestellt. Verwenden Sie die [Black Formatter-Erweiterung](https://marketplace.visualstudio.com/items?itemName=ms-python.black-formatter). <br>Weitere Informationen finden Sie [hier](https://aka.ms/AAlgvkb).","python.formatting.blackPath.deprecationMessage":"Diese Einstellung wird bald eingestellt. Verwenden Sie die Black Formatter-Erweiterung. Weitere Informationen finden Sie hier: https://aka.ms/AAlgvkb.","python.formatting.blackPath.description":"Pfad zu Black. Sie können eine benutzerdefinierte Version von Black verwenden, indem Sie diese Einstellung ändern, um den vollständigen Pfad einzuschließen.","python.formatting.blackPath.markdownDeprecationMessage":"Diese Einstellung wird bald eingestellt. Verwenden Sie die [Black Formatter-Erweiterung](https://marketplace.visualstudio.com/items?itemName=ms-python.black-formatter). <br>Weitere Informationen finden Sie [hier](https://aka.ms/AAlgvkb).","python.formatting.provider.deprecationMessage":"Diese Einstellung wird bald eingestellt. Verwenden Sie die Autopep8- oder die Black Formatter-Erweiterung. Weitere Informationen finden Sie hier: https://aka.ms/AAlgvkb.","python.formatting.provider.description":"Anbieter für die Formatierung. Mögliche Optionen sind „autopep8“, „black“ und „yapf“.","python.formatting.provider.markdownDeprecationMessage":"Diese Einstellung wird bald als veraltet markiert. Verwenden Sie die [Autopep8-Erweiterung](https://marketplace.visualstudio.com/items?itemName=ms-python.autopep8) oder die [Black Formatter-Erweiterung](https://marketplace.visualstudio.com/items?itemName=ms-python.black-formatter). <br>Weitere Informationen finden Sie [hier](https://aka.ms/AAlgvkb).","python.formatting.yapfArgs.deprecationMessage":"Die Unterstützung für Yapf wird bald eingestellt. Weitere Informationen finden Sie hier: https://aka.ms/AAlgvkb.","python.formatting.yapfArgs.description":"Übergebene Argumente. Jedes Argument ist ein separates Element im Array.","python.formatting.yapfArgs.markdownDeprecationMessage":"Die Unterstützung für Yapf wird bald eingestellt. Weitere Informationen finden Sie [hier](https://aka.ms/AAlgvkb).","python.formatting.yapfPath.deprecationMessage":"Die Unterstützung für Yapf wird bald eingestellt. Weitere Informationen finden Sie hier: https://aka.ms/AAlgvkb.","python.formatting.yapfPath.description":"Pfad zu yapf. Sie können eine benutzerdefinierte Version von yapf verwenden, indem Sie diese Einstellung ändern, um den vollständigen Pfad einzuschließen.","python.formatting.yapfPath.markdownDeprecationMessage":"Die Unterstützung für Yapf wird bald eingestellt. <br>Weitere Informationen finden Sie [hier](https://aka.ms/AAlgvkb).","python.globalModuleInstallation.description":"Gibt an, ob Python-Module global installiert werden sollen, wenn keine Umgebung verwendet wird.","python.interpreter.infoVisibility.always.description":"Immer Informationen anzeigen.","python.interpreter.infoVisibility.description":"Kontrolliert, wann Informationen des ausgewählten Interpreters in der Statusleiste angezeigt werden.","python.interpreter.infoVisibility.never.description":"Niemals Informationen anzeigen.","python.interpreter.infoVisibility.onPythonRelated.description":"Informationen nur anzeigen, wenn Python-bezogene Dateien geöffnet werden.","python.languageServer.defaultDescription":"Automatisch einen Sprachserver auswählen: Pylance, falls installiert und verfügbar, andernfalls Fallback auf Jedi.","python.languageServer.description":"Definiert den Typ des Sprachservers.","python.languageServer.jediDescription":"Jedi hinter dem Sprachserverprotokoll (LSP) als Sprachserver verwenden.","python.languageServer.noneDescription":"Sprachserverfunktionen deaktivieren.","python.languageServer.pylanceDescription":"Pylance als Sprachserver verwenden.","python.linting.banditArgs.deprecationMessage":"Die Unterstützung für Bandit wird bald eingestellt. Weitere Informationen finden Sie hier: https://aka.ms/AAlgvkb.","python.linting.banditArgs.description":"Übergebene Argumente. Jedes Argument ist ein separates Element im Array.","python.linting.banditArgs.markdownDeprecationMessage":"Die Unterstützung für Bandit wird bald eingestellt. Weitere Informationen finden Sie [hier](https://aka.ms/AAlgvkb).","python.linting.banditEnabled.deprecationMessage":"Die Unterstützung für Bandit wird bald eingestellt. Weitere Informationen finden Sie hier: https://aka.ms/AAlgvkb.","python.linting.banditEnabled.description":"Gibt an, ob Python-Dateien mithilfe von bandit gelintet werden sollen.","python.linting.banditEnabled.markdownDeprecationMessage":"Die Unterstützung für Bandit wird bald eingestellt. Weitere Informationen finden Sie [hier](https://aka.ms/AAlgvkb).","python.linting.banditPath.deprecationMessage":"Die Unterstützung für Bandit wird bald eingestellt. Weitere Informationen finden Sie hier: https://aka.ms/AAlgvkb.","python.linting.banditPath.description":"Pfad zu bandit. Sie können eine benutzerdefinierte Version von bandit verwenden, indem Sie diese Einstellung ändern, um den vollständigen Pfad einzuschließen.","python.linting.banditPath.markdownDeprecationMessage":"Die Unterstützung für Bandit wird bald eingestellt. Weitere Informationen finden Sie [hier](https://aka.ms/AAlgvkb).","python.linting.cwd.deprecationMessage":"Diese Einstellung wird bald eingestellt. Weitere Informationen finden Sie hier: https://aka.ms/AAlgvkb.","python.linting.cwd.description":"Optionales Arbeitsverzeichnis für Linter.","python.linting.cwd.markdownDeprecationMessage":"Diese Einstellung wird bald eingestellt. Weitere Informationen finden Sie [hier](https://aka.ms/AAlgvkb).","python.linting.enabled.deprecationMessage":"Diese Einstellung wird bald eingestellt. Weitere Informationen finden Sie hier: https://aka.ms/AAlgvkb.","python.linting.enabled.description":"Gibt an, ob Python-Dateien gelintet werden sollen.","python.linting.enabled.markdownDeprecationMessage":"Diese Einstellung wird bald eingestellt. Weitere Informationen finden Sie [hier](https://aka.ms/AAlgvkb).","python.linting.flake8Args.deprecationMessage":"Diese Einstellung wird bald eingestellt. Verwenden Sie die Flake8-Erweiterung. Weitere Informationen finden Sie hier: https://aka.ms/AAlgvkb.","python.linting.flake8Args.description":"Übergebene Argumente. Jedes Argument ist ein separates Element im Array.","python.linting.flake8Args.markdownDeprecationMessage":"Diese Einstellung wird bald eingestellt. Verwenden Sie die [Flake8-Erweiterung](https://marketplace.visualstudio.com/items?itemName=ms-python.flake8). <br>Weitere Informationen finden Sie [hier](https://aka.ms/AAlgvkb).","python.linting.flake8CategorySeverity.E.deprecationMessage":"Diese Einstellung wird bald eingestellt. Verwenden Sie die Flake8-Erweiterung. Weitere Informationen finden Sie hier: https://aka.ms/AAlgvkb.","python.linting.flake8CategorySeverity.E.description":"Schweregrad des Flake8-Nachrichtentyps „E“.","python.linting.flake8CategorySeverity.E.markdownDeprecationMessage":"Diese Einstellung wird bald eingestellt. Verwenden Sie die [Flake8-Erweiterung](https://marketplace.visualstudio.com/items?itemName=ms-python.flake8). <br>Weitere Informationen finden Sie [hier](https://aka.ms/AAlgvkb).","python.linting.flake8CategorySeverity.F.deprecationMessage":"Diese Einstellung wird bald eingestellt. Verwenden Sie die Flake8-Erweiterung. Weitere Informationen finden Sie hier: https://aka.ms/AAlgvkb.","python.linting.flake8CategorySeverity.F.description":"Schweregrad des Flake8-Nachrichtentyps „F“.","python.linting.flake8CategorySeverity.F.markdownDeprecationMessage":"Diese Einstellung wird bald eingestellt. Verwenden Sie die [Flake8-Erweiterung](https://marketplace.visualstudio.com/items?itemName=ms-python.flake8). <br>Weitere Informationen finden Sie [hier](https://aka.ms/AAlgvkb).","python.linting.flake8CategorySeverity.W.deprecationMessage":"Diese Einstellung wird bald eingestellt. Verwenden Sie die Flake8-Erweiterung. Weitere Informationen finden Sie hier: https://aka.ms/AAlgvkb.","python.linting.flake8CategorySeverity.W.description":"Schweregrad des Flake8-Nachrichtentyps „W“.","python.linting.flake8CategorySeverity.W.markdownDeprecationMessage":"Diese Einstellung wird bald eingestellt. Verwenden Sie die [Flake8-Erweiterung](https://marketplace.visualstudio.com/items?itemName=ms-python.flake8). <br>Weitere Informationen finden Sie [hier](https://aka.ms/AAlgvkb).","python.linting.flake8Enabled.deprecationMessage":"Diese Einstellung wird bald eingestellt. Verwenden Sie die Flake8-Erweiterung. Weitere Informationen finden Sie hier: https://aka.ms/AAlgvkb.","python.linting.flake8Enabled.description":"Gibt an, ob Python-Dateien mithilfe von flake8 gelintet werden sollen.","python.linting.flake8Enabled.markdownDeprecationMessage":"Diese Einstellung wird bald eingestellt. Verwenden Sie die [Flake8-Erweiterung](https://marketplace.visualstudio.com/items?itemName=ms-python.flake8). <br>Weitere Informationen finden Sie [hier](https://aka.ms/AAlgvkb).","python.linting.flake8Path.deprecationMessage":"Diese Einstellung wird bald eingestellt. Verwenden Sie die Flake8-Erweiterung. Weitere Informationen finden Sie hier: https://aka.ms/AAlgvkb.","python.linting.flake8Path.description":"Pfad zu flake8. Sie können eine benutzerdefinierte Version von flake8 verwenden, indem Sie diese Einstellung ändern, um den vollständigen Pfad einzuschließen.","python.linting.flake8Path.markdownDeprecationMessage":"Diese Einstellung wird bald eingestellt. Verwenden Sie die [Flake8-Erweiterung](https://marketplace.visualstudio.com/items?itemName=ms-python.flake8). <br>Weitere Informationen finden Sie [hier](https://aka.ms/AAlgvkb).","python.linting.ignorePatterns.deprecationMessage":"Diese Einstellung wird bald eingestellt. Weitere Informationen finden Sie hier: https://aka.ms/AAlgvkb.","python.linting.ignorePatterns.description":"Muster, die verwendet werden, um Dateien oder Ordner von der Lint-Ausführung auszuschließen.","python.linting.ignorePatterns.markdownDeprecationMessage":"Diese Einstellung wird bald eingestellt. Weitere Informationen finden Sie [hier](https://aka.ms/AAlgvkb).","python.linting.lintOnSave.deprecationMessage":"Diese Einstellung wird bald eingestellt. Weitere Informationen finden Sie hier: https://aka.ms/AAlgvkb.","python.linting.lintOnSave.description":"Gibt an, ob Python-Dateien beim Speichern gelintet werden sollen.","python.linting.lintOnSave.markdownDeprecationMessage":"Diese Einstellung wird bald eingestellt. Weitere Informationen finden Sie [hier](https://aka.ms/AAlgvkb).","python.linting.maxNumberOfProblems.deprecationMessage":"Diese Einstellung wird bald eingestellt. Weitere Informationen finden Sie hier: https://aka.ms/AAlgvkb.","python.linting.maxNumberOfProblems.description":"Steuert die maximale Anzahl der vom Server erzeugten Problemen.","python.linting.maxNumberOfProblems.markdownDeprecationMessage":"Diese Einstellung wird bald eingestellt. Weitere Informationen finden Sie [hier](https://aka.ms/AAlgvkb).","python.linting.mypyArgs.deprecationMessage":"Diese Einstellung wird bald eingestellt. Verwenden Sie die Flake8-Erweiterung. Weitere Informationen finden Sie hier: https://aka.ms/AAlgvkb.","python.linting.mypyArgs.description":"Übergebene Argumente. Jedes Argument ist ein separates Element im Array.","python.linting.mypyArgs.markdownDeprecationMessage":"Diese Einstellung wird bald eingestellt. Verwenden Sie die [Mypy Type Checker-Erweiterung](https://marketplace.visualstudio.com/items?itemName=ms-python.autopep8). <br>Weitere Informationen finden Sie [hier](https://aka.ms/AAlgvkb).","python.linting.mypyCategorySeverity.error.deprecationMessage":"Diese Einstellung wird bald eingestellt. Verwenden Sie die Flake8-Erweiterung. Weitere Informationen finden Sie hier: https://aka.ms/AAlgvkb.","python.linting.mypyCategorySeverity.error.description":"Schweregrad des Mypy-Nachrichtentyps „Error“.","python.linting.mypyCategorySeverity.error.markdownDeprecationMessage":"Diese Einstellung wird bald eingestellt. Verwenden Sie die [Mypy Type Checker-Erweiterung](https://marketplace.visualstudio.com/items?itemName=ms-python.autopep8). <br>Weitere Informationen finden Sie [hier](https://aka.ms/AAlgvkb).","python.linting.mypyCategorySeverity.note.deprecationMessage":"Diese Einstellung wird bald eingestellt. Verwenden Sie die Flake8-Erweiterung. Weitere Informationen finden Sie hier: https://aka.ms/AAlgvkb.","python.linting.mypyCategorySeverity.note.description":"Schweregrad des Mypy-Nachrichtentyps „Note“.","python.linting.mypyCategorySeverity.note.markdownDeprecationMessage":"Diese Einstellung wird bald eingestellt. Verwenden Sie die [Mypy Type Checker-Erweiterung](https://marketplace.visualstudio.com/items?itemName=ms-python.autopep8). <br>Weitere Informationen finden Sie [hier](https://aka.ms/AAlgvkb).","python.linting.mypyEnabled.deprecationMessage":"Diese Einstellung wird bald eingestellt. Verwenden Sie die Flake8-Erweiterung. Weitere Informationen finden Sie hier: https://aka.ms/AAlgvkb.","python.linting.mypyEnabled.description":"Gibt an, ob Python-Dateien mithilfe von mypy gelintet werden sollen.","python.linting.mypyEnabled.markdownDeprecationMessage":"Diese Einstellung wird bald eingestellt. Verwenden Sie die [Mypy Type Checker-Erweiterung](https://marketplace.visualstudio.com/items?itemName=ms-python.autopep8). <br>Weitere Informationen finden Sie [hier](https://aka.ms/AAlgvkb).","python.linting.mypyPath.deprecationMessage":"Diese Einstellung wird bald eingestellt. Verwenden Sie die Flake8-Erweiterung. Weitere Informationen finden Sie hier: https://aka.ms/AAlgvkb.","python.linting.mypyPath.description":"Pfad zu mypy. Sie können eine benutzerdefinierte Version von mypy verwenden, indem Sie diese Einstellung ändern, um den vollständigen Pfad einzuschließen.","python.linting.mypyPath.markdownDeprecationMessage":"Diese Einstellung wird bald eingestellt. Verwenden Sie die [Mypy Type Checker-Erweiterung](https://marketplace.visualstudio.com/items?itemName=ms-python.autopep8). <br>Weitere Informationen finden Sie [hier](https://aka.ms/AAlgvkb).","python.linting.prospectorArgs.deprecationMessage":"Die Unterstützung für Prospector wird bald eingestellt. Weitere Informationen finden Sie hier: https://aka.ms/AAlgvkb.","python.linting.prospectorArgs.description":"Übergebene Argumente. Jedes Argument ist ein separates Element im Array.","python.linting.prospectorArgs.markdownDeprecationMessage":"Die Unterstützung für Prospector wird bald eingestellt. Weitere Informationen finden Sie [hier](https://aka.ms/AAlgvkb).","python.linting.prospectorEnabled.deprecationMessage":"Die Unterstützung für Prospector wird bald eingestellt. Weitere Informationen finden Sie hier: https://aka.ms/AAlgvkb.","python.linting.prospectorEnabled.description":"Gibt an, ob Python-Dateien mithilfe von prospector gelintet werden sollen.","python.linting.prospectorEnabled.markdownDeprecationMessage":"Die Unterstützung für Prospector wird bald eingestellt. Weitere Informationen finden Sie [hier](https://aka.ms/AAlgvkb).","python.linting.prospectorPath.deprecationMessage":"Die Unterstützung für Prospector wird bald eingestellt. Weitere Informationen finden Sie hier: https://aka.ms/AAlgvkb.","python.linting.prospectorPath.description":"Pfad zu prospector. Sie können eine benutzerdefinierte Version von prospector verwenden, indem Sie diese Einstellung ändern, um den vollständigen Pfad einzuschließen.","python.linting.prospectorPath.markdownDeprecationMessage":"Die Unterstützung für Prospector wird bald eingestellt. Weitere Informationen finden Sie [hier](https://aka.ms/AAlgvkb).","python.linting.pycodestyleArgs.deprecationMessage":"Die Unterstützung für Pycodestyle wird bald eingestellt. Weitere Informationen finden Sie hier: https://aka.ms/AAlgvkb.","python.linting.pycodestyleArgs.description":"Übergebene Argumente. Jedes Argument ist ein separates Element im Array.","python.linting.pycodestyleArgs.markdownDeprecationMessage":"Die Unterstützung für Pycodestyle wird bald eingestellt. Weitere Informationen finden Sie [hier](https://aka.ms/AAlgvkb).","python.linting.pycodestyleCategorySeverity.E.deprecationMessage":"Die Unterstützung für Pycodestyle wird bald eingestellt. Weitere Informationen finden Sie hier: https://aka.ms/AAlgvkb.","python.linting.pycodestyleCategorySeverity.E.description":"Schweregrad des pycodestyle-Nachrichtentyps „E“.","python.linting.pycodestyleCategorySeverity.E.markdownDeprecationMessage":"Die Unterstützung für Pycodestyle wird bald eingestellt. Weitere Informationen finden Sie [hier](https://aka.ms/AAlgvkb).","python.linting.pycodestyleCategorySeverity.W.deprecationMessage":"Die Unterstützung für Pycodestyle wird bald eingestellt. Weitere Informationen finden Sie hier: https://aka.ms/AAlgvkb.","python.linting.pycodestyleCategorySeverity.W.description":"Schweregrad des pycodestyle-Nachrichtentyps „W“.","python.linting.pycodestyleCategorySeverity.W.markdownDeprecationMessage":"Die Unterstützung für Pycodestyle wird bald eingestellt. Weitere Informationen finden Sie [hier](https://aka.ms/AAlgvkb).","python.linting.pycodestyleEnabled.deprecationMessage":"Die Unterstützung für Pycodestyle wird bald eingestellt. Weitere Informationen finden Sie hier: https://aka.ms/AAlgvkb.","python.linting.pycodestyleEnabled.description":"Gibt an, ob Python-Dateien mithilfe von pycodestyle gelintet werden sollen.","python.linting.pycodestyleEnabled.markdownDeprecationMessage":"Die Unterstützung für Pycodestyle wird bald eingestellt. Weitere Informationen finden Sie [hier](https://aka.ms/AAlgvkb).","python.linting.pycodestylePath.deprecationMessage":"Die Unterstützung für Pycodestyle wird bald eingestellt. Weitere Informationen finden Sie hier: https://aka.ms/AAlgvkb.","python.linting.pycodestylePath.description":"Pfad zu pycodestyle. Sie können eine benutzerdefinierte Version von pycodestyle verwenden, indem Sie diese Einstellung ändern, um den vollständigen Pfad einzuschließen.","python.linting.pycodestylePath.markdownDeprecationMessage":"Die Unterstützung für Pycodestyle wird bald eingestellt. Weitere Informationen finden Sie [hier](https://aka.ms/AAlgvkb).","python.linting.pydocstyleArgs.deprecationMessage":"Die Unterstützung für Pydocstyle wird bald eingestellt. Weitere Informationen finden Sie hier: https://aka.ms/AAlgvkb.","python.linting.pydocstyleArgs.description":"Übergebene Argumente. Jedes Argument ist ein separates Element im Array.","python.linting.pydocstyleArgs.markdownDeprecationMessage":"Die Unterstützung für Pydocstyle wird bald eingestellt. Weitere Informationen finden Sie [hier](https://aka.ms/AAlgvkb).","python.linting.pydocstyleEnabled.deprecationMessage":"Die Unterstützung für Pydocstyle wird bald eingestellt. Weitere Informationen finden Sie hier: https://aka.ms/AAlgvkb.","python.linting.pydocstyleEnabled.description":"Gibt an, ob Python-Dateien mithilfe von pydocstyle gelintet werden sollen.","python.linting.pydocstyleEnabled.markdownDeprecationMessage":"Die Unterstützung für Pydocstyle wird bald eingestellt. Weitere Informationen finden Sie [hier](https://aka.ms/AAlgvkb).","python.linting.pydocstylePath.deprecationMessage":"Die Unterstützung für Pydocstyle wird bald eingestellt. Weitere Informationen finden Sie hier: https://aka.ms/AAlgvkb.","python.linting.pydocstylePath.description":"Pfad zu pydocstyle. Sie können eine benutzerdefinierte Version von pydocstyle verwenden, indem Sie diese Einstellung ändern, um den vollständigen Pfad einzuschließen.","python.linting.pydocstylePath.markdownDeprecationMessage":"Die Unterstützung für Pydocstyle wird bald eingestellt. Weitere Informationen finden Sie [hier](https://aka.ms/AAlgvkb).","python.linting.pylamaArgs.deprecationMessage":"Die Unterstützung für Pylama wird bald eingestellt. Weitere Informationen finden Sie hier: https://aka.ms/AAlgvkb.","python.linting.pylamaArgs.description":"Übergebene Argumente. Jedes Argument ist ein separates Element im Array.","python.linting.pylamaArgs.markdownDeprecationMessage":"Die Unterstützung für Pylama wird bald eingestellt. Weitere Informationen finden Sie [hier](https://aka.ms/AAlgvkb).","python.linting.pylamaEnabled.deprecationMessage":"Die Unterstützung für Pylama wird bald eingestellt. Weitere Informationen finden Sie hier: https://aka.ms/AAlgvkb.","python.linting.pylamaEnabled.description":"Gibt an, ob Python-Dateien mithilfe von pylama gelintet werden sollen.","python.linting.pylamaEnabled.markdownDeprecationMessage":"Die Unterstützung für Pylama wird bald eingestellt. Weitere Informationen finden Sie [hier](https://aka.ms/AAlgvkb).","python.linting.pylamaPath.deprecationMessage":"Die Unterstützung für Pylama wird bald eingestellt. Weitere Informationen finden Sie hier: https://aka.ms/AAlgvkb.","python.linting.pylamaPath.description":"Pfad zu pylama. Sie können eine benutzerdefinierte Version von pylama verwenden, indem Sie diese Einstellung ändern, um den vollständigen Pfad einzuschließen.","python.linting.pylamaPath.markdownDeprecationMessage":"Die Unterstützung für Pylama wird bald eingestellt. Weitere Informationen finden Sie [hier](https://aka.ms/AAlgvkb).","python.linting.pylintArgs.deprecationMessage":"Diese Einstellung wird bald eingestellt. Verwenden Sie die Pylint-Erweiterung. Weitere Informationen finden Sie hier: https://aka.ms/AAlgvkb.","python.linting.pylintArgs.description":"Übergebene Argumente. Jedes Argument ist ein separates Element im Array.","python.linting.pylintArgs.markdownDeprecationMessage":"Diese Einstellung wird bald eingestellt. Verwenden Sie die [Pylint-Erweiterung](https://marketplace.visualstudio.com/items?itemName=ms-python.pylint). <br>Weitere Informationen finden Sie [hier](https://aka.ms/AAlgvkb).","python.linting.pylintCategorySeverity.convention.deprecationMessage":"Diese Einstellung wird bald eingestellt. Verwenden Sie die Pylint-Erweiterung. Weitere Informationen finden Sie hier: https://aka.ms/AAlgvkb.","python.linting.pylintCategorySeverity.convention.description":"Schweregrad des Pylint-Nachrichtentyps „Convention/C“.","python.linting.pylintCategorySeverity.convention.markdownDeprecationMessage":"Diese Einstellung wird bald eingestellt. Verwenden Sie die [Pylint-Erweiterung](https://marketplace.visualstudio.com/items?itemName=ms-python.pylint). <br>Weitere Informationen finden Sie [hier](https://aka.ms/AAlgvkb).","python.linting.pylintCategorySeverity.error.deprecationMessage":"Diese Einstellung wird bald eingestellt. Verwenden Sie die Pylint-Erweiterung. Weitere Informationen finden Sie hier: https://aka.ms/AAlgvkb.","python.linting.pylintCategorySeverity.error.description":"Schweregrad des Pylint-Nachrichtentyps „Error/E“.","python.linting.pylintCategorySeverity.error.markdownDeprecationMessage":"Diese Einstellung wird bald eingestellt. Verwenden Sie die [Pylint-Erweiterung](https://marketplace.visualstudio.com/items?itemName=ms-python.pylint). <br>Weitere Informationen finden Sie [hier](https://aka.ms/AAlgvkb).","python.linting.pylintCategorySeverity.fatal.deprecationMessage":"Diese Einstellung wird bald eingestellt. Verwenden Sie die Pylint-Erweiterung. Weitere Informationen finden Sie hier: https://aka.ms/AAlgvkb.","python.linting.pylintCategorySeverity.fatal.description":"Schweregrad des Pylint-Nachrichtentyps „Error/F“.","python.linting.pylintCategorySeverity.fatal.markdownDeprecationMessage":"Diese Einstellung wird bald eingestellt. Verwenden Sie die [Pylint-Erweiterung](https://marketplace.visualstudio.com/items?itemName=ms-python.pylint). <br>Weitere Informationen finden Sie [hier](https://aka.ms/AAlgvkb).","python.linting.pylintCategorySeverity.refactor.deprecationMessage":"Diese Einstellung wird bald eingestellt. Verwenden Sie die Pylint-Erweiterung. Weitere Informationen finden Sie hier: https://aka.ms/AAlgvkb.","python.linting.pylintCategorySeverity.refactor.description":"Schweregrad des Pylint-Nachrichtentyps „Refactor/R“.","python.linting.pylintCategorySeverity.refactor.markdownDeprecationMessage":"Diese Einstellung wird bald eingestellt. Verwenden Sie die [Pylint-Erweiterung](https://marketplace.visualstudio.com/items?itemName=ms-python.pylint). <br>Weitere Informationen finden Sie [hier](https://aka.ms/AAlgvkb).","python.linting.pylintCategorySeverity.warning.deprecationMessage":"Diese Einstellung wird bald eingestellt. Verwenden Sie die Pylint-Erweiterung. Weitere Informationen finden Sie hier: https://aka.ms/AAlgvkb.","python.linting.pylintCategorySeverity.warning.description":"Schweregrad des Pylint-Nachrichtentyps „Warning/W“.","python.linting.pylintCategorySeverity.warning.markdownDeprecationMessage":"Diese Einstellung wird bald eingestellt. Verwenden Sie die [Pylint-Erweiterung](https://marketplace.visualstudio.com/items?itemName=ms-python.pylint). <br>Weitere Informationen finden Sie [hier](https://aka.ms/AAlgvkb).","python.linting.pylintEnabled.deprecationMessage":"Diese Einstellung wird bald eingestellt. Verwenden Sie die Pylint-Erweiterung. Weitere Informationen finden Sie hier: https://aka.ms/AAlgvkb.","python.linting.pylintEnabled.description":"Gibt an, ob Python-Dateien mithilfe von pylint gelintet werden sollen.","python.linting.pylintEnabled.markdownDeprecationMessage":"Diese Einstellung wird bald eingestellt. Verwenden Sie die [Pylint-Erweiterung](https://marketplace.visualstudio.com/items?itemName=ms-python.pylint). <br>Weitere Informationen finden Sie [hier](https://aka.ms/AAlgvkb).","python.linting.pylintPath.deprecationMessage":"Diese Einstellung wird bald eingestellt. Verwenden Sie die Pylint-Erweiterung. Weitere Informationen finden Sie hier: https://aka.ms/AAlgvkb.","python.linting.pylintPath.description":"Pfad zu pylint. Sie können eine benutzerdefinierte Version von pylint verwenden, indem Sie diese Einstellung ändern, um den vollständigen Pfad einzuschließen.","python.linting.pylintPath.markdownDeprecationMessage":"Diese Einstellung wird bald eingestellt. Verwenden Sie die [Pylint-Erweiterung](https://marketplace.visualstudio.com/items?itemName=ms-python.pylint). <br>Weitere Informationen finden Sie [hier](https://aka.ms/AAlgvkb).","python.logging.level.deprecation":"Diese Einstellung ist veraltet. Verwenden Sie den Befehl \"Developer: Set Log Level...\", um den Protokolliergrad festzulegen.","python.logging.level.description":"Der Protokolliergrad, auf dem die Erweiterung protokolliert wird. Der Standardwert ist „error“.","python.menu.createNewFile.title":"Python-Datei","python.missingPackage.severity.description":"Festlegen des Schweregrads fehlender Pakete in \"requirements.txt\" oder \"pyproject.toml\"","python.pipenvPath.description":"Pfad zur ausführbaren Pipenv-Datei, die für die Aktivierung verwendet werden soll.","python.poetryPath.description":"Pfad zur ausführbaren Poetry-Datei.","python.sortImports.args.deprecationMessage":"Diese Einstellung wird in Kürze entfernt. Verwenden Sie stattdessen „isort.args“.","python.sortImports.args.description":"Übergebene Argumente. Jedes Argument ist ein separates Element im Array.","python.sortImports.path.deprecationMessage":"Diese Einstellung wird in Kürze entfernt. Verwenden Sie stattdessen „isort.path“.","python.sortImports.path.description":"Pfad zu isort script, standardmäßig mit innerer Version","python.tensorBoard.logDirectory.description":"Legen Sie diese Einstellung auf Ihr bevorzugtes TensorBoard-Protokollverzeichnis fest, um die Aufforderung für das Protokollverzeichnis beim Starten von TensorBoard zu überspringen.","python.terminal.activateEnvInCurrentTerminal.description":"Python-Umgebung im aktuellen Terminal beim Laden der Erweiterung aktivieren.","python.terminal.activateEnvironment.description":"Aktivieren Sie die Python-Umgebung in allen erstellten Terminals.","python.terminal.executeInFileDir.description":"Gibt beim Ausführen einer Datei im Terminal an, ob die Ausführung im Verzeichnis der Datei anstelle des aktuell geöffneten Ordners erfolgen soll.","python.terminal.focusAfterLaunch.description":"Gibt beim Starten eines Python-Terminals an, ob der Cursor auf dem Terminal fokussiert werden soll.","python.terminal.launchArgs.description":"Python-Startargumente, die beim Ausführen einer Datei im Terminal verwendet werden sollen.","python.testing.autoTestDiscoverOnSaveEnabled.description":"Automatische Testermittlung beim Speichern einer Testdatei aktivieren.","python.testing.cwd.description":"Optionales Arbeitsverzeichnis für Tests.","python.testing.debugPort.description":"Portnummer, die zum Debuggen von Tests verwendet wird.","python.testing.promptToConfigure.description":"Aufforderung zum Konfigurieren eines Testframeworks, wenn potenzielle Testverzeichnisse ermittelt werden.","python.testing.pytestArgs.description":"Übergebene Argumente. Jedes Argument ist ein separates Element im Array.","python.testing.pytestEnabled.description":"Tests mit pytest aktivieren.","python.testing.pytestPath.description":"Pfad zu pytest (pytest). Sie können eine benutzerdefinierte Version von pytest verwenden, indem Sie diese Einstellung ändern, um den vollständigen Pfad einzuschließen.","python.testing.unittestArgs.description":"Übergebene Argumente. Jedes Argument ist ein separates Element im Array.","python.testing.unittestEnabled.description":"Tests mithilfe von unittest aktivieren.","python.venvFolders.description":"Ordner in Ihrem Basisverzeichnis für die Suche nach virtuellen Umgebungen (unterstützt standardmäßig pyenv, direnv und virtualenvwrapper).","python.venvPath.description":"Pfad zum Ordner mit einer Liste virtueller Umgebungen (z. B. ~/.pyenv, ~/Envs, ~/.virtualenvs).","walkthrough.pythonDataScienceWelcome.description":"Ihre ersten Schritte beim Start eines Data Science-Projekts mit Python!","walkthrough.pythonDataScienceWelcome.title":"Erste Schritte mit Python für Data Science","walkthrough.pythonWelcome.description":"Ihre ersten Schritte beim Einrichten eines Python-Projekts mit allen leistungsstarken Tools und Features, die die Python-Erweiterung zu bieten hat!","walkthrough.pythonWelcome.title":"Erste Schritte mit Python Development","walkthrough.step.python.createEnvironment.altText":"Python-Umgebung über die Befehlspalette erstellen","walkthrough.step.python.createEnvironment.description":"Erstellen Sie eine Umgebung für Ihr Python-Projekt.\r\n[Umgebung erstellen] (befehl:python.createEnvironment)\r\n **Tipp**: Führen Sie den Befehl \"Python: Umgebung erstellen\" in der [Befehlspalette](command:workbench.action.showCommands) aus.\r\n 🔍Weitere Informationen finden Sie in unserer [Dokumentation](https://aka.ms/pythonenvs).","walkthrough.step.python.createEnvironment.description2":"Erstellen Sie eine Umgebung für Ihr Python-Projekt oder verwenden Sie [Python-Interpreter auswählen](Befehl:python.setInterpreter), um einen vorhandenen Interpreter auszuwählen.\r\n[Umgebung erstellen](Befehl:python.createEnvironment)\r\n**Tipp**: Führen Sie den Befehl ``Python: Umgebung erstellen`` in der [Befehlspalette](Befehl:workbench.action.showCommands).","walkthrough.step.python.createEnvironment.title":"Python-Umgebung erstellen ","walkthrough.step.python.createEnvironment.title2":"Python-Umgebung erstellen oder auswählen ","walkthrough.step.python.createNewNotebook.altText":"Ein neues Jupyter Notebook wird erstellt.","walkthrough.step.python.createNewNotebook.description":"Klicken Sie mit der rechten Maustaste in den Datei-Explorer, und erstellen Sie eine neue Datei mit der Erweiterung \".ipynb\". Oder öffnen Sie die [Befehlspalette](command:workbench.action.showCommands), und führen Sie den Befehl \r\n\"Jupyter: Neues Leeres Notebook Erstellen\" aus.\r\n [Neues Jupyter-Notebook erstellen] (command:toSide:jupyter.createnewnotebook)\r\nWenn Sie über ein vorhandenes Projekt verfügen, können Sie auch [einen Ordner öffnen](command:workbench.action.files.openFolder) und/oder ein Projekt von GitHub klonen: [Git-Repository klonen](command:git.clone).","walkthrough.step.python.createNewNotebook.title":"Erstellen oder Öffnen eines Jupyter Notebooks","walkthrough.step.python.createPythonFile.altText":"Python-Datei oder -Ordner mit einem Python-Projekt öffnen.","walkthrough.step.python.createPythonFile.description":"Python-Datei [öffnen](command:toSide:workbench.action.files.openFile) oder [erstellen](command:toSide:workbench.action.files.newUntitledFile?%7B%22languageId%22%3A%22python%22%7D). Speichern Sie sie unbedingt als \".py\".\r\n[Python-Datei erstellen] (command:toSide:workbench.action.files.newUntitledFile?%7B%22languageId%22%3A%22python%22%7D)","walkthrough.step.python.createPythonFile.title":"Python-Datei erstellen","walkthrough.step.python.createPythonFolder.description":"[Öffnen](Befehl:workbench.action.files.openFolder) oder erstellen Sie einen Projektordner.\r\n[Projektordner öffnen](Befehl:workbench.action.files.openFolder)","walkthrough.step.python.createPythonFolder.title":"Python-Projektordner öffnen","walkthrough.step.python.dataScienceLearnMore.altText":"Ein Bild, das die Dokumentationsseite und Mailinglistenressourcen darstellt.","walkthrough.step.python.dataScienceLearnMore.description":"📒 Werfen Sie einen Blick auf die [Jupyter-Erweiterung](command:workbench.extensions.search?\" ms-toolsai.jupyter\"), indem Sie in der [Befehlspalette](command:workbench.action.showCommands) nach \"Jupyter\" suchen. \r\n🏃🏻 Weitere Features finden Sie in unseren [Tutorials](https://aka.ms/AAdjzpd).  \r\n[Weitere Informationen](https://aka.ms/AAdar6q)","walkthrough.step.python.dataScienceLearnMore.title":"Erfahren Sie mehr!","walkthrough.step.python.installJupyterExt.altText":"Ein neues Jupyter Notebook wird erstellt.","walkthrough.step.python.installJupyterExt.description":"Falls noch nicht geschehen, installieren Sie die [Jupyter-Erweiterung](command:workbench.extensions.search?\" ms-toolsai.jupyter\"), um die Vorteile von Notebooks in VS Code voll zu nutzen!\r\n\r\n[Jupyter-Erweiterung suchen] (command:workbench.extensions.search?\" ms-toolsai.jupyter\")","walkthrough.step.python.installJupyterExt.title":"Jupyter-Erweiterung installieren","walkthrough.step.python.installPythonLinux.description":"Die Python-Erweiterung erfordert die Installation von Python. Installieren Sie Python 3 über das Terminal.\r\n[Python über das Terminal installieren] (befehl:python.installPythonOnLinux)\r\n","walkthrough.step.python.installPythonLinux.title":"Python installieren","walkthrough.step.python.installPythonMac.description":"Die Python-Erweiterung erfordert die Installation von Python. Installieren Sie Python 3 über das Terminal.\r\n[Python über Brew installieren] (befehl:python.installPythonOnMac)\r\n","walkthrough.step.python.installPythonMac.title":"Python installieren","walkthrough.step.python.installPythonWin8.description":"Die Python-Erweiterung erfordert die Installation von Python. Installieren Sie Python [von python.org](https://www.python.org/downloads).\r\n\r\n[Python installieren](https://www.python.org/downloads)\r\n","walkthrough.step.python.installPythonWin8.title":"Python installieren","walkthrough.step.python.learnMoreWithDS.altText":"Ein Bild, das die Dokumentationsseite und Mailinglistenressourcen darstellt.","walkthrough.step.python.learnMoreWithDS.description":"🎨 Erkunden Sie alle Features, die die Python-Erweiterung zu bieten hat, indem Sie in der [Befehlspalette](command:workbench.action.showCommands) nach \"Python\" suchen. \r\n📈 Weitere Informationen zu den ersten Schritten mit [Data Science](command:workbench.action.openWalkthrough?%7B%22category%22%3A%22ms-python.python%23pythonDataScienceWelcome%22%2C%22step%22%3A%22ms-python.python%23python.createNewNotebook%22%7D) in Python. \r\n ✨ Sehen Sie sich unsere [Versionshinweise](https://aka.ms/AA8dxtb) an, um mehr über die neuesten Features zu erfahren. \r\n\r\n[Weitere Informationen](https://aka.ms/AA8dqti)","walkthrough.step.python.learnMoreWithDS.description2":"~D83C;~DFA8; Erkunden Sie alle Features, die die Python-Erweiterung zu bieten hat, indem Sie in der [Befehlspalette](command:workbench.action.showCommands) nach \"Python\" suchen. \r\n~D83D;~DCC8; Weitere Informationen zu den ersten Schritten mit [Data Science](command:workbench.action.openWalkthrough?%7B%22category%22%3A%22ms-python.python%23pythonDataScienceWelcome%22%2C%22step%22%3A%22ms-python.python%23python.createNewNotebook%22%7D) in Python. \r\n ✨ Sehen Sie sich unsere [Versionshinweise](https://aka.ms/AA8dxtb) an, um mehr über die neuesten Features zu erfahren. \r\n\r\n[Machen Sie mit beim Python-Tutorial](https://aka.ms/AA8dqti)","walkthrough.step.python.learnMoreWithDS.title":"Weitere Ressourcen erkunden","walkthrough.step.python.openInteractiveWindow.altText":"Python-Interactive-Fenster wird geöffnet","walkthrough.step.python.openInteractiveWindow.description":"Das Python-Interactive-Fenster ist eine Python-Shell, in der Sie die Ergebnisse Ihres Python-Codes ausführen und anzeigen können. Sie können Zellen in einer Python-Datei erstellen, indem Sie \"#%%\" eingeben.\r\n\r\nUm das interaktive Fenster jederzeit zu öffnen, öffnen Sie die [Befehlspalette](command:workbench.action.showCommands), und führen Sie den Befehl \r\n\"Jupyter: Interactive-Fenster erstellen\" aus.\r\n [Interactive-Fenster öffnen] (command:jupyter.createnewinteractive)","walkthrough.step.python.openInteractiveWindow.title":"Python-Interactive-Fenster öffnen","walkthrough.step.python.runAndDebug.altText":"In VS Code mit F5 oder der Wiedergabeschaltfläche oben rechts ausführen und debuggen.","walkthrough.step.python.runAndDebug.description":"Öffnen Sie Ihre Python-Datei, und klicken Sie oben rechts im Editor auf die Wiedergabeschaltfläche, oder drücken Sie F5, wenn Sie sich in der Datei befinden, und wählen Sie \"Python-Datei\" aus, um sie mit dem Debugger auszuführen. \r\n\r\n[Weitere Informationen](https://code.visualstudio.com/docs/python/python-tutorial#_run-hello-world)","walkthrough.step.python.runAndDebug.title":"Python-Datei ausführen und debuggen","walkthrough.step.python.selectInterpreter.altText":"Python-Interpreter in der Statusleiste auswählen","walkthrough.step.python.selectInterpreter.description":"Wählen Sie aus, welchen Python-Interpreter/welche Umgebung Sie für Ihr Python-Projekt verwenden möchten.\r\n[Python-Interpreter auswählen] (befehl:python.setInterpreter)\r\n **Tipp**: Führen Sie den Befehl \"Python: Interpreter auswählen\" in der [Befehlspalette](command:workbench.action.showCommands) aus.","walkthrough.step.python.selectInterpreter.title":"Python-Interpreter auswählen"}
