[
    {
        "category": 1,
        "date": "2018/07/31",
        "file_name": "20180731_01",
        "id": 1,
        "image_name": "img1",
        "outside": null,
        "title": "タイトル1"
    },
    {
        "category": 2,
        "date": "2018/08/31",
        "file_name": "20180831_01",
        "id": 2,
        "image_name": "img2",
        "outside": null,
        "title": "タイトル2"
    },
    {
        "category": 3,
        "date": "2018/09/31",
        "file_name": "20180931_01",
        "id": 3,
        "image_name": "img3",
        "outside": null,
        "title": "タイトル3"
    },
    {
        "category": 1,
        "date": "2018/10/31",
        "file_name": "20181031_01",
        "id": 4,
        "image_name": "img4",
        "outside": null,
        "title": "タイトル4"
    },
    {
        "category": 2,
        "date": "2018/11/31",
        "file_name": "20181131_01",
        "id": 5,
        "image_name": "img5",
        "outside": null,
        "title": "タイトル5"
    },
    {
        "category": 3,
        "date": "2019/09/31",
        "file_name": "20190931_01",
        "id": 6,
        "image_name": "img6",
        "outside": null,
        "title": "タイトル6"
    },
    {
        "category": 1,
        "date": "2019/10/31",
        "file_name": "20191031_01",
        "id": 7,
        "image_name": "img7",
        "outside": null,
        "title": "タイトル7"
    },
    {
        "category": 1,
        "date": "2019/11/31",
        "file_name": "20191131_01",
        "id": 8,
        "image_name": "img8",
        "outside": null,
        "title": "タイトル8"
    },
    {
        "category": 2,
        "date": "2020/09/31",
        "file_name": "20200931_01",
        "id": 9,
        "image_name": "img9",
        "outside": null,
        "title": "タイトル9"
    },
    {
        "category": 3,
        "date": "2020/10/31",
        "file_name": "20201031_01",
        "id": 10,
        "image_name": "img10",
        "outside": null,
        "title": "タイトル10"
    },
    {
        "category": 1,
        "date": "2020/11/31",
        "file_name": "20201131_01",
        "id": 11,
        "image_name": "img11",
        "outside": null,
        "title": "タイトル11"
    },
    {
        "category": 2,
        "date": "2020/09/01",
        "file_name": "20200901_01",
        "id": 12,
        "image_name": "img12",
        "outside": null,
        "title": "タイトル12"
    },
    {
        "category": 3,
        "date": "2020/03/20",
        "file_name": "20200320_01",
        "id": 13,
        "image_name": "img13",
        "outside": null,
        "title": "タイトル13"
    }
]