{"capabilities.untrustedWorkspaces.description":"Otevření složky v kontejneru vyžaduje vztah důvěryhodnosti pracovního prostoru.","command.addExtensionToConfig":"Přidat do souboru devcontainer.json","command.attachToContainerInCurrentWindow":"Připojit v aktuálním okně","command.attachToContainerInNewWindow":"Připojit v novém okně","command.attachToK8sContainer":"Připojit ke spuštěnému kontejneru Kubernetes...","command.attachToK8sContainerFromViewlet":"Připojit Visual Studio Code","command.attachToRunningContainer":"Připojit ke spuštěnému kontejnerů...","command.attachToRunningContainerFromViewlet":"Připojit Visual Studio Code","command.category":"Vývojové kontejnery","command.checkoutPRInVolume":"Rezervovat žádost o přijetí změn ve vývojovém kontejneru","command.cleanUpDevContainers":"Vyčistit vývojové kontejnery...","command.cloneInVolume":"Klonovat úložiště ve svazku","command.cloneInVolumeFromViewlet":"Klonovat do existujícího svazku","command.configureContainerFeatures":"Konfigurovat funkce kontejneru...","command.createDevContainer":"Nový vývojový kontejner...","command.createDevContainerFile":"Přidat konfigurační soubory vývojového kontejneru...","command.createDevContainerFileWithCopilot":"Přidat konfigurační soubory vývojového kontejneru pomocí GitHub Copilotu...","command.developerCategory":"Vývojář vývojových kontejnerů","command.explorerDetailsRefresh":"Aktualizovat","command.explorerTargetsRefresh":"Aktualizovat","command.explorerVolumesRefresh":"Aktualizovat","command.getHelp":"Nápověda","command.getStarted":"Začínáme s vývojovými kontejnery","command.inspectDockerResource":"Zkontrolovat","command.inspectInBasicDevContainer":"Prozkoumat ve vývojovém kontejneru","command.inspectVolume":"Prozkoumání svazku ve vývojovém kontejneru...","command.inspectVolumeFromViewlet":"Prozkoumání ve vývojovém kontejneru","command.installDocker":"Instalace Dockeru","command.installDockerInWSL":"Nainstalovat Docker ve WSL.","command.installUserCLI":"Instalace rozhraní příkazového řádku devcontainer","command.labelPortAndUpdateConfig":"Nastavit popisek a aktualizovat devcontainer.json","command.newContainer":"Nový vývojový kontejner","command.openAttachConfigByNameFile":"Otevřít pojmenovaný konfigurační soubor kontejneru","command.openAttachDevContainerFile":"Otevřít připojený konfigurační soubor kontejneru...","command.openDevContainerFile":"Otevřít konfigurační soubor kontejneru","command.openFolder":"Otevřít složku v kontejneru...","command.openFolderInContainerInCurrentWindow":"Otevřít v kontejneru v otevřeném okně","command.openFolderInContainerInNewWindow":"Otevřít v kontejneru v novém okně","command.openInformationAboutMountPerformance":"Klonovat úložiště ve svazku Dockeru pro zlepšení výkonu vstupně-výstupních operací.","command.openLastLogFile":"Zobrazit předchozí protokol","command.openLogFile":"Zobrazit všechny protokoly...","command.openPullRequestInVolume":"Klonovat žádost o přijetí změn GitHubu ve svazku kontejneru...","command.openRepositoryFromGitWithEditSession":"Klonovat úložiště ve svazku kontejneru","command.openRepositoryFromRemoteHubWithEditSession":"Klonovat úložiště ve svazku kontejneru","command.openRepositoryInUniqueVolume":"Klonovat úložiště ve svazku kontejneru...","command.openRepositoryInVolume":"Klonovat úložiště na pojmenovaném svazku kontejneru...","command.openWorkspace":"Otevřít pracovní prostor v kontejneru...","command.provideFeedback":"Poslat názor","command.pruneVolumes":"Vyčistit vývojové svazky...","command.rebuildAndReopenInContainer":"Opětovné sestavení a opětovné otevření v kontejneru","command.rebuildContainer":"Znovu sestavit kontejner","command.rebuildContainerNoCache":"Znovu sestavit kontejner bez mezipaměti","command.rebuildNoCacheAndReopenInContainer":"Opětovné sestavení bez mezipaměti a opětovné otevření v kontejneru","command.removeContainer":"Odebrat kontejner","command.removeRecentFolder":"Odebrat poslední složku","command.removeVolume":"Odebrat","command.reopenInContainer":"Znovu otevřít v kontejneru","command.reopenInSSH":"Znovu otevřít složku v SSH","command.reopenInTunnel":"Znovu otevřít složku v Tunnel","command.reopenInWSL":"Znovu otevřít složku ve WSL","command.reopenLocally":"Znovu otevřít složku místně","command.reportIssue":"Nahlásit problém…","command.revealLogTerminal":"Zobrazit protokol kontejneru","command.settings":"Nastavení","command.showContainerLog":"Zobrazit protokol kontejneru","command.showDetails":"Zobrazit podrobnosti","command.showRecoveryContainerNotificationReset":"Resetovat Nezobrazovat oznámení kontejneru obnovení","command.showReopenInContainerNotificationReset":"Resetovat Nezobrazovat oznámení o opětovném otevření","command.startContainer":"Spustit kontejner","command.stopContainer":"Zastavit kontejner","command.switchContainer":"Přepnout kontejner","command.testConnection":"Test připojení","command.trySample":"Vyzkoušejte ukázku vývojového kontejneru...","configuration.cacheVolume.deprecationMessage":"Místo toho použijte „dev.containers.cacheVolume“.","configuration.cacheVolume.description":"Určuje, jestli se má svazek Dockeru použít k ukládání VS Code serveru a rozšíření do mezipaměti.","configuration.cacheVolume.markdownDeprecationMessage":"Místo toho použijte #dev.containers.cacheVolume#.","configuration.copyGitConfig.deprecationMessage":"Místo toho použijte dev.containers.copyGitConfig.","configuration.copyGitConfig.markdownDeprecationMessage":"Místo toho použijte #dev.containers.copyGitConfig#.","configuration.copyGitConfig.markdownDescription":"Určuje, jestli se má do kontejneru zkopírovat konfigurace Gitu (~/.gitconfig). To se provede po instalaci libovolného souboru #dotfiles.repository# a existující konfigurační soubor Gitu se nepřepíše.","configuration.defaultExtensions.deprecationMessage":"Místo toho použijte dev.containers.defaultExtensions.","configuration.defaultExtensions.description":"Nakonfiguruje seznam rozšíření, která se mají při vytváření kontejneru vždy nainstalovat.","configuration.defaultExtensions.errorMessage":"Očekával se formát ${publisher}.${name}. Příklad: vscode.csharp","configuration.defaultExtensions.markdownDeprecationMessage":"Místo toho použijte“ #dev.containers.defaultExtensions#“.","configuration.defaultExtensionsIfInstalledLocally.description":"Nakonfiguruje seznam rozšíření, která se mají nainstalovat při vytváření kontejneru, pokud jsou už nainstalovaná místně.","configuration.defaultExtensionsIfInstalledLocally.errorMessage":"Očekával se formát ${publisher}.${name}. Příklad: vscode.csharp","configuration.defaultFeatures":"Nakonfiguruje seznam funkcí, které se mají při vytváření kontejneru vždy nainstalovat.","configuration.dockerComposePath.deprecationMessage":"Místo toho použijte „dev.containers.dockerComposePath“.","configuration.dockerComposePath.description":"Název spustitelného souboru nebo cesta Docker Compose.","configuration.dockerComposePath.markdownDeprecationMessage":"Místo toho použijte #dev.containers.dockerComposePath#.","configuration.dockerCredentialHelper.markdownDescription":"Určuje, jestli se má pomocná rutina přihlašovacích údajů zaregistrovat jako credStore v konfiguraci Dockeru „(~/.docker/config.json“) vývojových kontejnerů. To nezpůsobí přepsání existující položky credStore v konfiguračním souboru.","configuration.dockerPath.deprecationMessage":"Místo toho použijte“ dev.containers.dockerPath“.","configuration.dockerPath.description":"Název nebo cesta ke spustitelnému souboru Dockeru (nebo Podmanu).","configuration.dockerPath.markdownDeprecationMessage":"Místo toho použijte“ #dev.containers.dockerPath#“.","configuration.dockerSocketPath.description":"Cesta k soketu Dockeru. Používá se například při připojování k vývojovému kontejneru pomocí devcontainer.json ve svazku Dockeru.","configuration.dotfiles.installCommand.deprecationMessage":"Místo toho použijte dotfiles.installCommand.","configuration.dotfiles.installCommand.description":"Příkaz, který se má spustit po klonování úložiště dotfiles Ve výchozím nastavení se spustí první soubor „install.sh“, „install“, „bootstrap.sh“, „bootstrap“, „setup.sh“ a „setup“ nalezený v kořenové složce úložiště dotfiles.","configuration.dotfiles.installCommand.markdownDeprecationMessage":"Místo toho použijte „#dotfiles.installCommand#“.","configuration.dotfiles.repository.deprecationMessage":"Místo toho použijte dotfiles.repository.","configuration.dotfiles.repository.description":"Adresa URL úložiště Git s tečkami (např. https://github.com/owner/repository.git) nebo vlastník nebo úložiště GitHub.","configuration.dotfiles.repository.markdownDeprecationMessage":"Místo toho použijte „#dotfiles.repository#“.","configuration.dotfiles.targetPath.deprecationMessage":"Místo toho použijte „dotfiles.targetPath“.","configuration.dotfiles.targetPath.description":"Cesta, do které se má klonovat úložiště dotfiles Výchozí hodnota je ~/dotfiles.","configuration.dotfiles.targetPath.markdownDeprecationMessage":"Místo toho použijte „#dotfiles.targetPath#“.","configuration.executeInWSL.deprecationMessage":"Místo toho použijte „dev.containers.executeInWSL“.","configuration.executeInWSL.description":"Určuje, jestli se mají příkazy rozhraní příkazového řádku vždy spouštět v WSL. Ve výchozím nastavení se v WSL spouští jenom pro složky pracovního prostoru v WSL. Toto nastavení nemá žádný vliv na jiné platformy než Windows.","configuration.executeInWSL.markdownDeprecationMessage":"Místo toho použijte „#dev.containers.executeInWSL#“.","configuration.executeInWSLDistro.deprecationMessage":"Místo toho použijte „dev.containers.executeInWSLDistro“.","configuration.executeInWSLDistro.markdownDeprecationMessage":"Místo toho použijte „#dev.containers.executeInWSLDistro#“.","configuration.executeInWSLDistro.markdownDescription":"Distribuce WSL, která se má použít při opětovném otevření složky WSL Ve výchozím nastavení se použije výchozí distribuce WSL (viz wsl -l). Toto nastavení nemá žádný vliv, pokud není povolená možnost „#dev.containers.executeInWSL#“ ani na jiných platformách než Windows.","configuration.experimentalLockfile.description":"Určuje, jestli se má zapsat experimentální soubor devcontainer-lock.json. Tato funkce je experimentální a v budoucnu se může změnit.","configuration.forwardWSLServices.description":"Určuje, jestli se mají služby v rámci WSL (agent SSH, agent GPG, zobrazení X, zobrazení Wayland) předávat do kontejneru. Toto nastavení nemá žádný vliv na jiné platformy než Windows.","configuration.gitCredentialHelperConfigLocation.deprecationMessage":"Místo toho použijte „dev.containers.gitCredentialHelperConfigLocation“.","configuration.gitCredentialHelperConfigLocation.description":"Kam napsat konfiguraci pro pomocnou rutinu přihlašovacích údajů Gitu.","configuration.gitCredentialHelperConfigLocation.global":"Zapisovat do konfigurace uživatele (~/.gitconfig)","configuration.gitCredentialHelperConfigLocation.markdownDeprecationMessage":"Místo toho použijte „#dev.containers.gitCredentialHelperConfigLocation#“.","configuration.gitCredentialHelperConfigLocation.none":"Nenastavujte pomocníka pro přihlašovací údaje.","configuration.gitCredentialHelperConfigLocation.system":"Zápis do konfigurace systému (/etc/gitconfig vyžaduje přístup uživatele root).","configuration.gpuAvailability.all":"K dispozici jsou všechny GPU. Očekává se, že hostitel bude mít GPU.","configuration.gpuAvailability.description":"Dostupnost GPU, když vývojový kontejner nějaké vyžaduje.","configuration.gpuAvailability.detect":"Dostupnost by se měla zjistit automaticky.","configuration.gpuAvailability.none":"Nejsou k dispozici žádné GPU.","configuration.logLevel.deprecationMessage":"Místo toho použijte „dev.containers.logLevel“.","configuration.logLevel.description":"Úroveň protokolu pro rozšíření.","configuration.logLevel.markdownDeprecationMessage":"Místo toho použijte „#dev.containers.logLevel#“.","configuration.mountWaylandSocket.markdownDescription":"Určuje, jestli se má do vývojového kontejneru připojit soket Wayland, pokud existuje.","configuration.optimisticallyLaunchDocker.description":"Optimisticky se pokusit o spuštění Dockeru, pokud ještě neběží proces démon","configuration.repositoryConfigurationPaths.deprecationMessage":"Místo toho použijte „dev.containers.repositoryConfigurationPaths“.","configuration.repositoryConfigurationPaths.markdownDeprecationMessage":"Místo toho použijte „#dev.containers.repositoryConfigurationPaths#“.","configuration.repositoryConfigurationPaths.markdownDescription":"Seznam dalších cest pro hledání [konfigurací úložišť](https://code.visualstudio.com/docs/devcontainers/create-dev-container#_alternative-repository-configuration-folders).","configuration.title":"Vývojové kontejnery","configuration.workspaceMountConsistency.cached":"Zobrazení hostitele je autoritativní.","configuration.workspaceMountConsistency.consistent":"Dokonalá konzistence.","configuration.workspaceMountConsistency.delegated":"Zobrazení kontejneru je autoritativní.","configuration.workspaceMountConsistency.deprecationMessage":"Místo toho „použijte dev.containers.workspaceMountConsistency“.","configuration.workspaceMountConsistency.description":"Úroveň konzistence použitá pro připojení pracovního prostoru (existující kontejnery se musí znovu sestavit, aby se projevily).","configuration.workspaceMountConsistency.markdownDeprecationMessage":"Místo toho použijte „#dev.containers.workspaceMountConsistency#“.","continueEditSession.containerVolume":"Pokračovat v práci na svazku kontejneru","description":"Otevřete libovolnou složku nebo úložiště v kontejneru Dockeru a využijte úplnou sadu funkcí Visual Studio Code.","displayName":"Vývojové kontejnery","resourceLabelFormatters.attached-container.workspaceSuffix":"Kontejner","resourceLabelFormatters.dev-container.workspaceSuffix":"Vývojový kontejner","resourceLabelFormatters.exec.workspaceSuffix":"Exec","resourceLabelFormatters.k8s-container.workspaceSuffix":"Kubernetes","views.remote.detailsContainers":"Podrobnosti (kontejnery)","views.remote.devVolumes":"Vývojářské svazky","views.remote.targetsContainers":"Vývojové kontejnery","viewsWelcome.devVolumes.noDevVolumes":"Pokud existuje úložiště, se kterým chcete pracovat, můžete ho klonovat přímo ve svazku kontejneru.\n[Klonovat úložiště ve svazku kontejneru](command:remote-containers.openRepositoryInUniqueVolume)\n","viewsWelcome.targetsContainers.needsDockerStartOrInstall":"Začněte s kontejnery [instalací Dockeru](command:remote-containers.installDocker) nebo navštivte [help view](command:~remote.helpPanel.focus). [Aktualizujte](command:remote-containers.explorerTargetsRefresh) po instalaci a spuštění.","viewsWelcome.targetsContainers.needsSSHCredentials":"[Aktualizovat](command:remote-containers.explorerTargetsRefresh) pro zadání přihlašovacích údajů SSH.","viewsWelcome.targetsContainers.noContainersWithFolder":"Začněte s kontejnery spuštěním jednoho z příkazů [Dev Containers](command:remote-containers.newContainer).\nMůžete [znovu otevřít aktuální složku v kontejneru](command:remote-containers.reopenInContainer) nebo otevřít jinou složku v kontejneru.\n[Otevřít složku v kontejneru](command:remote-containers.openFolder)\nPokud s kontejnery teprve začínáte a chcete [vyzkoušet ukázku](command:remote-containers.trySample), můžete si vybrat z několika možností.","viewsWelcome.targetsContainers.noContainersWithoutFolder":"Začněte s kontejnery spuštěním jednoho z příkazů [Dev Containers](command:remote-containers.newContainer).\nV kontejneru můžete otevřít existující složku.\n [Otevřít složku v kontejneru](command:remote-containers.openFolder)\n Pokud s kontejnery teprve začínáte a chcete [vyzkoušet ukázku](command:remote-containers.trySample), můžete si vybrat z několika možností."}
