{"capabilities.untrustedWorkspaces.description":"L'apertura di una cartella in un contenitore richiede l'attendibilità dell'area di lavoro.","command.addExtensionToConfig":"Aggiungere a devcontainer.json","command.attachToContainerInCurrentWindow":"Collega nella finestra corrente","command.attachToContainerInNewWindow":"Allegare in una nuova finestra","command.attachToK8sContainer":"Collega al contenitore Kubernetes in esecuzione...","command.attachToK8sContainerFromViewlet":"Allegare Visual Studio Code","command.attachToRunningContainer":"Collegare al contenitore in esecuzione...","command.attachToRunningContainerFromViewlet":"Allegare Visual Studio Code","command.category":"Contenitori di sviluppo","command.checkoutPRInVolume":"Estrarre la richiesta pull nel contenitore di sviluppo","command.cleanUpDevContainers":"Pulire contenitori di sviluppo...","command.cloneInVolume":"Clonare repository nel volume","command.cloneInVolumeFromViewlet":"Clonare nel volume esistente","command.configureContainerFeatures":"Configurare funzionalità contenitore...","command.createDevContainer":"Nuovo contenitore di sviluppo...","command.createDevContainerFile":"Aggiungere file di configurazione del contenitore di sviluppo...","command.createDevContainerFileWithCopilot":"Aggiungere file di configurazione del contenitore di sviluppo con GitHub Copilot...","command.developerCategory":"Sviluppatore di contenitori di sviluppo","command.explorerDetailsRefresh":"Aggiornare","command.explorerTargetsRefresh":"Aggiornare","command.explorerVolumesRefresh":"Aggiornare","command.getHelp":"Guida","command.getStarted":"Introduzione ai contenitori di sviluppo","command.inspectDockerResource":"Ispeziona","command.inspectInBasicDevContainer":"Esplorare in Dev Container","command.inspectVolume":"Esplorare un volume in un contenitore di sviluppo...","command.inspectVolumeFromViewlet":"Esplorare in un contenitore di sviluppo","command.installDocker":"Installare Docker","command.installDockerInWSL":"Installa Docker in WSL","command.installUserCLI":"Installare l'interfaccia della riga di comando di devcontainer","command.labelPortAndUpdateConfig":"Impostare l'etichetta e aggiorna devcontainer.json","command.newContainer":"Nuovo contenitore di sviluppo","command.openAttachConfigByNameFile":"Aprire file di configurazione del contenitore denominato","command.openAttachDevContainerFile":"Aprire file di configurazione contenitore allegato...","command.openDevContainerFile":"Apri file di configurazione del contenitore","command.openFolder":"Aprire cartella nel contenitore...","command.openFolderInContainerInCurrentWindow":"Apri nel contenitore nella finestra corrente","command.openFolderInContainerInNewWindow":"Apri nel contenitore in una nuova finestra","command.openInformationAboutMountPerformance":"Clonare il repository nel volume Docker per migliorare le prestazioni di I/O.","command.openLastLogFile":"Mostra log precedente","command.openLogFile":"Mostrare tutti i log...","command.openPullRequestInVolume":"Clonare richiesta pull GitHub nel volume del contenitore...","command.openRepositoryFromGitWithEditSession":"Clonare il repository in un volume contenitore","command.openRepositoryFromRemoteHubWithEditSession":"Clonare il repository in un volume contenitore","command.openRepositoryInUniqueVolume":"Clonare il repository nel volume contenitore...","command.openRepositoryInVolume":"Clonare repository nel volume contenitore denominato...","command.openWorkspace":"Aprire area di lavoro nel contenitore...","command.provideFeedback":"Fornisci feedback","command.pruneVolumes":"Pulire volumi di sviluppo...","command.rebuildAndReopenInContainer":"Ricompilare e riaprire nel contenitore","command.rebuildContainer":"Ricompilare contenitore","command.rebuildContainerNoCache":"Ricompilare contenitore senza cache","command.rebuildNoCacheAndReopenInContainer":"Ricompilare senza cache e riaprire nel contenitore","command.removeContainer":"Rimuovere contenitore","command.removeRecentFolder":"Rimuovere una cartella recente","command.removeVolume":"Rimuovere","command.reopenInContainer":"Riapri nel contenitore","command.reopenInSSH":"Riapertura della cartella in SSH","command.reopenInTunnel":"Riapertura della cartella in Tunnel","command.reopenInWSL":"Riapertura della cartella in WSL","command.reopenLocally":"Riaprire cartella in locale","command.reportIssue":"Segnala problema...","command.revealLogTerminal":"Mostrare registro contenitori","command.settings":"Impostazioni","command.showContainerLog":"Mostrare registro contenitori","command.showDetails":"Mostrare dettagli","command.showRecoveryContainerNotificationReset":"Reimpostare Non mostrare la notifica del contenitore di ripristino","command.showReopenInContainerNotificationReset":"Reimpostare Non mostrare la notifica di riapertura","command.startContainer":"Avvia contenitore","command.stopContainer":"Arrestare contenitore","command.switchContainer":"Cambia contenitore","command.testConnection":"Verifica connessione","command.trySample":"Provare un esempio di contenitore di sviluppo...","configuration.cacheVolume.deprecationMessage":"In alternativa, usare 'dev.containers.cacheVolume'.","configuration.cacheVolume.description":"Controllare se un volume Docker deve essere usato per memorizzare nella cache il server VS Code e le estensioni.","configuration.cacheVolume.markdownDeprecationMessage":"In alternativa, usare '#dev.containers.cacheVolume#'.","configuration.copyGitConfig.deprecationMessage":"In alternativa, usare 'dev.containers.copyGitConfig'.","configuration.copyGitConfig.markdownDeprecationMessage":"In alternativa, usare '#dev.containers.copyGitConfig#'.","configuration.copyGitConfig.markdownDescription":"Controllare se la configurazione GIT ('~/.gitconfig') deve essere copiata nel contenitore. Questa operazione viene eseguita dopo l'installazione di '#dotfiles.repository#' e non sovrascriverà un file di configurazione GIT esistente.","configuration.defaultExtensions.deprecationMessage":"In alternativa, usare 'dev.containers.defaultExtensions'.","configuration.defaultExtensions.description":"Configurare l'elenco delle estensioni da installare sempre durante la creazione di un contenitore.","configuration.defaultExtensions.errorMessage":"Formato imprevisto '${publisher}.${name}'. Esempio: 'vscode.csharp'.","configuration.defaultExtensions.markdownDeprecationMessage":"In alternativa, usare '#dev.containers.defaultExtensions#'.","configuration.defaultExtensionsIfInstalledLocally.description":"Configura l'elenco di estensioni da installare durante la creazione di un contenitore se sono già installate localmente.","configuration.defaultExtensionsIfInstalledLocally.errorMessage":"Formato imprevisto '${publisher}.${name}'. Esempio: 'vscode.csharp'.","configuration.defaultFeatures":"Configurare l'elenco delle funzionalità da installare sempre durante la creazione di un contenitore.","configuration.dockerComposePath.deprecationMessage":"Usare 'dev.containers.dockerComposePath'.","configuration.dockerComposePath.description":"Docker Compose nome o percorso dell'eseguibile.","configuration.dockerComposePath.markdownDeprecationMessage":"In alternativa, usare '#dev.containers.dockerComposePath#'.","configuration.dockerCredentialHelper.markdownDescription":"Controllare se un helper di credenziali deve essere registrato come 'credStore' nella configurazione Docker ('~/.docker/config.json') dei contenitori di sviluppo. Non verrà sovrascritta una voce 'credStore' esistente nel file di configurazione.","configuration.dockerPath.deprecationMessage":"In alternativa, usare 'dev.containers.dockerPath'.","configuration.dockerPath.description":"Nome o percorso dell'eseguibile Docker (o Podman).","configuration.dockerPath.markdownDeprecationMessage":"In alternativa, usare '#dev.containers.dockerPath#'.","configuration.dockerSocketPath.description":"Percorso del socket Docker. Usato, ad esempio, per la connessione a un contenitore di sviluppo con il devcontainer.json in un volume Docker.","configuration.dotfiles.installCommand.deprecationMessage":"In alternativa, usare 'dotfiles.installCommand'.","configuration.dotfiles.installCommand.description":"Comando da eseguire dopo la clonazione del repository dotfiles. Per impostazione predefinita, eseguire il primo file di 'install.sh', 'install', 'bootstrap.sh', 'bootstrap', 'setup.sh' e 'setup' trovato nella cartella radice del repository dotfiles.","configuration.dotfiles.installCommand.markdownDeprecationMessage":"Usare '#dotfiles.installCommand#'.","configuration.dotfiles.repository.deprecationMessage":"In alternativa, usare 'dotfiles.repository'.","configuration.dotfiles.repository.description":"URL di un repository Git dotfiles (ad esempio, https://github.com/owner/repository.git) o proprietario/repository di un repository GitHub.","configuration.dotfiles.repository.markdownDeprecationMessage":"Usare '#dotfiles.repository#'.","configuration.dotfiles.targetPath.deprecationMessage":"Utilizzare 'dotfiles.targetPath'.","configuration.dotfiles.targetPath.description":"Percorso in cui clonare il repository dotfiles. L'impostazione predefinita è '~/dotfiles'.","configuration.dotfiles.targetPath.markdownDeprecationMessage":"In alternativa, usare '#dotfiles.targetPath#'.","configuration.executeInWSL.deprecationMessage":"In alternativa, usare 'dev.containers.executeInWSL'.","configuration.executeInWSL.description":"Controllare se i comandi dell'interfaccia della riga di comando devono essere sempre eseguiti in WSL. L'impostazione predefinita prevede l'esecuzione in WSL solo per le cartelle dell'area di lavoro in WSL. Questa impostazione non ha alcun effetto su altre piattaforme oltre a Windows.","configuration.executeInWSL.markdownDeprecationMessage":"In alternativa, usare '#dev.containers.executeInWSL#'.","configuration.executeInWSLDistro.deprecationMessage":"In alternativa, usare 'dev.containers.executeInWSLDistro'.","configuration.executeInWSLDistro.markdownDeprecationMessage":"Usare '#dev.containers.executeInWSLDistro#'.","configuration.executeInWSLDistro.markdownDescription":"Distribuzione WSL da usare quando non si riapre una cartella WSL. L'impostazione predefinita prevede l'uso della distribuzione WSL predefinita (vedere 'wsl -l'). Questa impostazione non ha effetto quando '#dev.containers.executeInWSL#' non è abilitato o in altre piattaforme oltre a Windows.","configuration.experimentalLockfile.description":"Controllare se è necessario scrivere un file devcontainer-lock.json sperimentale. Questa funzionalità è sperimentale e potrebbe cambiare in futuro.","configuration.forwardWSLServices.description":"Controlla se i servizi in WSL (agente SSH, agente GPG, visualizzazione X, visualizzazione Wayland) vengono inoltrati nel contenitore. Questa impostazione non ha effetto su piattaforme diverse da Windows.","configuration.gitCredentialHelperConfigLocation.deprecationMessage":"In alternativa, usare 'dev.containers.gitCredentialHelperConfigLocation'.","configuration.gitCredentialHelperConfigLocation.description":"Dove scrivere la configurazione per l'helper delle credenziali GIT.","configuration.gitCredentialHelperConfigLocation.global":"Scrivere nella configurazione utente ('~/.gitconfig').","configuration.gitCredentialHelperConfigLocation.markdownDeprecationMessage":"Use `#dev.containers.gitCredentialHelperConfigLocation#` instead.","configuration.gitCredentialHelperConfigLocation.none":"Non impostare un helper per le credenziali.","configuration.gitCredentialHelperConfigLocation.system":"La scrittura nella configurazione di sistema ('/etc/gitconfig', richiede l'accesso radice).","configuration.gpuAvailability.all":"Sono disponibili tutte le GPU. Ciò prevede che l'host disponga di una GPU.","configuration.gpuAvailability.description":"Disponibilità delle GPU quando un contenitore di sviluppo ne richiede una.","configuration.gpuAvailability.detect":"La disponibilità deve essere rilevata automaticamente.","configuration.gpuAvailability.none":"Non sono disponibili GPU.","configuration.logLevel.deprecationMessage":"In alternativa, usare 'dev.containers.logLevel'.","configuration.logLevel.description":"Livello di log per l'estensione.","configuration.logLevel.markdownDeprecationMessage":"Usare '#dev.containers.logLevel#'.","configuration.mountWaylandSocket.markdownDescription":"Controllare se un socket Wayland, se esistente, deve essere montato nel contenitore di sviluppo.","configuration.optimisticallyLaunchDocker.description":"Tentativo ottimistico di avviare Docker se il daemon non è già in esecuzione.","configuration.repositoryConfigurationPaths.deprecationMessage":"In alternativa, usare 'dev.containers.repositoryConfigurationPaths'.","configuration.repositoryConfigurationPaths.markdownDeprecationMessage":"Use `#dev.containers.repositoryConfigurationPaths#` instead.","configuration.repositoryConfigurationPaths.markdownDescription":"Elenco di percorsi aggiuntivi per la ricerca di [configurazioni del repository](https://code.visualstudio.com/docs/devcontainers/create-dev-container#_alternative-repository-configuration-folders).","configuration.title":"Contenitori di sviluppo","configuration.workspaceMountConsistency.cached":"La visualizzazione dell'host è autorevole.","configuration.workspaceMountConsistency.consistent":"Coerenza perfetta.","configuration.workspaceMountConsistency.delegated":"La visualizzazione del contenitore è autorevole.","configuration.workspaceMountConsistency.deprecationMessage":"In alternativa, usare '#dev.containers.workspaceMountConsistency#'.","configuration.workspaceMountConsistency.description":"Livello di coerenza usato per il montaggio dell'area di lavoro.Per rendere effettivi i contenitori esistenti, è necessaria la ricompilazione.","configuration.workspaceMountConsistency.markdownDeprecationMessage":"In alternativa, usare '#dev.containers.workspaceMountConsistency#'.","continueEditSession.containerVolume":"Continuare a lavorare nel volume del contenitore","description":"Aprire qualsiasi cartella o repository all'interno di un contenitore Docker e sfruttare il set completo di funzionalità di Visual Studio Code.","displayName":"Contenitori di sviluppo","resourceLabelFormatters.attached-container.workspaceSuffix":"Contenitore","resourceLabelFormatters.dev-container.workspaceSuffix":"Contenitore di sviluppo","resourceLabelFormatters.exec.workspaceSuffix":"Esecuzione","resourceLabelFormatters.k8s-container.workspaceSuffix":"Kubernetes","views.remote.detailsContainers":"Dettagli (contenitori)","views.remote.devVolumes":"Volumi di sviluppo","views.remote.targetsContainers":"Contenitori di sviluppo","viewsWelcome.devVolumes.noDevVolumes":"Se è presente un repository da usare, è possibile clonarlo direttamente in un volume del contenitore.\n [Clonare il repository nel volume del contenitore](command:remote-containers.openRepositoryInUniqueVolume)\n","viewsWelcome.targetsContainers.needsDockerStartOrInstall":"Per iniziare a usare i contenitori, [installazione di Docker](command:remote-containers.installDocker) o visitando [help view](command:~remote.helpPanel.focus). [Aggiorna](command:remote-containers.explorerTargetsRefresh) dopo l'installazione e l'avvio.","viewsWelcome.targetsContainers.needsSSHCredentials":"[Aggiorna](command:remote-containers.explorerTargetsRefresh) per fornire le credenziali SSH.","viewsWelcome.targetsContainers.noContainersWithFolder":"Per iniziare a usare i contenitori, eseguire uno dei comandi [Dev Containers](command:remote-containers.newContainer).\n È possibile [riaprire la cartella corrente in un contenitore](command:remote-containers.reopenInContainer) o aprire un'altra cartella in un contenitore.\n [Apri cartella nel contenitore](command:remote-containers.openFolder)\n Se non si ha esperienza con i contenitori e si vuole [provare un esempio](command:remote-containers.trySample), è possibile scegliere tra diversi elementi.","viewsWelcome.targetsContainers.noContainersWithoutFolder":"Per iniziare a usare i contenitori, eseguire uno dei comandi [Dev Containers](command:remote-containers.newContainer).\n È possibile aprire una cartella esistente in un contenitore.\n [Apri cartella nel contenitore](command:remote-containers.openFolder)\n Se non si ha esperienza con i contenitori e si vuole [provare un esempio](command:remote-containers.trySample), è possibile scegliere tra diversi elementi."}
