{"capabilities.untrustedWorkspaces.description":"Abrir uma pasta em um contêiner requer confiança no workspace.","command.addExtensionToConfig":"Adicionar a extensão ao devcontainer.json","command.attachToContainerInCurrentWindow":"Anexar na Janela Atual","command.attachToContainerInNewWindow":"Anexar em Nova Janela","command.attachToK8sContainer":"Anexar ao contêiner do Kubernetes em Execução...","command.attachToK8sContainerFromViewlet":"Anexar Visual Studio Code","command.attachToRunningContainer":"Anexar ao Contêiner em Execução...","command.attachToRunningContainerFromViewlet":"Anexar Visual Studio Code","command.category":"Contêineres de Desenvolvimento","command.checkoutPRInVolume":"Solicitação de Pull de Check-out no Contêiner de Desenvolvimento","command.cleanUpDevContainers":"Limpar Contêineres de Desenvolvimento...","command.cloneInVolume":"Clonar Repositório no Volume","command.cloneInVolumeFromViewlet":"Clonar em volume existente","command.configureContainerFeatures":"Configurar Recursos do Contêiner...","command.createDevContainer":"Novo Contêiner de Desenvolvimento...","command.createDevContainerFile":"Adicionar Arquivos de Configuração de Contêiner de Desenvolvimento...","command.createDevContainerFileWithCopilot":"Adicionar arquivos de configuração do contêiner de desenvolvimento usando o GitHub Copilot...","command.developerCategory":"Desenvolvedor de Contêineres de Desenvolvimento","command.explorerDetailsRefresh":"Atualizar","command.explorerTargetsRefresh":"Atualizar","command.explorerVolumesRefresh":"Atualizar","command.getHelp":"Ajuda","command.getStarted":"Introdução aos Contêineres de Desenvolvimento","command.inspectDockerResource":"Inspecionar","command.inspectInBasicDevContainer":"Explorar no Contêiner de Desenvolvimento","command.inspectVolume":"Explorar um volume em um contêiner de desenvolvimento...","command.inspectVolumeFromViewlet":"Explorar em um contêiner de desenvolvimento","command.installDocker":"Instalar Docker","command.installDockerInWSL":"Instalar o Docker no WSL","command.installUserCLI":"Instalar a CLI do devcontainer","command.labelPortAndUpdateConfig":"Definir o Rótulo e Atualizar o devcontainer.json","command.newContainer":"Novo Contêiner de Desenvolvimento","command.openAttachConfigByNameFile":"Abrir Arquivo de Configuração de Contêiner Nomeado","command.openAttachDevContainerFile":"Abrir Arquivo de Configuração de Contêiner Anexado...","command.openDevContainerFile":"Abrir Arquivo de Configuração de Contêiner","command.openFolder":"Abrir Pasta no Contêiner...","command.openFolderInContainerInCurrentWindow":"Abrir no Contêiner na Janela Atual","command.openFolderInContainerInNewWindow":"Abrir no Contêiner em uma Nova Janela","command.openInformationAboutMountPerformance":"Clone o repositório no volume do Docker para melhorar o desempenho de E/S.","command.openLastLogFile":"Mostrar Log Anterior","command.openLogFile":"Mostrar Todos os Logs...","command.openPullRequestInVolume":"Clonar Solicitação de Pull do GitHub no Volume de Contêiner...","command.openRepositoryFromGitWithEditSession":"Clonar Repositório em um Volume de Contêiner","command.openRepositoryFromRemoteHubWithEditSession":"Clonar Repositório em um Volume de Contêiner","command.openRepositoryInUniqueVolume":"Clonar Repositório no Volume do Contêiner...","command.openRepositoryInVolume":"Clonar Repositório no Volume de Contêiner Nomeado...","command.openWorkspace":"Abrir Workspace no Contêiner...","command.provideFeedback":"Fornecer Comentários","command.pruneVolumes":"Limpar Volumes de Desenvolvimento...","command.rebuildAndReopenInContainer":"Recompilar e reabrir no contêiner","command.rebuildContainer":"Recompilar o Contêiner","command.rebuildContainerNoCache":"Recompilar Contêiner sem Cache","command.rebuildNoCacheAndReopenInContainer":"Recompilar sem cache e reabrir no contêiner","command.removeContainer":"Remover Contêiner","command.removeRecentFolder":"Remover Pasta Recente","command.removeVolume":"Remover","command.reopenInContainer":"Reabrir no Contêiner","command.reopenInSSH":"Reabrir a Pasta no SSH","command.reopenInTunnel":"Reabrir Pasta no Tunnel","command.reopenInWSL":"Reabrir a Pasta no WSL","command.reopenLocally":"Reabrir Pasta Localmente","command.reportIssue":"Relatar um Problema...","command.revealLogTerminal":"Mostrar Log de Contêiner","command.settings":"Configurações","command.showContainerLog":"Mostrar Log de Contêiner","command.showDetails":"Mostrar Detalhes","command.showRecoveryContainerNotificationReset":"Redefinir Não Mostrar Notificação de Contêiner de Recuperação","command.showReopenInContainerNotificationReset":"Redefinir Não Mostrar Notificação de Reabertura","command.startContainer":"Iniciar Contêiner","command.stopContainer":"Interromper Contêiner","command.switchContainer":"Alternar Contêiner","command.testConnection":"Testar Conexão","command.trySample":"Experimente um exemplo de contêiner de desenvolvimento...","configuration.cacheVolume.deprecationMessage":"Em vez disso, use 'dev.containers.cacheVolume'.","configuration.cacheVolume.description":"Controla se um volume do Docker deve ser usado para armazenar em cache o servidor do VS Code e as extensões.","configuration.cacheVolume.markdownDeprecationMessage":"Use '#dev.containers.cacheVolume#' em vez disso.","configuration.copyGitConfig.deprecationMessage":"Em vez disso, use 'dev.containers.copyGitConfig'.","configuration.copyGitConfig.markdownDeprecationMessage":"Use '#dev.containers.copyGitConfig#'.","configuration.copyGitConfig.markdownDescription":"Controla se a configuração do Git ('~/.gitconfig') deve ser copiada para o contêiner. Isso é feito após a instalação de qualquer '#dotfiles.repository#' e não substituirá um arquivo de configuração Git existente.","configuration.defaultExtensions.deprecationMessage":"Em vez disso, use 'dev.containers.defaultExtensions'.","configuration.defaultExtensions.description":"Configura a lista de extensões a serem sempre instaladas durante a criação de um contêiner.","configuration.defaultExtensions.errorMessage":"Esperava-se o formato '${publisher}.${name}'. Exemplo: 'vscode.csharp'.","configuration.defaultExtensions.markdownDeprecationMessage":"Use '#dev.containers.defaultExtensions#'.","configuration.defaultExtensionsIfInstalledLocally.description":"Configura a lista de extensões a serem instaladas durante a criação de um contêiner se elas já estiverem instaladas localmente.","configuration.defaultExtensionsIfInstalledLocally.errorMessage":"Esperava-se o formato '${publisher}.${name}'. Exemplo: 'vscode.csharp'.","configuration.defaultFeatures":"Configura a lista de recursos a serem sempre instalados durante a criação de um contêiner.","configuration.dockerComposePath.deprecationMessage":"Em vez disso, use 'dev.containers.dockerComposePath'.","configuration.dockerComposePath.description":"Nome ou caminho executável do Docker Compose.","configuration.dockerComposePath.markdownDeprecationMessage":"Use '#dev.containers.dockerComposePath#'.","configuration.dockerCredentialHelper.markdownDescription":"Controla se um auxiliar de credencial deve ser registrado como o 'credStore' na configuração do Docker ('~/.docker/config.json') de contêineres de desenvolvimento. Isso não substituirá uma entrada 'credStore' existente no arquivo de configuração.","configuration.dockerPath.deprecationMessage":"Em vez disso, use 'dev.containers.dockerPath'.","configuration.dockerPath.description":"Nome ou caminho do executável do Docker (ou Podman).","configuration.dockerPath.markdownDeprecationMessage":"Use '#dev.containers.dockerPath#'.","configuration.dockerSocketPath.description":"Caminho do soquete do Docker. Usado, por exemplo, ao se conectar a um Contêiner de Desenvolvimento com o devcontainer.json em um Volume do Docker.","configuration.dotfiles.installCommand.deprecationMessage":"Em vez disso, use 'dotfiles.installCommand'.","configuration.dotfiles.installCommand.description":"O comando a ser executado após a clonagem do repositório dotfiles. O padrão é executar o primeiro arquivo de 'install.sh', 'install', 'bootstrap.sh', 'bootstrap', 'setup.sh' e 'setup' encontrado na pasta raiz do repositório dotfiles.","configuration.dotfiles.installCommand.markdownDeprecationMessage":"Em vez disso, use '#dotfiles.installCommand#'.","configuration.dotfiles.repository.deprecationMessage":"Em vez disso, use 'dotfiles.repository'.","configuration.dotfiles.repository.description":"URL de um repositório Git dotfiles (por exemplo, https://github.com/owner/repository.git) ou proprietário/repositório de um repositório GitHub.","configuration.dotfiles.repository.markdownDeprecationMessage":"Use '#dotfiles.repository#' em vez disso.","configuration.dotfiles.targetPath.deprecationMessage":"Em vez disso, use 'dotfiles.targetPath'.","configuration.dotfiles.targetPath.description":"O caminho para clonar o repositório dotfiles. O padrão é '~/dotfiles'.","configuration.dotfiles.targetPath.markdownDeprecationMessage":"Em vez disso, use '#dotfiles.targetPath#'.","configuration.executeInWSL.deprecationMessage":"Em vez disso, use 'dev.containers.executeInWSL'.","configuration.executeInWSL.description":"Controla se os comandos da CLI sempre devem ser executados no WSL. O padrão é executar somente no WSL para pastas de workspace no WSL. Essa configuração não tem efeito em outras plataformas além do Windows.","configuration.executeInWSL.markdownDeprecationMessage":"Use '#dev.containers.executeInWSL#' em vez disso.","configuration.executeInWSLDistro.deprecationMessage":"Em vez disso, use 'dev.containers.executeInWSLDistro'.","configuration.executeInWSLDistro.markdownDeprecationMessage":"Em vez disso, use '#dev.containers.executeInWSLDistro#'.","configuration.executeInWSLDistro.markdownDescription":"Distribuição WSL a ser usada ao não reabrir uma pasta WSL. O padrão é usar a distribuição WSL padrão (consulte 'wsl -l'). Essa configuração não tem efeito quando '#dev.containers.executeInWSL#' não está habilitado ou em outras plataformas além do Windows.","configuration.experimentalLockfile.description":"Controla se um devcontainer-lock.json experimental deve ser gravado. Essa funcionalidade é experimental e pode mudar no futuro.","configuration.forwardWSLServices.description":"Controla se os serviços no WSL (agente SSH, agente GPG, exibição X, exibição Wayland) são encaminhados para o contêiner. Essa configuração não tem efeito em outras plataformas além do Windows.","configuration.gitCredentialHelperConfigLocation.deprecationMessage":"Em vez disso, use 'dev.containers.gitCredentialHelperConfigLocation'.","configuration.gitCredentialHelperConfigLocation.description":"Onde gravar a configuração para o auxiliar de credenciais do Git.","configuration.gitCredentialHelperConfigLocation.global":"Gravar na configuração do usuário ('~/.gitconfig').","configuration.gitCredentialHelperConfigLocation.markdownDeprecationMessage":"Em vez disso, use '#dev.containers.gitCredentialHelperConfigLocation#'.","configuration.gitCredentialHelperConfigLocation.none":"Não defina um auxiliar de credencial.","configuration.gitCredentialHelperConfigLocation.system":"Gravar na configuração do sistema ('/etc/gitconfig', requer acesso raiz).","configuration.gpuAvailability.all":"Todas as GPUs estão disponíveis. A afirmação espera que o host tenha uma GPU.","configuration.gpuAvailability.description":"Disponibilidade de GPUs quando um contêiner de desenvolvimento requerer alguma.","configuration.gpuAvailability.detect":"A disponibilidade deve ser detectada automaticamente.","configuration.gpuAvailability.none":"Não há GPUs disponíveis.","configuration.logLevel.deprecationMessage":"Em vez disso, use 'dev.containers.logLevel'.","configuration.logLevel.description":"O nível de log para a extensão.","configuration.logLevel.markdownDeprecationMessage":"Em vez disso, use '#dev.containers.logLevel#'.","configuration.mountWaylandSocket.markdownDescription":"Controla se um soquete Wayland, se houver, deve ser montado no Contêiner de Desenvolvimento.","configuration.optimisticallyLaunchDocker.description":"Tente iniciar o Docker de forma otimista se o daemon não estiver em execução.","configuration.repositoryConfigurationPaths.deprecationMessage":"Em vez disso, use 'dev.containers.repositoryConfigurationPaths'.","configuration.repositoryConfigurationPaths.markdownDeprecationMessage":"Em vez disso, use '#dev.containers.repositoryConfigurationPaths#'.","configuration.repositoryConfigurationPaths.markdownDescription":"Lista de caminhos adicionais para pesquisar [configurações de repositório](https://code.visualstudio.com/docs/devcontainers/create-dev-container#_alternative-repository-configuration-folders).","configuration.title":"Contêineres de Desenvolvimento","configuration.workspaceMountConsistency.cached":"A exibição do host é autoritativa.","configuration.workspaceMountConsistency.consistent":"Consistência perfeita.","configuration.workspaceMountConsistency.delegated":"A exibição do contêiner é autoritativa.","configuration.workspaceMountConsistency.deprecationMessage":"Em vez disso, use 'dev.containers.workspaceMountConsistency'.","configuration.workspaceMountConsistency.description":"O nível de consistência usado para a montagem do workspace (os contêineres existentes devem ser recriados para entrar em vigor).","configuration.workspaceMountConsistency.markdownDeprecationMessage":"Em vez disso, use '#dev.containers.workspaceMountConsistency#'.","continueEditSession.containerVolume":"Continuar Trabalhando no Volume do Contêiner","description":"Abra qualquer pasta ou repositório dentro de um contêiner do Docker e aproveite o conjunto completo de recursos do Visual Studio Code.","displayName":"Contêineres de Desenvolvimento","resourceLabelFormatters.attached-container.workspaceSuffix":"Contêiner","resourceLabelFormatters.dev-container.workspaceSuffix":"Contêiner de Desenvolvimento","resourceLabelFormatters.exec.workspaceSuffix":"Executar","resourceLabelFormatters.k8s-container.workspaceSuffix":"Kubernetes","views.remote.detailsContainers":"Detalhes (Contêineres)","views.remote.devVolumes":"Volumes de Desenvolvimento","views.remote.targetsContainers":"Contêineres de Desenvolvimento","viewsWelcome.devVolumes.noDevVolumes":"Se houver um repositório com o qual você deseja trabalhar, você poderá cloná-lo diretamente em um volume de contêiner.\n [Clonar Repositório no Volume do Contêiner](command:remote-containers.openRepositoryInUniqueVolume)\n","viewsWelcome.targetsContainers.needsDockerStartOrInstall":"Comece a usar contêineres [instalando o Docker](command:remote-containers.installDocker) ou visitando o [modo de exibição de ajuda](command:~remote.helpPanel.focus). [Atualizar](command:remote-containers.explorerTargetsRefresh) após a instalação e a inicialização.","viewsWelcome.targetsContainers.needsSSHCredentials":"[Atualizar](command:remote-containers.explorerTargetsRefresh) para fornecer credenciais SSH.","viewsWelcome.targetsContainers.noContainersWithFolder":"Comece a usar contêineres executando um dos comandos dos [Contêineres de Desenvolvimento](command:remote-containers.newContainer).\n Você pode [reabrir a pasta atual em um contêiner](command:remote-containers.reopenInContainer) ou abrir outra pasta em um contêiner.\n [Abrir Pasta no Contêiner](command:remote-containers.openFolder)\n Se você for novo em contêineres e quiser [experimentar um exemplo](command:remote-containers.trySample), há vários para escolher.","viewsWelcome.targetsContainers.noContainersWithoutFolder":"Comece a usar contêineres executando um dos comandos dos [Contêineres de Desenvolvimento](command:remote-containers.newContainer).\n Você pode abrir uma pasta existente em um contêiner.\n [Abrir Pasta no Contêiner](command:remote-containers.openFolder)\n Se você for novo em contêineres e quiser [experimentar um exemplo](command:remote-containers.trySample), há vários para escolher."}
