{"capabilities.untrustedWorkspaces.description":"Abrir una carpeta en un contenedor requiere confianza en el área de trabajo.","command.addExtensionToConfig":"Agregar a devcontainer.json","command.attachToContainerInCurrentWindow":"Adjuntar en la ventana actual","command.attachToContainerInNewWindow":"Adjuntar en Nueva ventana","command.attachToK8sContainer":"Asociar al contenedor de Kubernetes en ejecución...","command.attachToK8sContainerFromViewlet":"Adjuntar a Visual Studio Code","command.attachToRunningContainer":"Adjuntar al contenedor que está en ejecución...","command.attachToRunningContainerFromViewlet":"Adjuntar a Visual Studio Code","command.category":"Contenedores de desarrollo","command.checkoutPRInVolume":"Comprobar solicitud de incorporación de cambios en Contenedor de desarrollo","command.cleanUpDevContainers":"Limpiar los contenedores de desarrollo...","command.cloneInVolume":"Clonar repositorio en volumen","command.cloneInVolumeFromViewlet":"Clonar en un volumen existente","command.configureContainerFeatures":"Configurar las características del contenedor...","command.createDevContainer":"Nuevo contenedor de desarrollo...","command.createDevContainerFile":"Agregar archivos de configuración del contenedor de desarrollo...","command.createDevContainerFileWithCopilot":"Agregar archivos de configuración del contenedor de desarrollo con GitHub Copilot...","command.developerCategory":"Desarrollador de contenedores de desarrollo","command.explorerDetailsRefresh":"Actualizar","command.explorerTargetsRefresh":"Actualizar","command.explorerVolumesRefresh":"Actualizar","command.getHelp":"Ayuda","command.getStarted":"Introducción a los Contenedores de desarrollo","command.inspectDockerResource":"Inspeccionar","command.inspectInBasicDevContainer":"Explorar en el contenedor de desarrollo","command.inspectVolume":"Explorar un volumen en un contenedor de desarrollo...","command.inspectVolumeFromViewlet":"Explorar en un contenedor de desarrollo","command.installDocker":"Instalar Docker","command.installDockerInWSL":"Instalar Docker en WSL","command.installUserCLI":"Instalar devcontainer CLI","command.labelPortAndUpdateConfig":"Establecer la etiqueta y actualizar devcontainer.json","command.newContainer":"Nuevo contenedor de desarrollo","command.openAttachConfigByNameFile":"Abrir archivo de configuración de contenedores con nombre","command.openAttachDevContainerFile":"Abrir archivo de configuración de contenedor adjunto...","command.openDevContainerFile":"Abrir archivo de configuración de contenedores","command.openFolder":"Abrir carpeta en contenedor...","command.openFolderInContainerInCurrentWindow":"Abrir en el contenedor en la ventana actual","command.openFolderInContainerInNewWindow":"Abrir en el contenedor en una ventana nueva","command.openInformationAboutMountPerformance":"Clonar repositorio en volumen Docker para un mejor rendimiento de E/S.","command.openLastLogFile":"Mostrar registro anterior","command.openLogFile":"Ver todos los registros...","command.openPullRequestInVolume":"Clonar la solicitud de incorporación de cambios de GitHub en el Contenedor de volumen...","command.openRepositoryFromGitWithEditSession":"Clonar repositorio en un Volumen de contenedor","command.openRepositoryFromRemoteHubWithEditSession":"Clonar repositorio en un Volumen de contenedor","command.openRepositoryInUniqueVolume":"Clonar repositorio en volumen de contenedor...","command.openRepositoryInVolume":"Clonar repositorio en Volumen del contenedor nombrado...","command.openWorkspace":"Abrir área de trabajo en contenedor...","command.provideFeedback":"Enviar comentarios","command.pruneVolumes":"Limpiar volúmenes de desarrollo...","command.rebuildAndReopenInContainer":"Recompilar y reabrir en contenedor","command.rebuildContainer":"Recompilar el Contenedor","command.rebuildContainerNoCache":"Recompilar contenedor sin caché","command.rebuildNoCacheAndReopenInContainer":"Volver a generar sin caché y abrir de nuevo en contenedor","command.removeContainer":"Quitar contenedor","command.removeRecentFolder":"Quitar carpeta reciente","command.removeVolume":"Quitar","command.reopenInContainer":"Volver a abrir en el contenedor","command.reopenInSSH":"Volver a abrir carpeta en SSH","command.reopenInTunnel":"Volver a abrir carpeta en Tunnel","command.reopenInWSL":"Volver a abrir carpeta en WSL","command.reopenLocally":"Volver a abrir la carpeta de forma local","command.reportIssue":"Notificar problema...","command.revealLogTerminal":"Mostrar registro de contenedores","command.settings":"Configuración","command.showContainerLog":"Mostrar registro de contenedores","command.showDetails":"Mostrar detalles","command.showRecoveryContainerNotificationReset":"Restablecer No mostrar notificación de contenedor de recuperación","command.showReopenInContainerNotificationReset":"Restablecer No mostrar notificación de reapertura","command.startContainer":"Iniciar contenedor","command.stopContainer":"Contenedor de parada","command.switchContainer":"Cambiar contenedor","command.testConnection":"Prueba de conexión","command.trySample":"Pruebe un contenedor de muestra...","configuration.cacheVolume.deprecationMessage":"Utilice \"dev.containers.cacheVolume\" en su lugar.","configuration.cacheVolume.description":"Controla si debe utilizarse un volumen de Docker para almacenar en caché el servidor y las extensiones de VS Code.","configuration.cacheVolume.markdownDeprecationMessage":"Use `#dev.containers.cacheVolume#` instead.","configuration.copyGitConfig.deprecationMessage":"Utilice \"dev.containers.copyGitConfig'\" en su lugar.","configuration.copyGitConfig.markdownDeprecationMessage":"Utilice \"#dev.containers.copyGitConfig#\" en su lugar.","configuration.copyGitConfig.markdownDescription":"Controla si la configuración de Git (`~/.gitconfig`) debe copiarse en el contenedor. Esto se hace después de instalar cualquier \"#dotfiles.repository#\" y no sobrescribirá un archivo de configuración Git existente.","configuration.defaultExtensions.deprecationMessage":"Utilice \"dev.containers.defaultExtensions\" en su lugar.","configuration.defaultExtensions.description":"Configura la lista de extensiones a instalar siempre al crear un contenedor.","configuration.defaultExtensions.errorMessage":"Se esperaba el formato '${publisher}.${name}'. Ejemplo: 'vscode.csharp'.","configuration.defaultExtensions.markdownDeprecationMessage":"Utilice \"#dev.containers.defaultExtensions#\" en su lugar.","configuration.defaultExtensionsIfInstalledLocally.description":"Configure la lista de extensiones que se van a instalar al crear un contenedor si ya están instaladas localmente.","configuration.defaultExtensionsIfInstalledLocally.errorMessage":"Se esperaba el formato '${publisher}.${name}'. Ejemplo: 'vscode.csharp'.","configuration.defaultFeatures":"Configura la lista de características a instalar siempre al crear un contenedor.","configuration.dockerComposePath.deprecationMessage":"Utilice \"dev.containers.dockerComposePath\" en su lugar.","configuration.dockerComposePath.description":"Nombre o ruta del ejecutable de Docker Compose.","configuration.dockerComposePath.markdownDeprecationMessage":"Use `#dev.containers.dockerComposePath#` instead.","configuration.dockerCredentialHelper.markdownDescription":"Controla si un ayudante de credenciales debe registrarse como \"credStore\" en la configuración de Docker (\"~/.docker/config.json\") de los contenedores dev. Esto no sobrescribirá una entrada \"credStore\" existente en el archivo de configuración.","configuration.dockerPath.deprecationMessage":"Utilice \"dev.containers.dockerPath\" en su lugar.","configuration.dockerPath.description":"Nombre o ruta del ejecutable de Docker (o Podman).","configuration.dockerPath.markdownDeprecationMessage":"Utilice \"#dev.containers.dockerPath#\" en su lugar.","configuration.dockerSocketPath.description":"Ruta de acceso del socket de Docker. Se usa, por ejemplo, al conectarse a un contenedor de desarrollo con devcontainer.json en un volumen de Docker.","configuration.dotfiles.installCommand.deprecationMessage":"Utilice \"dotfiles.installCommand\" en su lugar.","configuration.dotfiles.installCommand.description":"El comando a ejecutar después de clonar el repositorio dotfiles. Por defecto ejecuta el primer archivo de \"install.sh\", \"install\", \"bootstrap.s\", \"bootstrap\", \"setup.sh\" y \"setup\" que se encuentre en la carpeta raíz del repositorio dotfiles.","configuration.dotfiles.installCommand.markdownDeprecationMessage":"Utilice \"#dotfiles.installCommand#\" en su lugar.","configuration.dotfiles.repository.deprecationMessage":"Utilice \"dotfiles.repository\" en su lugar.","configuration.dotfiles.repository.description":"URL de un repositorio Git dotfiles (por ejemplo, https://github.com/owner/repository.git) o propietario/repositorio de un repositorio GitHub.","configuration.dotfiles.repository.markdownDeprecationMessage":"Utilice \"#dotfiles.repository#\" en su lugar.","configuration.dotfiles.targetPath.deprecationMessage":"Utilice \"dotfiles.targetPath\" en su lugar.","configuration.dotfiles.targetPath.description":"La ruta para clonar el repositorio dotfiles. Por defecto es \"~/dotfiles\".","configuration.dotfiles.targetPath.markdownDeprecationMessage":"Utilice \"#dotfiles.targetPath#\" en su lugar.","configuration.executeInWSL.deprecationMessage":"Utilice \"dev.containers.executeInWSL\" en su lugar.","configuration.executeInWSL.description":"Controla si los comandos CLI deben ejecutarse siempre en WSL. Por defecto, solo se ejecutan en WSL para las carpetas del área de trabajo en WSL. Esta configuración no tiene efecto en otras plataformas que no sean Windows.","configuration.executeInWSL.markdownDeprecationMessage":"Use `#dev.containers.executeInWSL#` instead.","configuration.executeInWSLDistro.deprecationMessage":"Utilice \"dev.containers.executeInWSLDistro\" en su lugar.","configuration.executeInWSLDistro.markdownDeprecationMessage":"Use `#dev.containers.executeInWSLDistro#` instead.","configuration.executeInWSLDistro.markdownDescription":"Distribución WSL a utilizar cuando no se reabre una carpeta WSL. Por defecto se utiliza la distribución WSL por defecto (ver \"wsl -l\"). Este ajuste no tiene efecto cuando \"#dev.containers.executeInWSL#\" no está habilitado o en otras plataformas que no sean Windows.","configuration.experimentalLockfile.description":"Controla si se debe escribir un devcontainer-lock.json experimental. Esta funcionalidad es experimental y puede cambiar en el futuro.","configuration.forwardWSLServices.description":"Controla si los servicios de WSL (agente SSH, agente GPG, pantalla X, pantalla Wayland) se reenvían al contenedor. Esta configuración no tiene ningún efecto en otras plataformas que no sean Windows.","configuration.gitCredentialHelperConfigLocation.deprecationMessage":"Utilice \"dev.containers.gitCredentialHelperConfigLocation\" en su lugar.","configuration.gitCredentialHelperConfigLocation.description":"Dónde escribir la configuración para el ayudante de credenciales Git.","configuration.gitCredentialHelperConfigLocation.global":"Escribir en la configuración de usuario (`~/.gitconfig`).","configuration.gitCredentialHelperConfigLocation.markdownDeprecationMessage":"Use `#dev.containers.gitCredentialHelperConfigLocation#` instead.","configuration.gitCredentialHelperConfigLocation.none":"No establezca un ayudante de credenciales.","configuration.gitCredentialHelperConfigLocation.system":"Escribir en la configuración del sistema (\"/etc/gitconfig\", requiere acceso a la raíz).","configuration.gpuAvailability.all":"Todas las GPU están disponibles. Esto espera que el host tenga una GPU.","configuration.gpuAvailability.description":"Disponibilidad de GPU cuando un contenedor de desarrollo requiere alguna.","configuration.gpuAvailability.detect":"La disponibilidad debe detectarse automáticamente.","configuration.gpuAvailability.none":"No hay GPU disponibles.","configuration.logLevel.deprecationMessage":"Utilice \"dev.containers.logLevel\" en su lugar.","configuration.logLevel.description":"Nivel de registro de la extensión.","configuration.logLevel.markdownDeprecationMessage":"Use `#dev.containers.logLevel#` instead.","configuration.mountWaylandSocket.markdownDescription":"Controla si un socket Wayland, si existe, debe ser montado en el contenedor de desarrollo.","configuration.optimisticallyLaunchDocker.description":"De forma optimista, intenta iniciar Docker si el demonio aún no se está ejecutando.","configuration.repositoryConfigurationPaths.deprecationMessage":"Utilice \"dev.containers.repositoryConfigurationPaths\" en su lugar.","configuration.repositoryConfigurationPaths.markdownDeprecationMessage":"Use `#dev.containers.repositoryConfigurationPaths#` instead.","configuration.repositoryConfigurationPaths.markdownDescription":"Lista de rutas de acceso adicionales para buscar [configuraciones de repositorio](https://code.visualstudio.com/docs/devcontainers/create-dev-container#_alternative-repository-configuration-folders).","configuration.title":"Contenedores de desarrollo","configuration.workspaceMountConsistency.cached":"La vista del host es autoritativa.","configuration.workspaceMountConsistency.consistent":"Consistencia perfecta.","configuration.workspaceMountConsistency.delegated":"La vista del contenedor es autoritativa.","configuration.workspaceMountConsistency.deprecationMessage":"Utilice \"dev.containers.workspaceMountConsistency\" en su lugar.","configuration.workspaceMountConsistency.description":"El nivel de consistencia utilizado para el montaje del área de trabajo (los contenedores existentes deben reconstruirse para que surta efecto).","configuration.workspaceMountConsistency.markdownDeprecationMessage":"Utilice \"#dev.containers.workspaceMountConsistency#\" en su lugar.","continueEditSession.containerVolume":"Seguir trabajando en el volumen del contenedor","description":"Abra cualquier carpeta o repositorio dentro de un contenedor Docker y aproveche todas las funciones de Visual Studio Code.","displayName":"Contenedores de desarrollo","resourceLabelFormatters.attached-container.workspaceSuffix":"Contenedor","resourceLabelFormatters.dev-container.workspaceSuffix":"Contenedor de desarrollo","resourceLabelFormatters.exec.workspaceSuffix":"Exec","resourceLabelFormatters.k8s-container.workspaceSuffix":"Kubernetes","views.remote.detailsContainers":"Detalles (contenedores)","views.remote.devVolumes":"Volúmenes de desarrollo","views.remote.targetsContainers":"Contenedores de desarrollo","viewsWelcome.devVolumes.noDevVolumes":"Si hay un repositorio con el que desea trabajar puede clonarlo directamente en un volumen de contenedor.\n[Clonar repositorio en volumen contenedor](command:remote-containers.openRepositoryInUniqueVolume)\n","viewsWelcome.targetsContainers.needsDockerStartOrInstall":"Empiece a usar los contenedores [instalando Docker](command:remote-containers.installDocker) o visitando la [help view](command:~remote.helpPanel.focus). [Actualice](command:remote-containers.explorerTargetsRefresh) después de la instalación y el arranque.","viewsWelcome.targetsContainers.needsSSHCredentials":"[Refresh](command:remote-containers.explorerTargetsRefresh) para proporcionar las credenciales SSH.","viewsWelcome.targetsContainers.noContainersWithFolder":"Empiece a usar los contenedores ejecutando uno de los comandos [Dev Containers](command:remote-containers.newContainer).\nPuede [reabrir la carpeta actual en un contenedor](command:remote-containers.reopenInContainer), o abrir otra carpeta en un contenedor.\n[Abrir una carpeta en un contenedor](command:remote-containers.openFolder)\nSi es nuevo en el mundo de los contenedores y desea [probar un ejemplo](command:remote-containers.trySample), hay varios para elegir.","viewsWelcome.targetsContainers.noContainersWithoutFolder":"Empiece a usar los contenedores ejecutando uno de los comandos [Dev Containers](command:remote-containers.newContainer).\nPuede abrir una carpeta existente en un contenedor.\n[Abrir carpeta en un contenedor](command:remote-containers.openFolder)\nSi es nuevo en el mundo de los contenedores y desea [probar un ejemplo](command:remote-containers.trySample), hay varios para elegir."}
