7	2023	02	19	テストページ7	"{{{<p>console.log('スクリプト')</p><h2 class=""heading2"">The three greatest things you learn from traveling</h2><p><a href=""%_relative_web_dir_%7/【二次健診】依頼状2.pdf"" target=""_blank"" rel=""noopener noreferrer"">【二次健診】依頼状2.pdf</a></p><p>&nbsp;</p><p><a target=""_blank"" rel=""noopener noreferrer"" href=""%_relative_web_dir_%7/course.pdf"">course.pdf</a></p><p>&nbsp;</p><p><span style=""background-color:hsl(30,75%,70%);"">Like all the great things</span> on <span style=""background-color:hsl(60,75%,70%);"">earth traveling</span> <span style=""background-color:hsl(90,75%,70%);"">teaches us by </span>example. <span style=""background-color:hsl(120,75%,70%);"">Here are some</span> <span style=""background-color:hsl(150,75%,70%);"">of the most </span><span style=""background-color:hsl(180,75%,70%);"">precious</span> <span style=""background-color:hsl(210,75%,70%);"">lessons</span> <span style=""background-color:hsl(240,75%,70%);"">I’ve learned</span> over the <span style=""background-color:hsl(270,75%,70%);"">years of</span> traveling.</p><figure class=""image image_resized"" style=""width:48.06%;""><img src=""%_relative_web_dir_%7/24921147_m.jpg""></figure><h3 class=""heading3"">Appreciation of diversity</h3><figure class=""image image-style-side""><img src=""%_relative_web_dir_%7/volcano.jpg""><figcaption>Leaving your comfort zone might lead you to such beautiful sceneries like this one.</figcaption></figure><p>&nbsp;</p><p><span style=""background-color:hsl(30,75%,70%);"">Getting used</span> <span style=""background-color:hsl(0,75%,70%);"">to an entirely</span> <mark class=""marker-yellow"">different culture</mark> can <mark class=""marker-green"">be challenging.</mark> While it’s also nice to learn about cultures online or from books, nothing comes close to experiencing cultural diversity in person. You learn to appreciate each and every single one of the differences while you become more culturally fluid.</p><p>&nbsp;</p><p>&nbsp;</p><p>The real voyage of discovery consists not in seeking new landscapes, but having new eyes.</p><p>&nbsp;</p><p><strong>Marcel Proust</strong></p><p>&nbsp;</p><h2>Improvisation</h2><p>Life doesn't allow us to execute every single plan perfectly. This especially seems to be the case when you travel. You plan it down to every minute with a big checklist. But when it comes to executing it, something always comes up and you’re left with your improvising skills. You learn to adapt as you go. Here’s how my travel checklist looks now:</p><p>&nbsp;</p><ul><li>buy the ticket</li><li>start your adventure</li></ul><p>&nbsp;</p><ul style=""list-style-type:square;""><li style=""list-style-type:square;"">buy the ticket</li><li style=""list-style-type:square;"">start your adventure</li><li style=""list-style-type:square;"">buy the ticket</li><li style=""list-style-type:square;"">start your adventure</li></ul><p>&nbsp;</p><ol style=""list-style-type:upper-latin;""><li style=""list-style-type:upper-latin;"">buy the ticket</li><li style=""list-style-type:upper-latin;"">buy the ticket</li><li style=""list-style-type:upper-latin;"">buy the ticket</li><li style=""list-style-type:upper-latin;"">buy the ticket</li></ol><p><a target=""_blank"" rel=""noopener noreferrer"" href=""https://ckeditor.com/docs/ckeditor5/latest/api/module_font_fontbackgroundcolor-FontBackgroundColorConfig.html#member-colors"">hfontcolor</a></p><p>&nbsp;</p><h2>Confidence</h2><figure class=""image image-style-side""><img src=""%_relative_web_dir_%7/umbrellas.jpg""><figcaption>Leaving your comfort zone might lead you to such beautiful sceneries like this one.</figcaption></figure><p>Going to a new place can be quite terrifying. While change and uncertainty make us scared, traveling teaches us how ridiculous it is to be afraid of something before it happens. The moment you face your fear and see there is nothing to be afraid of, is the moment you discover bliss.</p>}}}"	7	"ツールバーまとめ.png
ツールバーまとめ.png
【二次健診】依頼状2.pdf
【二次健診】依頼状2.pdf
"		volcano.jpg	umbrellas.jpg	24921147_m.jpg										入試										
