8	2023	02	28	テストページ8	"{{{<p><a href=""%_relative_web_dir_%8/iraizyo.pdf"" target=""_blank"" rel=""noopener noreferrer"">iraizyo.pdf</a></p><p>&nbsp;</p><p><a href=""%_relative_web_dir_%8/keirozu.pdf"" target=""_blank"" rel=""noopener noreferrer"">keirozu.pdf</a></p><p>&nbsp;</p><p><a target=""_blank"" rel=""noopener noreferrer"" href=""%_relative_web_dir_%8/taiou.pdf"">対応マニュアル</a></p>}}}"	8	"【二次健診】依頼状2.pdf
【二次健診】依頼状2.pdf
zend_extention.png
zend_extention.png
WebMaker_マニュアル.pdf
WebMaker_マニュアル.pdf
s_zend_extention.png
s_zend_extention.png
iraizyo.pdf
iraizyo.pdf
keirozu.pdf
keirozu.pdf
"																								
