1	2023	02	18	テストページ1		1						☆【健診前～健診当日】＿対応について.pdf					☆【健診前～健診当日】＿対応について.pdf														
2	2023	02	18	テストページ2		2	"1_健診コース設定表..pdf
1_健診コース設定表..pdf
0-07.png
0-07.png
0-08.png
0-08.png
0-07-s8S4Z3.png
0-07-s8S4Z3.png
"		0-01-wtHLU0.png	0-02-rdUNg1.png	0-03-Gguyb2.png		0-04-diBQ03.png																		
3	2023	02	19	テストページ3		3															その他								.none		
4	2023	02	19	テストページ4		5															その他										
5	2023	02	19	テストページ5		4						0-02.png					0-02.png												.none		
6	2023	02	19	テストページ6		6															イベント										
7	2023	02	19	テストページ7		7	"ツールバーまとめ.png
ツールバーまとめ.png
【二次健診】依頼状2.pdf
【二次健診】依頼状2.pdf
course.pdf
course.pdf
"		volcano.jpg	umbrellas.jpg	24921147_m.jpg										入試										
8	2023	02	28	テストページ8		8	"【二次健診】依頼状2.pdf
【二次健診】依頼状2.pdf
zend_extention.png
zend_extention.png
WebMaker_マニュアル.pdf
WebMaker_マニュアル.pdf
s_zend_extention.png
s_zend_extention.png
iraizyo.pdf
iraizyo.pdf
keirozu.pdf
keirozu.pdf
taiou.pdf
対応マニュアル
"																								
