{"guide":"001.guide","js":"002.js","php":"003.php","python":"004.python","docker":"005.docker","laravel":"006.laravel","regular_expression":"007.regular_expression","sql":"008.sql","library":"009.library","daichi":"010.daichi","python_kabukaMsg":"011.python_kabukaMsg","vscode":"012.vscode","vue3":"013.vue3","vite":"014.vite","bootstrap5":"015.bootstrap5","nuxt3":"016.nuxt3","nodejs":"017.nodejs","chrome":"018.chrome","gulp":"019.gulp","xampp":"020.xampp","css":"021.css","sass":"022.sass","design":"023.design","twig":"024.twig","slimBook":"025.slimBook","slim_youtubeLesson":"026.slim_youtubeLesson","siteGene":"027.siteGene","slim":"028.slim","fromNowSlim":"029.fromNowSlim","tv_movie_list":"030.tv_movie_list","profile_admin":"031.profile_admin","npm-script":"032.npm-script","windows":"033.windows","computer":"034.computer","excel":"035.excel","word_pad":"036.word_pad","virtual":"037.virtual","grav":"038.grav","wordpress":"039.wordpress","commamd":"040.commamd","webword":"041.webword","oldTemp":"042.oldTemp"}