[{"identifier":{"id":"codelios.dartsass","uuid":"1fac0b1d-a496-4edb-8c64-95ece780dffc"},"version":"0.9.2","location":{"$mid":1,"path":"/c:/Users/y-hir/.vscode/extensions/codelios.dartsass-0.9.2","scheme":"file"},"relativeLocation":"codelios.dartsass-0.9.2","metadata":{"id":"1fac0b1d-a496-4edb-8c64-95ece780dffc","publisherId":"ba5e7152-a8e2-479a-9fda-b7b4ba1a9fa9","publisherDisplayName":"codelios","targetPlatform":"undefined","isApplicationScoped":false,"updated":false,"isPreReleaseVersion":false,"installedTimestamp":1673739851994,"preRelease":false}},{"identifier":{"id":"ritwickdey.liveserver","uuid":"b63c44fd-0457-4696-99e9-dbfdf70d77de"},"version":"5.7.9","location":{"$mid":1,"path":"/c:/Users/y-hir/.vscode/extensions/ritwickdey.liveserver-5.7.9","scheme":"file"},"relativeLocation":"ritwickdey.liveserver-5.7.9","metadata":{"id":"b63c44fd-0457-4696-99e9-dbfdf70d77de","publisherId":"17fd9a78-e430-4a78-add2-ade4a8830352","publisherDisplayName":"Ritwick Dey","targetPlatform":"undefined","isApplicationScoped":false,"updated":false,"isPreReleaseVersion":false,"installedTimestamp":1675203798751,"preRelease":false}},{"identifier":{"id":"xdebug.php-pack","uuid":"1a9300c9-36a6-44d1-9d09-ada3641b8727"},"version":"1.0.3","location":{"$mid":1,"path":"/c:/Users/y-hir/.vscode/extensions/xdebug.php-pack-1.0.3","scheme":"file"},"relativeLocation":"xdebug.php-pack-1.0.3","metadata":{"id":"1a9300c9-36a6-44d1-9d09-ada3641b8727","publisherId":"0162ddc5-cb52-4b88-97e2-5272419cd6cd","publisherDisplayName":"Xdebug","targetPlatform":"undefined","isApplicationScoped":false,"updated":false,"isPreReleaseVersion":false,"installedTimestamp":1677293663578,"preRelease":false}},{"identifier":{"id":"brapifra.phpserver","uuid":"a8194b6b-5989-4647-a5b8-ac7085201841"},"version":"3.0.2","location":{"$mid":1,"path":"/c:/Users/y-hir/.vscode/extensions/brapifra.phpserver-3.0.2","scheme":"file"},"relativeLocation":"brapifra.phpserver-3.0.2","metadata":{"id":"a8194b6b-5989-4647-a5b8-ac7085201841","publisherId":"e6e9800f-ddad-408c-803c-302d6381770b","publisherDisplayName":"brapifra","targetPlatform":"undefined","isApplicationScoped":false,"updated":false,"isPreReleaseVersion":false,"installedTimestamp":1677308088282,"preRelease":false}},{"identifier":{"id":"mrmlnc.vscode-duplicate","uuid":"03944bdc-9bcb-4ac2-b9b3-fdb050dd43e4"},"version":"1.2.1","location":{"$mid":1,"path":"/c:/Users/y-hir/.vscode/extensions/mrmlnc.vscode-duplicate-1.2.1","scheme":"file"},"relativeLocation":"mrmlnc.vscode-duplicate-1.2.1","metadata":{"id":"03944bdc-9bcb-4ac2-b9b3-fdb050dd43e4","publisherId":"c958976e-9702-4f1a-8bdf-26b7bc012d65","publisherDisplayName":"mrmlnc","targetPlatform":"undefined","updated":false,"isPreReleaseVersion":false,"installedTimestamp":1685921434343,"preRelease":false}},{"identifier":{"id":"mblode.twig-language-2","uuid":"bfcc4184-7b55-410e-a012-20ee54be9264"},"version":"0.9.4","location":{"$mid":1,"path":"/c:/Users/y-hir/.vscode/extensions/mblode.twig-language-2-0.9.4","scheme":"file"},"relativeLocation":"mblode.twig-language-2-0.9.4","metadata":{"id":"bfcc4184-7b55-410e-a012-20ee54be9264","publisherId":"74a8f70d-25a2-4075-b9bf-93b73e0439f6","publisherDisplayName":"mblode","targetPlatform":"undefined","updated":false,"isPreReleaseVersion":false,"installedTimestamp":1700347956285,"preRelease":false}},{"identifier":{"id":"alefragnani.bookmarks","uuid":"b689fcc8-d494-4dbf-a228-2c694a578afc"},"version":"13.5.0","location":{"$mid":1,"path":"/c:/Users/y-hir/.vscode/extensions/alefragnani.bookmarks-13.5.0","scheme":"file"},"relativeLocation":"alefragnani.bookmarks-13.5.0","metadata":{"id":"b689fcc8-d494-4dbf-a228-2c694a578afc","publisherId":"3fbdef65-bdf5-4723-aeaf-9e12a50546ef","publisherDisplayName":"Alessandro Fragnani","targetPlatform":"undefined","isApplicationScoped":false,"updated":true,"isPreReleaseVersion":false,"hasPreReleaseVersion":false,"installedTimestamp":1712529098273,"pinned":false,"preRelease":false,"source":"gallery"}},{"identifier":{"id":"xdebug.php-debug","uuid":"044b4b31-2969-4af3-895d-855433b8b46d"},"version":"1.35.0","location":{"$mid":1,"path":"/c:/Users/y-hir/.vscode/extensions/xdebug.php-debug-1.35.0","scheme":"file"},"relativeLocation":"xdebug.php-debug-1.35.0","metadata":{"isApplicationScoped":false,"isMachineScoped":false,"isBuiltin":false,"installedTimestamp":1721081624082,"pinned":false,"source":"gallery","id":"044b4b31-2969-4af3-895d-855433b8b46d","publisherId":"0162ddc5-cb52-4b88-97e2-5272419cd6cd","publisherDisplayName":"Xdebug","targetPlatform":"undefined","updated":true,"isPreReleaseVersion":false,"hasPreReleaseVersion":false,"preRelease":false}},{"identifier":{"id":"onecentlin.laravel-blade","uuid":"3b58a227-618a-4b57-a06b-6984a2a8d1ba"},"version":"1.36.1","location":{"$mid":1,"path":"/c:/Users/y-hir/.vscode/extensions/onecentlin.laravel-blade-1.36.1","scheme":"file"},"relativeLocation":"onecentlin.laravel-blade-1.36.1","metadata":{"installedTimestamp":1722585504586,"pinned":false,"source":"gallery","id":"3b58a227-618a-4b57-a06b-6984a2a8d1ba","publisherId":"ae5a5701-dff3-41f0-bdb1-adbf4a18997b","publisherDisplayName":"Winnie Lin","targetPlatform":"undefined","updated":false,"isPreReleaseVersion":false,"hasPreReleaseVersion":false}},{"identifier":{"id":"ms-vscode-remote.remote-wsl","uuid":"f0c5397b-d357-4197-99f0-cb4202f22818"},"version":"0.88.5","location":{"$mid":1,"path":"/c:/Users/y-hir/.vscode/extensions/ms-vscode-remote.remote-wsl-0.88.5","scheme":"file"},"relativeLocation":"ms-vscode-remote.remote-wsl-0.88.5","metadata":{"isApplicationScoped":false,"isMachineScoped":false,"isBuiltin":false,"installedTimestamp":1730326103325,"pinned":false,"source":"gallery","id":"f0c5397b-d357-4197-99f0-cb4202f22818","publisherId":"ac9410a2-0d75-40ec-90de-b59bb705801d","publisherDisplayName":"Microsoft","targetPlatform":"undefined","updated":true,"isPreReleaseVersion":false,"hasPreReleaseVersion":false,"preRelease":false}},{"identifier":{"id":"ms-vscode-remote.remote-containers","uuid":"93ce222b-5f6f-49b7-9ab1-a0463c6238df"},"version":"0.397.0","location":{"$mid":1,"path":"/c:/Users/y-hir/.vscode/extensions/ms-vscode-remote.remote-containers-0.397.0","scheme":"file"},"relativeLocation":"ms-vscode-remote.remote-containers-0.397.0","metadata":{"isApplicationScoped":false,"isMachineScoped":false,"isBuiltin":false,"installedTimestamp":1738878429516,"pinned":false,"source":"gallery","id":"93ce222b-5f6f-49b7-9ab1-a0463c6238df","publisherId":"ac9410a2-0d75-40ec-90de-b59bb705801d","publisherDisplayName":"Microsoft","targetPlatform":"undefined","updated":true,"isPreReleaseVersion":false,"hasPreReleaseVersion":false,"preRelease":false}},{"identifier":{"id":"ms-ceintl.vscode-language-pack-ja"},"version":"1.97.2025021209","location":{"$mid":1,"path":"/c:/Users/y-hir/.vscode/extensions/ms-ceintl.vscode-language-pack-ja-1.97.2025021209","scheme":"file"},"relativeLocation":"ms-ceintl.vscode-language-pack-ja-1.97.2025021209","metadata":{"isApplicationScoped":true,"isMachineScoped":false,"isBuiltin":false,"installedTimestamp":1739399112197,"pinned":false,"source":"gallery","id":"077515fe-1509-49c0-9dcc-5511b41682fc","publisherId":"0b0882c3-aee3-4d7c-b5f9-872f9be0a115","publisherDisplayName":"Microsoft","targetPlatform":"undefined","updated":true,"isPreReleaseVersion":false,"hasPreReleaseVersion":false,"preRelease":false}},{"identifier":{"id":"yzhang.markdown-all-in-one"},"version":"3.6.2","location":{"$mid":1,"path":"/c:/Users/y-hir/.vscode/extensions/yzhang.markdown-all-in-one-3.6.2","scheme":"file"},"relativeLocation":"yzhang.markdown-all-in-one-3.6.2","metadata":{"installedTimestamp":1739656338505,"pinned":false,"source":"gallery","id":"98790d67-10fa-497c-9113-f6c7489207b2","publisherId":"36c8b41c-6ef6-4bf5-a5b7-65bef29b606f","publisherDisplayName":"Yu Zhang","targetPlatform":"undefined","updated":false,"isPreReleaseVersion":false,"hasPreReleaseVersion":false}},{"identifier":{"id":"vue.volar"},"version":"2.2.4","location":{"$mid":1,"path":"/c:/Users/y-hir/.vscode/extensions/vue.volar-2.2.4","scheme":"file"},"relativeLocation":"vue.volar-2.2.4","metadata":{"isApplicationScoped":false,"isMachineScoped":false,"isBuiltin":false,"installedTimestamp":1740351728130,"pinned":false,"source":"gallery","id":"a95ee795-1576-4ffa-acda-8d6e6a95c584","publisherId":"49983e2f-38ad-4441-beea-d678b53d0549","publisherDisplayName":"Vue","targetPlatform":"undefined","updated":true,"isPreReleaseVersion":false,"hasPreReleaseVersion":false,"preRelease":false}},{"identifier":{"id":"redhat.vscode-yaml"},"version":"1.16.0","location":{"$mid":1,"path":"/c:/Users/y-hir/.vscode/extensions/redhat.vscode-yaml-1.16.0","scheme":"file"},"relativeLocation":"redhat.vscode-yaml-1.16.0","metadata":{"installedTimestamp":1740694064524,"pinned":false,"source":"gallery","id":"2061917f-f76a-458a-8da9-f162de22b97e","publisherId":"eed56242-9699-4317-8bc7-e9f4b9bdd3ff","publisherDisplayName":"Red Hat","targetPlatform":"undefined","updated":false,"isPreReleaseVersion":false,"hasPreReleaseVersion":false}},{"identifier":{"id":"bmewburn.vscode-intelephense-client"},"version":"1.14.0","location":{"$mid":1,"fsPath":"c:\\Users\\y-hir\\.vscode\\extensions\\bmewburn.vscode-intelephense-client-1.14.0","_sep":1,"external":"file:///c%3A/Users/y-hir/.vscode/extensions/bmewburn.vscode-intelephense-client-1.14.0","path":"/c:/Users/y-hir/.vscode/extensions/bmewburn.vscode-intelephense-client-1.14.0","scheme":"file"},"relativeLocation":"bmewburn.vscode-intelephense-client-1.14.0","metadata":{"isApplicationScoped":false,"isMachineScoped":false,"isBuiltin":false,"installedTimestamp":1740715803623,"pinned":false,"source":"gallery","id":"ffda6552-0ad5-431b-a4fa-0905a7e4f3f0","publisherId":"3209eeb0-2b1a-4484-8c83-2627b29db88e","publisherDisplayName":"Ben Mewburn","targetPlatform":"undefined","updated":true,"isPreReleaseVersion":false,"hasPreReleaseVersion":false,"preRelease":false}}]