<?xml version="1.0" encoding="UTF-8"?>
<rss version="2.0">

<channel>
<title>ここにサイト名やコーナーの名前を入力</title>
<!-- link タグの中身はサイトのURLに変更して下さい -->
<link>http://www.example.com/</link>
<description>ここにサイト名やコーナーの説明を入力</description>
<language>ja</language>

<!-- image タグ（以下10行）は任意要素です。不要なら削除して下さい。 -->
<image>
	<title>ここにサイト名やコーナーの名前を入力</title>
	<!-- url タグの中身はサイトのロゴのURLに変更して下さい -->
	<url>http://www.example.com/your_site_logo.gif</url>
	<!-- link タグの中身はサイトのURLに変更して下さい -->
	<link>http://www.example.com/</link>
	<width>150</width>
	<height>150</height>
	<description>ここにサイト名やコーナーの説明を入力</description>
</image>


	<!-- 一覧繰り返しパート（旧 rss_list.txt） -->

	<item>
	<title>テストページ8</title>
	<link>http://www.example.com/sugu/webdir/11.html</link>
	<guid isPermaLink="true">http://www.example.com/sugu/webdir/11.html</guid>

	<!--
	詳細ページを作らない（＝全一覧に記事内容を掲載する）場合、
		上記2か所のURLは下記のように指定して下さい（全一覧にリンク）。
	http://www.example.com/sugu/webdir/index.html#e11
	-->

	<!-- link タグおよび guid タグ内の http から webdir/ までは、
		書き出しディレクトリまでのURLに変更して下さい。 -->

	<pubDate>Thu, 29 Dec 2022 00:00:00 +0900</pubDate>
	<description>.</description>
	</item>


	<!-- 一覧繰り返しパート（旧 rss_list.txt） -->

	<item>
	<title>テストページ8（PDFにリンク）</title>
	<link>http://www.example.com/sugu/webdir/10.html</link>
	<guid isPermaLink="true">http://www.example.com/sugu/webdir/10.html</guid>

	<!--
	詳細ページを作らない（＝全一覧に記事内容を掲載する）場合、
		上記2か所のURLは下記のように指定して下さい（全一覧にリンク）。
	http://www.example.com/sugu/webdir/index.html#e10
	-->

	<!-- link タグおよび guid タグ内の http から webdir/ までは、
		書き出しディレクトリまでのURLに変更して下さい。 -->

	<pubDate>Thu, 29 Dec 2022 00:00:00 +0900</pubDate>
	<description>.</description>
	</item>


	<!-- 一覧繰り返しパート（旧 rss_list.txt） -->

	<item>
	<title>テストページ7（PDFにリンク）</title>
	<link>http://www.example.com/sugu/webdir/9.html</link>
	<guid isPermaLink="true">http://www.example.com/sugu/webdir/9.html</guid>

	<!--
	詳細ページを作らない（＝全一覧に記事内容を掲載する）場合、
		上記2か所のURLは下記のように指定して下さい（全一覧にリンク）。
	http://www.example.com/sugu/webdir/index.html#e9
	-->

	<!-- link タグおよび guid タグ内の http から webdir/ までは、
		書き出しディレクトリまでのURLに変更して下さい。 -->

	<pubDate>Thu, 29 Dec 2022 00:00:00 +0900</pubDate>
	<description>.</description>
	</item>


	<!-- 一覧繰り返しパート（旧 rss_list.txt） -->

	<item>
	<title>テストページ2</title>
	<link>http://www.example.com/sugu/webdir/test4.html</link>
	<guid isPermaLink="true">http://www.example.com/sugu/webdir/test4.html</guid>

	<!--
	詳細ページを作らない（＝全一覧に記事内容を掲載する）場合、
		上記2か所のURLは下記のように指定して下さい（全一覧にリンク）。
	http://www.example.com/sugu/webdir/index.html#e8
	-->

	<!-- link タグおよび guid タグ内の http から webdir/ までは、
		書き出しディレクトリまでのURLに変更して下さい。 -->

	<pubDate>Thu, 29 Dec 2022 00:00:00 +0900</pubDate>
	<description>.</description>
	</item>


	<!-- 一覧繰り返しパート（旧 rss_list.txt） -->

	<item>
	<title>テストページ6</title>
	<link>http://www.example.com/sugu/webdir/20221229.html</link>
	<guid isPermaLink="true">http://www.example.com/sugu/webdir/20221229.html</guid>

	<!--
	詳細ページを作らない（＝全一覧に記事内容を掲載する）場合、
		上記2か所のURLは下記のように指定して下さい（全一覧にリンク）。
	http://www.example.com/sugu/webdir/index.html#e7
	-->

	<!-- link タグおよび guid タグ内の http から webdir/ までは、
		書き出しディレクトリまでのURLに変更して下さい。 -->

	<pubDate>Thu, 29 Dec 2022 00:00:00 +0900</pubDate>
	<description>.</description>
	</item>


	<!-- 一覧繰り返しパート（旧 rss_list.txt） -->

	<item>
	<title>テストページ5</title>
	<link>http://www.example.com/sugu/webdir/6.html</link>
	<guid isPermaLink="true">http://www.example.com/sugu/webdir/6.html</guid>

	<!--
	詳細ページを作らない（＝全一覧に記事内容を掲載する）場合、
		上記2か所のURLは下記のように指定して下さい（全一覧にリンク）。
	http://www.example.com/sugu/webdir/index.html#e6
	-->

	<!-- link タグおよび guid タグ内の http から webdir/ までは、
		書き出しディレクトリまでのURLに変更して下さい。 -->

	<pubDate>Thu, 29 Dec 2022 00:00:00 +0900</pubDate>
	<description>.</description>
	</item>


	<!-- 一覧繰り返しパート（旧 rss_list.txt） -->

	<item>
	<title>テストページ4</title>
	<link>http://www.example.com/sugu/webdir/5.html</link>
	<guid isPermaLink="true">http://www.example.com/sugu/webdir/5.html</guid>

	<!--
	詳細ページを作らない（＝全一覧に記事内容を掲載する）場合、
		上記2か所のURLは下記のように指定して下さい（全一覧にリンク）。
	http://www.example.com/sugu/webdir/index.html#e5
	-->

	<!-- link タグおよび guid タグ内の http から webdir/ までは、
		書き出しディレクトリまでのURLに変更して下さい。 -->

	<pubDate>Thu, 29 Dec 2022 00:00:00 +0900</pubDate>
	<description>.</description>
	</item>


	<!-- 一覧繰り返しパート（旧 rss_list.txt） -->

	<item>
	<title>テストページ3</title>
	<link>http://www.example.com/sugu/webdir/4.html</link>
	<guid isPermaLink="true">http://www.example.com/sugu/webdir/4.html</guid>

	<!--
	詳細ページを作らない（＝全一覧に記事内容を掲載する）場合、
		上記2か所のURLは下記のように指定して下さい（全一覧にリンク）。
	http://www.example.com/sugu/webdir/index.html#e4
	-->

	<!-- link タグおよび guid タグ内の http から webdir/ までは、
		書き出しディレクトリまでのURLに変更して下さい。 -->

	<pubDate>Thu, 29 Dec 2022 00:00:00 +0900</pubDate>
	<description>.</description>
	</item>


	<!-- 一覧繰り返しパート（旧 rss_list.txt） -->

	<item>
	<title>テストページ2</title>
	<link>http://www.example.com/sugu/webdir/3.html</link>
	<guid isPermaLink="true">http://www.example.com/sugu/webdir/3.html</guid>

	<!--
	詳細ページを作らない（＝全一覧に記事内容を掲載する）場合、
		上記2か所のURLは下記のように指定して下さい（全一覧にリンク）。
	http://www.example.com/sugu/webdir/index.html#e3
	-->

	<!-- link タグおよび guid タグ内の http から webdir/ までは、
		書き出しディレクトリまでのURLに変更して下さい。 -->

	<pubDate>Thu, 29 Dec 2022 00:00:00 +0900</pubDate>
	<description>333</description>
	</item>


	<!-- 一覧繰り返しパート（旧 rss_list.txt） -->

	<item>
	<title>テストページ1</title>
	<link>http://www.example.com/sugu/webdir/2.html</link>
	<guid isPermaLink="true">http://www.example.com/sugu/webdir/2.html</guid>

	<!--
	詳細ページを作らない（＝全一覧に記事内容を掲載する）場合、
		上記2か所のURLは下記のように指定して下さい（全一覧にリンク）。
	http://www.example.com/sugu/webdir/index.html#e2
	-->

	<!-- link タグおよび guid タグ内の http から webdir/ までは、
		書き出しディレクトリまでのURLに変更して下さい。 -->

	<pubDate>Thu, 29 Dec 2022 00:00:00 +0900</pubDate>
	<description>ああ</description>
	</item>



</channel>

<div style="font-size: x-small; color: #666666;"><hr /><a href="https://cms.sugutsukaeru.jp/" target="toolsite">すぐ使えるCMS Ver 6.0</a> (試用期間中)<br />試用期間：あと 17 日 （2022-12-30 現在）<br />（この部分の表示はライセンスキー登録後は無くなります。）
</div></rss>
