[
    {
        "date": "2025/01/25",
        "title": "ここにタイトルが入ります。ここにタイトルが入ります。ここにタイトルが入ります。"
    },
    {
        "date": "2025/01/24",
        "title": "ここにタイトルが入ります。ここにタイトルが入ります。ここにタイトルが入ります。"
    },
    {
        "date": "2025/01/23",
        "title": "ここにタイトルが入ります。ここにタイトルが入ります。ここにタイトルが入ります。"
    },
    {
        "date": "2025/01/22",
        "title": "ここにタイトルが入ります。ここにタイトルが入ります。ここにタイトルが入ります。"
    },
    {
        "date": "2025/01/21",
        "title": "ここにタイトルが入ります。ここにタイトルが入ります。ここにタイトルが入ります。"
    },
    {
        "date": "2025/01/20",
        "title": "ここにタイトルが入ります。ここにタイトルが入ります。ここにタイトルが入ります。"
    },
    {
        "date": "2025/01/19",
        "title": "ここにタイトルが入ります。ここにタイトルが入ります。ここにタイトルが入ります。"
    },
    {
        "date": "2025/01/18",
        "title": "ここにタイトルが入ります。ここにタイトルが入ります。ここにタイトルが入ります。"
    },
    {
        "date": "2025/01/17",
        "title": "ここにタイトルが入ります。ここにタイトルが入ります。ここにタイトルが入ります。"
    },
    {
        "date": "2025/01/16",
        "title": "ここにタイトルが入ります。ここにタイトルが入ります。ここにタイトルが入ります。"
    },
    {
        "date": "2025/01/15",
        "title": "ここにタイトルが入ります。ここにタイトルが入ります。ここにタイトルが入ります。"
    },
    {
        "date": "2025/01/14",
        "title": "ここにタイトルが入ります。ここにタイトルが入ります。ここにタイトルが入ります。"
    },
    {
        "date": "2025/01/13",
        "title": "ここにタイトルが入ります。ここにタイトルが入ります。ここにタイトルが入ります。"
    },
    {
        "date": "2025/01/12",
        "title": "ここにタイトルが入ります。ここにタイトルが入ります。ここにタイトルが入ります。"
    },
    {
        "date": "2025/01/11",
        "title": "ここにタイトルが入ります。ここにタイトルが入ります。ここにタイトルが入ります。"
    },
    {
        "date": "2025/01/10",
        "title": "ここにタイトルが入ります。ここにタイトルが入ります。ここにタイトルが入ります。"
    },
    {
        "date": "2025/01/09",
        "title": "ここにタイトルが入ります。ここにタイトルが入ります。ここにタイトルが入ります。"
    },
    {
        "date": "2025/01/08",
        "title": "ここにタイトルが入ります。ここにタイトルが入ります。ここにタイトルが入ります。"
    },
    {
        "date": "2025/01/07",
        "title": "ここにタイトルが入ります。ここにタイトルが入ります。ここにタイトルが入ります。"
    },
    {
        "date": "2025/01/06",
        "title": "ここにタイトルが入ります。ここにタイトルが入ります。ここにタイトルが入ります。"
    },
    {
        "date": "2025/01/05",
        "title": "ここにタイトルが入ります。ここにタイトルが入ります。ここにタイトルが入ります。"
    },
    {
        "date": "2024/12/26",
        "title": "ここにタイトルが入ります。ここにタイトルが入ります。ここにタイトルが入ります。"
    },
    {
        "date": "2024/12/25",
        "title": "ここにタイトルが入ります。ここにタイトルが入ります。ここにタイトルが入ります。"
    },
    {
        "date": "2024/12/24",
        "title": "ここにタイトルが入ります。ここにタイトルが入ります。ここにタイトルが入ります。"
    },
    {
        "date": "2024/12/23",
        "title": "ここにタイトルが入ります。ここにタイトルが入ります。ここにタイトルが入ります。"
    },
    {
        "date": "2024/12/22",
        "title": "ここにタイトルが入ります。ここにタイトルが入ります。ここにタイトルが入ります。"
    },
    {
        "date": "2024/12/21",
        "title": "ここにタイトルが入ります。ここにタイトルが入ります。ここにタイトルが入ります。"
    },
    {
        "date": "2024/12/20",
        "title": "ここにタイトルが入ります。ここにタイトルが入ります。ここにタイトルが入ります。"
    },
    {
        "date": "2024/12/19",
        "title": "ここにタイトルが入ります。ここにタイトルが入ります。ここにタイトルが入ります。"
    },
    {
        "date": "2024/12/18",
        "title": "ここにタイトルが入ります。ここにタイトルが入ります。ここにタイトルが入ります。"
    },
    {
        "date": "2024/12/17",
        "title": "ここにタイトルが入ります。ここにタイトルが入ります。ここにタイトルが入ります。"
    },
    {
        "date": "2024/12/16",
        "title": "ここにタイトルが入ります。ここにタイトルが入ります。ここにタイトルが入ります。"
    },
    {
        "date": "2024/12/15",
        "title": "ここにタイトルが入ります。ここにタイトルが入ります。ここにタイトルが入ります。"
    },
    {
        "date": "2024/12/14",
        "title": "ここにタイトルが入ります。ここにタイトルが入ります。ここにタイトルが入ります。"
    },
    {
        "date": "2024/12/13",
        "title": "ここにタイトルが入ります。ここにタイトルが入ります。ここにタイトルが入ります。"
    },
    {
        "date": "2024/12/12",
        "title": "ここにタイトルが入ります。ここにタイトルが入ります。ここにタイトルが入ります。"
    },
    {
        "date": "2024/12/11",
        "title": "ここにタイトルが入ります。ここにタイトルが入ります。ここにタイトルが入ります。"
    },
    {
        "date": "2024/12/10",
        "title": "ここにタイトルが入ります。ここにタイトルが入ります。ここにタイトルが入ります。"
    },
    {
        "date": "2024/12/11",
        "title": "ここにタイトルが入ります。ここにタイトルが入ります。ここにタイトルが入ります。"
    },
    {
        "date": "2024/12/10",
        "title": "ここにタイトルが入ります。ここにタイトルが入ります。ここにタイトルが入ります。"
    },
    {
        "date": "2024/12/09",
        "title": "ここにタイトルが入ります。ここにタイトルが入ります。ここにタイトルが入ります。"
    },
    {
        "date": "2024/12/08",
        "title": "ここにタイトルが入ります。ここにタイトルが入ります。ここにタイトルが入ります。"
    },
    {
        "date": "2024/12/07",
        "title": "ここにタイトルが入ります。ここにタイトルが入ります。ここにタイトルが入ります。"
    },
    {
        "date": "2024/12/06",
        "title": "ここにタイトルが入ります。ここにタイトルが入ります。ここにタイトルが入ります。"
    },
    {
        "date": "2024/12/05",
        "title": "ここにタイトルが入ります。ここにタイトルが入ります。ここにタイトルが入ります。"
    },
    {
        "date": "2024/12/04",
        "title": "ここにタイトルが入ります。ここにタイトルが入ります。ここにタイトルが入ります。"
    },
    {
        "date": "2024/12/03",
        "title": "ここにタイトルが入ります。ここにタイトルが入ります。ここにタイトルが入ります。"
    },
    {
        "date": "2024/12/02",
        "title": "ここにタイトルが入ります。ここにタイトルが入ります。ここにタイトルが入ります。"
    },
    {
        "date": "2024/12/01",
        "title": "ここにタイトルが入ります。ここにタイトルが入ります。ここにタイトルが入ります。"
    },
    {
        "date": "2024/11/30",
        "title": "ここにタイトルが入ります。ここにタイトルが入ります。ここにタイトルが入ります。"
    },
    {
        "date": "2024/11/29",
        "title": "ここにタイトルが入ります。ここにタイトルが入ります。ここにタイトルが入ります。"
    },
    {
        "date": "2024/11/28",
        "title": "ここにタイトルが入ります。ここにタイトルが入ります。ここにタイトルが入ります。"
    },
    {
        "date": "2024/11/27",
        "title": "ここにタイトルが入ります。ここにタイトルが入ります。ここにタイトルが入ります。"
    },
    {
        "date": "2024/11/26",
        "title": "ここにタイトルが入ります。ここにタイトルが入ります。ここにタイトルが入ります。"
    },
    {
        "date": "2024/11/25",
        "title": "ここにタイトルが入ります。ここにタイトルが入ります。ここにタイトルが入ります。"
    },
    {
        "date": "2024/11/24",
        "title": "ここにタイトルが入ります。ここにタイトルが入ります。ここにタイトルが入ります。"
    },
    {
        "date": "2024/11/23",
        "title": "ここにタイトルが入ります。ここにタイトルが入ります。ここにタイトルが入ります。"
    },
    {
        "date": "2024/11/22",
        "title": "ここにタイトルが入ります。ここにタイトルが入ります。ここにタイトルが入ります。"
    },
    {
        "date": "2024/11/21",
        "title": "ここにタイトルが入ります。ここにタイトルが入ります。ここにタイトルが入ります。"
    },
    {
        "date": "2024/11/20",
        "title": "ここにタイトルが入ります。ここにタイトルが入ります。ここにタイトルが入ります。"
    },
    {
        "date": "2024/11/19",
        "title": "ここにタイトルが入ります。ここにタイトルが入ります。ここにタイトルが入ります。"
    },
    {
        "date": "2024/11/18",
        "title": "ここにタイトルが入ります。ここにタイトルが入ります。ここにタイトルが入ります。"
    },
    {
        "date": "2024/11/17",
        "title": "ここにタイトルが入ります。ここにタイトルが入ります。ここにタイトルが入ります。"
    },
    {
        "date": "2024/11/16",
        "title": "ここにタイトルが入ります。ここにタイトルが入ります。ここにタイトルが入ります。"
    },
    {
        "date": "2024/11/15",
        "title": "ここにタイトルが入ります。ここにタイトルが入ります。ここにタイトルが入ります。"
    },
    {
        "date": "2024/11/14",
        "title": "ここにタイトルが入ります。ここにタイトルが入ります。ここにタイトルが入ります。"
    },
    {
        "date": "2024/11/13",
        "title": "ここにタイトルが入ります。ここにタイトルが入ります。ここにタイトルが入ります。"
    },
    {
        "date": "2024/11/12",
        "title": "ここにタイトルが入ります。ここにタイトルが入ります。ここにタイトルが入ります。"
    },
    {
        "date": "2024/11/11",
        "title": "ここにタイトルが入ります。ここにタイトルが入ります。ここにタイトルが入ります。"
    },
    {
        "date": "2024/11/10",
        "title": "ここにタイトルが入ります。ここにタイトルが入ります。ここにタイトルが入ります。"
    },
    {
        "date": "2024/11/09",
        "title": "ここにタイトルが入ります。ここにタイトルが入ります。ここにタイトルが入ります。"
    },
    {
        "date": "2024/11/08",
        "title": "ここにタイトルが入ります。ここにタイトルが入ります。ここにタイトルが入ります。"
    },
    {
        "date": "2024/11/07",
        "title": "ここにタイトルが入ります。ここにタイトルが入ります。ここにタイトルが入ります。"
    },
    {
        "date": "2024/11/06",
        "title": "ここにタイトルが入ります。ここにタイトルが入ります。ここにタイトルが入ります。"
    },
    {
        "date": "2024/11/05",
        "title": "ここにタイトルが入ります。ここにタイトルが入ります。ここにタイトルが入ります。"
    },
    {
        "date": "2024/11/04",
        "title": "ここにタイトルが入ります。ここにタイトルが入ります。ここにタイトルが入ります。"
    },
    {
        "date": "2024/11/03",
        "title": "ここにタイトルが入ります。ここにタイトルが入ります。ここにタイトルが入ります。"
    },
    {
        "date": "2024/11/02",
        "title": "ここにタイトルが入ります。ここにタイトルが入ります。ここにタイトルが入ります。"
    },
    {
        "date": "2024/11/01",
        "title": "ここにタイトルが入ります。ここにタイトルが入ります。ここにタイトルが入ります。"
    },
    {
        "date": "2024/10/31",
        "title": "ここにタイトルが入ります。ここにタイトルが入ります。ここにタイトルが入ります。"
    },
    {
        "date": "2024/10/30",
        "title": "ここにタイトルが入ります。ここにタイトルが入ります。ここにタイトルが入ります。"
    },
    {
        "date": "2024/10/29",
        "title": "ここにタイトルが入ります。ここにタイトルが入ります。ここにタイトルが入ります。"
    },
    {
        "date": "2024/10/28",
        "title": "ここにタイトルが入ります。ここにタイトルが入ります。ここにタイトルが入ります。"
    },
    {
        "date": "2024/10/27",
        "title": "ここにタイトルが入ります。ここにタイトルが入ります。ここにタイトルが入ります。"
    },
    {
        "date": "2024/10/26",
        "title": "ここにタイトルが入ります。ここにタイトルが入ります。ここにタイトルが入ります。"
    },
    {
        "date": "2024/10/25",
        "title": "ここにタイトルが入ります。ここにタイトルが入ります。ここにタイトルが入ります。"
    },
    {
        "date": "2024/10/24",
        "title": "ここにタイトルが入ります。ここにタイトルが入ります。ここにタイトルが入ります。"
    },
    {
        "date": "2024/10/23",
        "title": "ここにタイトルが入ります。ここにタイトルが入ります。ここにタイトルが入ります。"
    },
    {
        "date": "2024/10/22",
        "title": "ここにタイトルが入ります。ここにタイトルが入ります。ここにタイトルが入ります。"
    },
    {
        "date": "2024/10/21",
        "title": "ここにタイトルが入ります。ここにタイトルが入ります。ここにタイトルが入ります。"
    },
    {
        "date": "2024/10/20",
        "title": "ここにタイトルが入ります。ここにタイトルが入ります。ここにタイトルが入ります。"
    },
    {
        "date": "2024/10/19",
        "title": "ここにタイトルが入ります。ここにタイトルが入ります。ここにタイトルが入ります。"
    },
    {
        "date": "2024/10/18",
        "title": "ここにタイトルが入ります。ここにタイトルが入ります。ここにタイトルが入ります。"
    },
    {
        "date": "2024/10/17",
        "title": "ここにタイトルが入ります。ここにタイトルが入ります。ここにタイトルが入ります。"
    },
    {
        "date": "2024/10/16",
        "title": "ここにタイトルが入ります。ここにタイトルが入ります。ここにタイトルが入ります。"
    },
    {
        "date": "2024/10/15",
        "title": "ここにタイトルが入ります。ここにタイトルが入ります。ここにタイトルが入ります。"
    },
    {
        "date": "2024/10/14",
        "title": "ここにタイトルが入ります。ここにタイトルが入ります。ここにタイトルが入ります。"
    },
    {
        "date": "2024/10/13",
        "title": "ここにタイトルが入ります。ここにタイトルが入ります。ここにタイトルが入ります。"
    },
    {
        "date": "2024/10/12",
        "title": "ここにタイトルが入ります。ここにタイトルが入ります。ここにタイトルが入ります。"
    },
    {
        "date": "2024/10/11",
        "title": "ここにタイトルが入ります。ここにタイトルが入ります。ここにタイトルが入ります。"
    },
    {
        "date": "2024/10/10",
        "title": "ここにタイトルが入ります。ここにタイトルが入ります。ここにタイトルが入ります。"
    },
    {
        "date": "2024/10/09",
        "title": "ここにタイトルが入ります。ここにタイトルが入ります。ここにタイトルが入ります。"
    },
    {
        "date": "2024/10/08",
        "title": "ここにタイトルが入ります。ここにタイトルが入ります。ここにタイトルが入ります。"
    },
    {
        "date": "2024/10/07",
        "title": "ここにタイトルが入ります。ここにタイトルが入ります。ここにタイトルが入ります。"
    },
    {
        "date": "2024/10/06",
        "title": "ここにタイトルが入ります。ここにタイトルが入ります。ここにタイトルが入ります。"
    },
    {
        "date": "2024/10/05",
        "title": "ここにタイトルが入ります。ここにタイトルが入ります。ここにタイトルが入ります。"
    },
    {
        "date": "2024/10/04",
        "title": "ここにタイトルが入ります。ここにタイトルが入ります。ここにタイトルが入ります。"
    },
    {
        "date": "2024/10/03",
        "title": "ここにタイトルが入ります。ここにタイトルが入ります。ここにタイトルが入ります。"
    },
    {
        "date": "2024/10/02",
        "title": "ここにタイトルが入ります。ここにタイトルが入ります。ここにタイトルが入ります。"
    },
    {
        "date": "2024/10/01",
        "title": "ここにタイトルが入ります。ここにタイトルが入ります。ここにタイトルが入ります。"
    },
    {
        "date": "2024/09/30",
        "title": "ここにタイトルが入ります。ここにタイトルが入ります。ここにタイトルが入ります。"
    },
    {
        "date": "2024/09/29",
        "title": "ここにタイトルが入ります。ここにタイトルが入ります。ここにタイトルが入ります。"
    },
    {
        "date": "2024/09/28",
        "title": "ここにタイトルが入ります。ここにタイトルが入ります。ここにタイトルが入ります。"
    },
    {
        "date": "2024/09/27",
        "title": "ここにタイトルが入ります。ここにタイトルが入ります。ここにタイトルが入ります。"
    },
    {
        "date": "2024/09/26",
        "title": "ここにタイトルが入ります。ここにタイトルが入ります。ここにタイトルが入ります。"
    },
    {
        "date": "2024/09/25",
        "title": "ここにタイトルが入ります。ここにタイトルが入ります。ここにタイトルが入ります。"
    }
]