<?xml version="1.0" encoding="UTF-8"?>
<rss version="2.0">

<channel>
<title>ここにサイト名やコーナーの名前を入力</title>
<!-- link タグの中身はサイトのURLに変更して下さい -->
<link>http://www.example.com/</link>
<description>ここにサイト名やコーナーの説明を入力</description>
<language>ja</language>

<!-- image タグ（以下10行）は任意要素です。不要なら削除して下さい。 -->
<image>
	<title>ここにサイト名やコーナーの名前を入力</title>
	<!-- url タグの中身はサイトのロゴのURLに変更して下さい -->
	<url>http://www.example.com/your_site_logo.gif</url>
	<!-- link タグの中身はサイトのURLに変更して下さい -->
	<link>http://www.example.com/</link>
	<width>150</width>
	<height>150</height>
	<description>ここにサイト名やコーナーの説明を入力</description>
</image>

<item>
<title>テストページ1</title>
<!-- link タグおよび guid タグ内の http から webdir/ までは、
     書き出しディレクトリまでのURLに変更して下さい。 -->
<link>http://www.example.com/sugu/webdir/1.html</link>
<guid isPermaLink="true">http://www.example.com/sugu/webdir/1.html</guid>
<pubDate>22 Jan 2023 00:00:00 +0900</pubDate>
<description>&lt;span style=&quot;background-color: rgb(255, 255, 102);&quot;&gt;ののののののののののののの&lt;/span&gt;</description>
</item>


</channel>

<div style="font-size: x-small; color: #666666;"><hr /><a href="https://cms.sugutsukaeru.jp/" target="toolsite">すぐ使えるCMS Ver 6.0</a> (試用期間中)<br />試用期間：あと 30 日 （2023-01-22 現在）<br />（この部分の表示はライセンスキー登録後は無くなります。）
</div></rss>
