<?xml version="1.0" encoding="UTF-8"?>
<rss version="2.0">

<channel>
<title>ここにサイト名やコーナーの名前を入力</title>
<!-- link タグの中身はサイトのURLに変更して下さい -->
<link>http://www.example.com/</link>
<description>ここにサイト名やコーナーの説明を入力</description>
<language>ja</language>

<!-- image タグ（以下10行）は任意要素です。不要なら削除して下さい。 -->
<image>
	<title>ここにサイト名やコーナーの名前を入力</title>
	<!-- url タグの中身はサイトのロゴのURLに変更して下さい -->
	<url>http://www.example.com/your_site_logo.gif</url>
	<!-- link タグの中身はサイトのURLに変更して下さい -->
	<link>http://www.example.com/</link>
	<width>150</width>
	<height>150</height>
	<description>ここにサイト名やコーナーの説明を入力</description>
</image>


	<!-- 一覧繰り返しパート（旧 rss_list.txt） -->

	<item>
	<title>テストページ8</title>
	<link>http://www.example.com/sugu/webdir/8.html</link>
	<guid isPermaLink="true">http://www.example.com/sugu/webdir/8.html</guid>

	<!--
	詳細ページを作らない（＝全一覧に記事内容を掲載する）場合、
		上記2か所のURLは下記のように指定して下さい（全一覧にリンク）。
	http://www.example.com/sugu/webdir/index.html#e8
	-->

	<!-- link タグおよび guid タグ内の http から webdir/ までは、
		書き出しディレクトリまでのURLに変更して下さい。 -->

	<pubDate>Tue, 28 Feb 2023 00:00:00 +0900</pubDate>
	<description>iraizyo.pdf keirozu.pdf 対応マニュアル</description>
	</item>


	<!-- 一覧繰り返しパート（旧 rss_list.txt） -->

	<item>
	<title>テストページ7</title>
	<link>http://www.example.com/sugu/webdir/7.html</link>
	<guid isPermaLink="true">http://www.example.com/sugu/webdir/7.html</guid>

	<!--
	詳細ページを作らない（＝全一覧に記事内容を掲載する）場合、
		上記2か所のURLは下記のように指定して下さい（全一覧にリンク）。
	http://www.example.com/sugu/webdir/index.html#e7
	-->

	<!-- link タグおよび guid タグ内の http から webdir/ までは、
		書き出しディレクトリまでのURLに変更して下さい。 -->

	<pubDate>Sun, 19 Feb 2023 00:00:00 +0900</pubDate>
	<description>console.log('スクリプト')The three greatest things you learn from traveling【二次健診】依頼状2.pdf course.pdf Like all the great things on earth traveling teaches us by example. Here are some of the most precious lessons I’ve learned over the years of traveling.Appreciation of diversityLeaving...</description>
	</item>


	<!-- 一覧繰り返しパート（旧 rss_list.txt） -->

	<item>
	<title>テストページ6</title>
	<link>http://www.example.com/sugu/webdir/6.html</link>
	<guid isPermaLink="true">http://www.example.com/sugu/webdir/6.html</guid>

	<!--
	詳細ページを作らない（＝全一覧に記事内容を掲載する）場合、
		上記2か所のURLは下記のように指定して下さい（全一覧にリンク）。
	http://www.example.com/sugu/webdir/index.html#e6
	-->

	<!-- link タグおよび guid タグ内の http から webdir/ までは、
		書き出しディレクトリまでのURLに変更して下さい。 -->

	<pubDate>Sun, 19 Feb 2023 00:00:00 +0900</pubDate>
	<description>Discover the riches of our editor ✨Read on to better understand the functionalities you can test with this demo. 💡 Did you know that… CKEditor is customizable. You can fine-tune the set of enabled plugins, available toolbar buttons, and the behavior of features.The editor supports @mentions. Start...</description>
	</item>


	<!-- 一覧繰り返しパート（旧 rss_list.txt） -->

	<item>
	<title>テストページ4</title>
	<link>http://www.example.com/sugu/webdir/4.html</link>
	<guid isPermaLink="true">http://www.example.com/sugu/webdir/4.html</guid>

	<!--
	詳細ページを作らない（＝全一覧に記事内容を掲載する）場合、
		上記2か所のURLは下記のように指定して下さい（全一覧にリンク）。
	http://www.example.com/sugu/webdir/index.html#e4
	-->

	<!-- link タグおよび guid タグ内の http から webdir/ までは、
		書き出しディレクトリまでのURLに変更して下さい。 -->

	<pubDate>Sun, 19 Feb 2023 00:00:00 +0900</pubDate>
	<description>のののの</description>
	</item>


	<!-- 一覧繰り返しパート（旧 rss_list.txt） -->

	<item>
	<title>テストページ5</title>
	<link>http://www.example.com/sugu/webdir/</link>
	<guid isPermaLink="true">http://www.example.com/sugu/webdir/</guid>

	<!--
	詳細ページを作らない（＝全一覧に記事内容を掲載する）場合、
		上記2か所のURLは下記のように指定して下さい（全一覧にリンク）。
	http://www.example.com/sugu/webdir/index.html#e5
	-->

	<!-- link タグおよび guid タグ内の http から webdir/ までは、
		書き出しディレクトリまでのURLに変更して下さい。 -->

	<pubDate>Sun, 19 Feb 2023 00:00:00 +0900</pubDate>
	<description>もももも</description>
	</item>


	<!-- 一覧繰り返しパート（旧 rss_list.txt） -->

	<item>
	<title>テストページ3</title>
	<link>http://www.example.com/sugu/webdir/</link>
	<guid isPermaLink="true">http://www.example.com/sugu/webdir/</guid>

	<!--
	詳細ページを作らない（＝全一覧に記事内容を掲載する）場合、
		上記2か所のURLは下記のように指定して下さい（全一覧にリンク）。
	http://www.example.com/sugu/webdir/index.html#e3
	-->

	<!-- link タグおよび guid タグ内の http から webdir/ までは、
		書き出しディレクトリまでのURLに変更して下さい。 -->

	<pubDate>Sun, 19 Feb 2023 00:00:00 +0900</pubDate>
	<description></description>
	</item>


	<!-- 一覧繰り返しパート（旧 rss_list.txt） -->

	<item>
	<title>テストページ2</title>
	<link>http://www.example.com/sugu/webdir/2.html</link>
	<guid isPermaLink="true">http://www.example.com/sugu/webdir/2.html</guid>

	<!--
	詳細ページを作らない（＝全一覧に記事内容を掲載する）場合、
		上記2か所のURLは下記のように指定して下さい（全一覧にリンク）。
	http://www.example.com/sugu/webdir/index.html#e2
	-->

	<!-- link タグおよび guid タグ内の http から webdir/ までは、
		書き出しディレクトリまでのURLに変更して下さい。 -->

	<pubDate>Sat, 18 Feb 2023 00:00:00 +0900</pubDate>
	<description> </description>
	</item>


	<!-- 一覧繰り返しパート（旧 rss_list.txt） -->

	<item>
	<title>テストページ1</title>
	<link>http://www.example.com/sugu/webdir/1.html</link>
	<guid isPermaLink="true">http://www.example.com/sugu/webdir/1.html</guid>

	<!--
	詳細ページを作らない（＝全一覧に記事内容を掲載する）場合、
		上記2か所のURLは下記のように指定して下さい（全一覧にリンク）。
	http://www.example.com/sugu/webdir/index.html#e1
	-->

	<!-- link タグおよび guid タグ内の http から webdir/ までは、
		書き出しディレクトリまでのURLに変更して下さい。 -->

	<pubDate>Sat, 18 Feb 2023 00:00:00 +0900</pubDate>
	<description></description>
	</item>



</channel>

<div style="font-size: x-small; color: #666666;"><hr /><a href="https://cms.sugutsukaeru.jp/" target="toolsite">すぐ使えるCMS Ver 6.0</a> (試用期間中)<br />試用期間：あと 17 日 （2023-03-01 現在）<br />（この部分の表示はライセンスキー登録後は無くなります。）
</div></rss>
