[
    {
        "ID": 1,
        "name": "松永力男",
        "furigana": "まつながりきお",
        "gender": "男",
        "tel": "0760904459",
        "place": "三重県"
    },
    {
        "ID": 2,
        "name": "安斉善雄",
        "furigana": "あんざいよしお",
        "gender": "男",
        "tel": "077933023",
        "place": "山梨県"
    },
    {
        "ID": 3,
        "name": "原雅典",
        "furigana": "はらまさのり",
        "gender": "男",
        "tel": "018352224",
        "place": "埼玉県"
    },
    {
        "ID": 4,
        "name": "大槻理",
        "furigana": "おおつきさとる",
        "gender": "男",
        "tel": "0977304294",
        "place": "京都府"
    },
    {
        "ID": 5,
        "name": "仲村忠夫",
        "furigana": "なかむらただお",
        "gender": "男",
        "tel": "0186229079",
        "place": "愛知県"
    },
    {
        "ID": 6,
        "name": "高原安",
        "furigana": "たかはらやすし",
        "gender": "男",
        "tel": "0940656297",
        "place": "京都府"
    },
    {
        "ID": 7,
        "name": "高村双葉",
        "furigana": "たかむらふたば",
        "gender": "女",
        "tel": "0969537972",
        "place": "群馬県"
    },
    {
        "ID": 8,
        "name": "大平照男",
        "furigana": "おおひらてるお",
        "gender": "男",
        "tel": "073480470",
        "place": "富山県"
    },
    {
        "ID": 9,
        "name": "風間岩夫",
        "furigana": "かざまいわお",
        "gender": "男",
        "tel": "0869871932",
        "place": "埼玉県"
    },
    {
        "ID": 10,
        "name": "井川佳代子",
        "furigana": "いかわかよこ",
        "gender": "女",
        "tel": "0452889074",
        "place": "岐阜県"
    },
    {
        "ID": 11,
        "name": "古沢隆夫",
        "furigana": "ふるさわたかお",
        "gender": "男",
        "tel": "0872526868",
        "place": "福島県"
    },
    {
        "ID": 12,
        "name": "乾莉奈",
        "furigana": "いぬいりな",
        "gender": "女",
        "tel": "0183287226",
        "place": "富山県"
    },
    {
        "ID": 13,
        "name": "坂下清",
        "furigana": "さかしたきよし",
        "gender": "男",
        "tel": "0278112374",
        "place": "福井県"
    },
    {
        "ID": 14,
        "name": "梶田里菜",
        "furigana": "かじたりな",
        "gender": "女",
        "tel": "0868877118",
        "place": "福井県"
    },
    {
        "ID": 15,
        "name": "木内美咲",
        "furigana": "きうちみさき",
        "gender": "女",
        "tel": "0897176672",
        "place": "秋田県"
    },
    {
        "ID": 16,
        "name": "朝倉菜々美",
        "furigana": "あさくらななみ",
        "gender": "女",
        "tel": "0883081434",
        "place": "静岡県"
    },
    {
        "ID": 17,
        "name": "齋藤美結",
        "furigana": "さいとうみゆ",
        "gender": "女",
        "tel": "0270551091",
        "place": "秋田県"
    },
    {
        "ID": 18,
        "name": "八木清香",
        "furigana": "やぎさやか",
        "gender": "女",
        "tel": "0952427932",
        "place": "沖縄県"
    },
    {
        "ID": 19,
        "name": "中川時夫",
        "furigana": "なかがわときお",
        "gender": "男",
        "tel": "0242844691",
        "place": "大分県"
    },
    {
        "ID": 20,
        "name": "北沢萌々子",
        "furigana": "きたざわももこ",
        "gender": "女",
        "tel": "0453847447",
        "place": "沖縄県"
    },
    {
        "ID": 21,
        "name": "林幸吉",
        "furigana": "はやしこうきち",
        "gender": "男",
        "tel": "0595881677",
        "place": "長崎県"
    },
    {
        "ID": 22,
        "name": "青柳彩葉",
        "furigana": "あおやぎいろは",
        "gender": "女",
        "tel": "0232316917",
        "place": "大阪府"
    },
    {
        "ID": 23,
        "name": "松川純希",
        "furigana": "まつかわじゅんき",
        "gender": "男",
        "tel": "0779951455",
        "place": "長崎県"
    },
    {
        "ID": 24,
        "name": "島田優菜",
        "furigana": "しまだゆうな",
        "gender": "女",
        "tel": "0859354579",
        "place": "富山県"
    },
    {
        "ID": 25,
        "name": "山中遼河",
        "furigana": "やまなかりょうが",
        "gender": "男",
        "tel": "0763697076",
        "place": "愛媛県"
    },
    {
        "ID": 26,
        "name": "石岡繁夫",
        "furigana": "いしおかしげお",
        "gender": "男",
        "tel": "0237271461",
        "place": "奈良県"
    },
    {
        "ID": 27,
        "name": "安斉博昭",
        "furigana": "あんざいひろあき",
        "gender": "男",
        "tel": "0733871385",
        "place": "京都府"
    },
    {
        "ID": 28,
        "name": "中山晴臣",
        "furigana": "なかやまはるおみ",
        "gender": "男",
        "tel": "0954543370",
        "place": "愛知県"
    },
    {
        "ID": 29,
        "name": "栗山千秋",
        "furigana": "くりやまちあき",
        "gender": "女",
        "tel": "059702006",
        "place": "山口県"
    },
    {
        "ID": 30,
        "name": "小柳明日香",
        "furigana": "こやなぎあすか",
        "gender": "女",
        "tel": "0868488145",
        "place": "神奈川県"
    }
]
