[
    {
        "id": "0",
        "local_place": ""
    },
    {
        "id": "1",
        "local_place": "北海道"
    },
    {
        "id": "2",
        "local_place": "青森県"
    },
    {
        "id": "3",
        "local_place": "岩手県"
    },
    {
        "id": "4",
        "local_place": "宮城県"
    },
    {
        "id": "5",
        "local_place": "秋田県"
    },
    {
        "id": "6",
        "local_place": "山形県"
    },
    {
        "id": "7",
        "local_place": "福島県"
    },
    {
        "id": "8",
        "local_place": "茨城県"
    },
    {
        "id": "9",
        "local_place": "栃木県"
    },
    {
        "id": "10",
        "local_place": "群馬県"
    },
    {
        "id": "11",
        "local_place": "埼玉県"
    },
    {
        "id": "12",
        "local_place": "千葉県"
    },
    {
        "id": "13",
        "local_place": "東京都"
    },
    {
        "id": "14",
        "local_place": "神奈川県"
    },
    {
        "id": "15",
        "local_place": "新潟県"
    },
    {
        "id": "16",
        "local_place": "富山県"
    },
    {
        "id": "17",
        "local_place": "石川県"
    },
    {
        "id": "18",
        "local_place": "福井県"
    },
    {
        "id": "19",
        "local_place": "山梨県"
    },
    {
        "id": "20",
        "local_place": "長野県"
    },
    {
        "id": "21",
        "local_place": "岐阜県"
    },
    {
        "id": "22",
        "local_place": "静岡県"
    },
    {
        "id": "23",
        "local_place": "愛知県"
    },
    {
        "id": "24",
        "local_place": "三重県"
    },
    {
        "id": "25",
        "local_place": "滋賀県"
    },
    {
        "id": "26",
        "local_place": "京都府"
    },
    {
        "id": "27",
        "local_place": "大阪府"
    },
    {
        "id": "28",
        "local_place": "兵庫県"
    },
    {
        "id": "29",
        "local_place": "奈良県"
    },
    {
        "id": "30",
        "local_place": "和歌山県"
    },
    {
        "id": "31",
        "local_place": "鳥取県"
    },
    {
        "id": "32",
        "local_place": "島根県"
    },
    {
        "id": "33",
        "local_place": "岡山県"
    },
    {
        "id": "34",
        "local_place": "広島県"
    },
    {
        "id": "35",
        "local_place": "山口県"
    },
    {
        "id": "36",
        "local_place": "徳島県"
    },
    {
        "id": "37",
        "local_place": "香川県"
    },
    {
        "id": "38",
        "local_place": "愛媛県"
    },
    {
        "id": "39",
        "local_place": "高知県"
    },
    {
        "id": "40",
        "local_place": "福岡県"
    },
    {
        "id": "41",
        "local_place": "佐賀県"
    },
    {
        "id": "42",
        "local_place": "長崎県"
    },
    {
        "id": "43",
        "local_place": "熊本県"
    },
    {
        "id": "44",
        "local_place": "大分県"
    },
    {
        "id": "45",
        "local_place": "宮崎県"
    },
    {
        "id": "46",
        "local_place": "鹿児島県"
    },
    {
        "id": "47",
        "local_place": "沖縄"
    }
]
