[
    {
        "charge_name": null,
        "depart_name": null,
        "mail": null,
        "name": "鈴木一郎",
        "position_name": "事業部長",
        "profile": null
    },
    {
        "charge_name": null,
        "depart_name": null,
        "mail": null,
        "name": "田中次郎",
        "position_name": "統括部長",
        "profile": null
    },
    {
        "charge_name": "担当D",
        "depart_name": "部門2",
        "mail": null,
        "name": "山田太郎",
        "position_name": "課長",
        "profile": null
    },
    {
        "charge_name": "担当D",
        "depart_name": "部門2",
        "mail": null,
        "name": "木村五郎",
        "position_name": "課長",
        "profile": null
    },
    {
        "charge_name": "担当C",
        "depart_name": "部門1",
        "mail": null,
        "name": "畠三郎",
        "position_name": "係長",
        "profile": null
    },
    {
        "charge_name": "担当E",
        "depart_name": "部門2",
        "mail": null,
        "name": "神田白山",
        "position_name": "社員",
        "profile": null
    },
    {
        "charge_name": "担当E",
        "depart_name": "部門2",
        "mail": null,
        "name": "原和也",
        "position_name": "社員",
        "profile": null
    },
    {
        "charge_name": "担当G",
        "depart_name": "部門3",
        "mail": null,
        "name": "藤達也",
        "position_name": "社員",
        "profile": null
    },
    {
        "charge_name": "担当A",
        "depart_name": "部門1",
        "mail": null,
        "name": "安部晋三",
        "position_name": "課長",
        "profile": null
    }
]