{"guide":"001.guide","js":"002.js","php":"003.php","python":"004.python","guide_QA":"005.guide_QA","twig":"006.twig","django":"007.django","udemy":"008.udemy","registry":"009.registry","docker":"010.docker","laravel":"011.laravel","laravelbeginner":"012.laravelbeginner","laravelPractice":"013.laravelPractice","laravelbeginner12":"014.laravelbeginner12","fess_local_setting":"015.fess_local_setting","regular_expression":"016.regular_expression","sql":"017.sql","library":"018.library","daichi":"019.daichi","python_kabukaMsg":"020.python_kabukaMsg","vscode":"021.vscode","vue3":"022.vue3","vite":"023.vite","bootstrap5":"024.bootstrap5","nuxt3":"025.nuxt3","nodejs":"026.nodejs","chrome":"027.chrome","gulp":"028.gulp","xampp":"029.xampp","css":"030.css","sass":"031.sass","design":"032.design","slimBook":"033.slimBook","slim_youtubeLesson":"034.slim_youtubeLesson","siteGene":"035.siteGene","slim":"036.slim","fromNowSlim":"037.fromNowSlim","tv_movie_list":"038.tv_movie_list","npm-script":"039.npm-script","windows":"040.windows","computer":"041.computer","excel":"042.excel","word_pad":"043.word_pad","fromNowSlim_mark":"044.fromNowSlim_mark","virtual":"045.virtual","grav":"046.grav","wordpress":"047.wordpress","commamd":"048.commamd","git":"049.git","things_to_do":"050.things_to_do","oldTemp":"051.oldTemp","sematic_search":"052.sematic_search","aaa":"053.aaa"}